,Farmacia,Producto,SKU,Normal,Oferta
0,Ahumada,Goval 3mg. Caja 30 Comp. Rec.,71628,22195.00,22195.00
1,Ahumada,Gabictal 300mg. Caja 30 Comp. Rec.,47184,29195.00,29195.00
2,Ahumada,Baby Naturals Pomada Del Pa\u00f1al Zn40 100m,89215,12499.00,12499.00
3,Ahumada,Similac 2 400gr.,66518,7599.00,7599.00
4,Ahumada,S-26 S\/Lactosa Plv. Tarr. 400 Gr.,15701,14999.00,14999.00
5,Ahumada,Similac Total Comfort Tarro 360gr.,71229,9499.00,9499.00
6,Ahumada,Pa\u00f1al Pampers Premium Care M60,89127,16599.00,16599.00
7,Ahumada,Pa\u00f1al Pampers Premium Care Xxg38,89126,16599.00,16599.00
8,Ahumada,Pomada Baby Naturals Del Pa\u00f1al Zn40 50ml,89232,8399.00,8399.00
9,Ahumada,Crema Isdin Baby Natur.Corporal 400ml,89234,17499.00,17499.00
10,Ahumada,Balsamo Baby Naturals Reparador Perioral 15 Ml,89233,8999.00,8999.00
11,Ahumada,Similac 1 400g.,66535,9399.00,9399.00
12,Ahumada,Pa\u00f1al Pampers Premium Care Xg42,89129,16599.00,16599.00
13,Ahumada,Pa\u00f1al Pampers Premium Care G54,89128,16599.00,16599.00
14,Ahumada,Shampoo Isdin Baby Naturals Gel 400ml,89231,13499.00,13499.00
15,Ahumada,Adrisin 50 Comprimidos Sublinguales,89079,16595.00,16595.00
16,Ahumada,Predual Caja 10 Comp.,17248,2595.00,2595.00
17,Ahumada,Pack Revie Revitalizador De Brillo: Shampoo + Mascara,89426,8199.00,8199.00
18,Ahumada,Pack Revie Detox Micelar: Shampoo + Acondicionador,89427,8199.00,8199.00
19,Ahumada,Pack Cicatricure Anti Manchas: Aclara Y Unifica + Vit C,89421,23999.00,23999.00
20,Ahumada,Pack Cicatricure Gold Lift: Kit Firmeza Facial,89422,29999.00,29999.00
21,Ahumada,Pack Diabetx: Kit Urea Plus+,89424,13599.00,13599.00
22,Ahumada,Pack Cicatricure Anti Edad: Piel M\u00e1s Joven,89420,17999.00,17999.00
23,Ahumada,Pack Revie Regeneracion Profunda: Shampoo + Mascara,89425,8199.00,8199.00
24,Ahumada,Tripack Petrizzio Hidrashock,89392,7299.00,7299.00
25,Ahumada,Shot B Total 60 Comprimidos,89352,14995.00,14995.00
26,Ahumada,Avene Physiolift Crema Dia Spf30 30ml,89320,30999.00,30999.00
27,Ahumada,DORTIM SOL.OFT.FCO. 6ML.,80564,29895.00,29895.00
28,Ahumada,Eteroval 120mg Caja 7comp Rec,86950,13095.00,13095.00
29,Ahumada,Urazol Cr 10 Mg. Caja 10 Comp.,40377,16395.00,16395.00
30,Ahumada,"Quimox 0,5% Sol. Oft. Fco. 5ml.",81699,26495.00,26495.00
31,Ahumada,Kredit 500mg. Caja 30 Comp.Rec,66769,20795.00,20795.00
32,Ahumada,COXEL 200 MG CAJA 30CAP,87133,22695.00,22695.00
33,Ahumada,ALFADOXIN 4MG CAJA 30 COMP.,23085,11345.00,11345.00
34,Ahumada,FLOBACT 0.3% COL. FCO. 5ML.,81683,15895.00,15895.00
35,Ahumada,Dagotil\u00a0 3mg. Caja 30 Comp.,19094,24395.00,24395.00
36,Ahumada,Qurax 25mg. Caja 30 Comp. Rec.,71241,23295.00,23295.00
37,Ahumada,Ceumid 500mg. Caja 30 Comp. Rec.,49700,29195.00,29195.00
38,Ahumada,Goval 1mg. Caja 30 Comp. Rec.,47399,16095.00,16095.00
39,Ahumada,Kredit 1000mg. Caja 30 Comp.Rec,66790,37495.00,37495.00
40,Ahumada,Menuix 1mg X 30 Comprimidos,68171,26595.00,26595.00
41,Ahumada,"Nido 1+ Sin Lactosa 1,56k",89470,15999.00,15999.00
42,Ahumada,Mascarilla 3ply Elite 20un,89370,4995.00,4995.00
43,Ahumada,Jab\u00f3n Humectante Barra 3 X 90gr,89270,2699.00,2699.00
44,Ahumada,Jab\u00f3n Humectante L\u00edquido Botella 700ml,89198,2699.00,2699.00
45,Ahumada,Jab\u00f3n Humectante L\u00edquido\u00a0 230ml,89197,2599.00,2599.00
46,Ahumada,Nan Comfort 3 800 Grs,89479,20899.00,20899.00
47,Ahumada,Olanvitae 10mg. Caja 28 Comp. Rec.,81848,29395.00,29395.00
48,Ahumada,Fluctin 150mg. Caja 4 Cap.,49547,22245.00,22245.00
49,Ahumada,Simitri 145Mg\/40Mg 30Comp Rec,87196,28795.00,28795.00
50,Ahumada,Preservativo Skyn Extra Lubricated X 6,89069,9295.00,9295.00
51,Ahumada,Fungium 2% Crem. Pomo 15gr.,9244,13595.00,13595.00
52,Ahumada,MIGRA-NEFERSIL CAJA 10 COMP.m,9989,12195.00,12195.00
53,Ahumada,Mobex 15mg. Caja 3 Amp. 1.5ml. Im.,13292,13495.00,13495.00
54,Ahumada,Nebivitae 5mg 28comp,87035,16895.00,16895.00
55,Ahumada,Azulfidine-Ect 500Mg. Caja 60 Comp Rec.,86821,62145.00,62145.00
56,Ahumada,CLOPIVITAE 75MG CAJA 28COMP REC,87339,16795.00,16795.00
57,Ahumada,Preservativo Skyn Large X 6,89068,9295.00,9295.00
58,Ahumada,Crema De Tratamiento Herbal Essence Coco 300 Ml,88516,6999.00,6999.00
59,Ahumada,Levepsy 500mg. Caja 30 Comp. Rec.,79190,15995.00,15995.00
60,Ahumada,Rosugras 20 Mg Caja 30comp Rec,83580,23995.00,23995.00
61,Ahumada,Dronaval 150mg. Caja 3 Comp. Rec.,50659,65795.00,65795.00
62,Ahumada,Ivercass Sol. Oral Gotas 0.6% X 20ml,87879,18595.00,18595.00
63,Ahumada,Haldol 5mg. Caja 25 Comp.,8284,13595.00,13595.00
64,Ahumada,LUCASTE 10 MG. 30COMP,87617,25695.00,25695.00
65,Ahumada,Veralpres 160mg. Caja 30 Comp.Rec.,73179,14195.00,14195.00
66,Ahumada,"Prostall 0,4 Mg 60Comp Rec",87773,25295.00,25295.00
67,Ahumada,REXULTI 2 MG 28COMP REC,87928,59095.00,59095.00
68,Ahumada,Micolis 1% Polvo Topico Fco. 20 Gr,9404,9495.00,9495.00
69,Ahumada,"REXULTI 0,5 MG. 28COMP REC",87924,37295.00,37295.00
70,Ahumada,DILATREND 6.25MG. CAJA 28 COMP.,15662,18595.00,18595.00
71,Ahumada,ADAPAC 0.1 % GEL DERM. POMO 30GR.,62496,19145.00,19145.00
72,Ahumada,Tenaron 15 Mg. Caja 10 Comp,17715,16695.00,16695.00
73,Ahumada,Migtal 2.5mg. Caja 2 Comp. Rec.,62030,6845.00,6845.00
74,Ahumada,"Betacort Gts Oral 0,5 Mg\/Ml 30Ml",87222,19995.00,19995.00
75,Ahumada,Tapsin 1g Efervescente X 20 Sobres,89070,8095.00,8095.00
76,Ahumada,EUROVIR 800MG. CAJA 5 COMP.,8321,12495.00,12495.00
77,Ahumada,"Rubrimet Gel Dermico 0,75%",66501,17895.00,17895.00
78,Ahumada,Meganox 100mg. Caja 30 Comp.Disper.,45679,51795.00,51795.00
79,Ahumada,Taldus 20mg 1comp,87037,12595.00,12595.00
80,Ahumada,Amlipros 5\/40 Mg Caja 30 Comp Rec,88776,17995.00,17995.00
81,Ahumada,Efficort Cr. Lipof\u00edlica X 30gr,87878,19695.00,19695.00
82,Ahumada,Haldol 2mg\/Ml Gts. Fco. 30ml.,82237,22595.00,22595.00
83,Ahumada,Olanvitae 5 Mg. Caja 28 Comp. Rec.,81846,19895.00,19895.00
84,Ahumada,Rosumed 20 Mg. Caja 30 Comp,48155,36295.00,36295.00
85,Ahumada,"Intaxel Er 0,375 Mg 30comp Lp",88831,16995.00,16995.00
86,Ahumada,"Lab.Liq.Ssmi May 5ml, Revolutionary",88179003,6349.00,6349.00
87,Ahumada,FIBROX XR 20MG. CAJA 20 COMP. REC.LP,48744,19995.00,19995.00
88,Ahumada,Reduclim 2.5Mg 35Comp,87268,24795.00,24795.00
89,Ahumada,LIPOTEN 80 MG 28COMP,87768,30595.00,30595.00
90,Ahumada,Tunta 300 Mg 30comp Rec,88582,40395.00,40395.00
91,Ahumada,Taldus 20mg 4comp,87038,23095.00,23095.00
92,Ahumada,ATEMPERATOR 200MG. CAJA 30 COMP. REC.,4382,15495.00,15495.00
93,Ahumada,Plaisance Splash Secrets 250 ml,78518003,4049.00,4049.00
94,Ahumada,Tapsin Nocturno Caja 12 Comp.Displ.,40942,1345.00,1345.00
95,Ahumada,EUROVIR 5% CRM. POMO 5 GR.,7905,9595.00,9595.00
96,Ahumada,Tram One 100Mg Caja 10 Cap. Lp.,82056,20395.00,20395.00
97,Ahumada,Chupete Mam Rep 2 Un. Ult Vent Flu3,68027,9799.00,9799.00
98,Ahumada,IRAZEM ODT 15 MG 28COMP BUCODISP,88835,49995.00,49995.00
99,Ahumada,EVIMAL 10MG. CAJA 30 COMP. REC.,37347,76295.00,76295.00
100,Ahumada,EUCERIN HYALURON FILLER CREMA D\u00cdA FPS 30 50ML,88703,30099.00,30099.00
101,Ahumada,Dexacort C Susp. Oft\u00bfLm. 10Ml,88829,22995.00,22995.00
102,Ahumada,Pharmaton Hombre 30comp,89271,12995.00,12995.00
103,Ahumada,FLARINA 35 21COMP,87320,19095.00,19095.00
104,Ahumada,Sifrol 1 Mg. Caja 30 Comp.,19295,72595.00,72595.00
105,Ahumada,Crema de Manos Lechuga Dermocuidado Urea 75g,88460,2899.00,2899.00
106,Ahumada,Hidroronol 50mg. Caja 24 Comp.,8402,5295.00,5295.00
107,Ahumada,Topivitae 50 Mg Caja 28Comp Rec,83170,25295.00,25295.00
108,Ahumada,"XINDER ESPUMA TOPICA 0,05% FCO. 60 GR.",77256,17495.00,17495.00
109,Ahumada,FIBROX XR 10MG 20 COMPRIMIDOS REC.LP,64581,11095.00,11095.00
110,Ahumada,Topivitae 100Mg Caja 28Comp Rec.,83159,36295.00,36295.00
111,Ahumada,Pharmaton Mujer 30comp,89254,14295.00,14295.00
112,Ahumada,Monoprost Sol. Oft. 50mcg\/Ml Unid.30dosi,82041,36595.00,36595.00
113,Ahumada,Tensuren 40 Mg 30Comp,88285,20995.00,20995.00
114,Ahumada,EUCERIN HYALURON FILLER ELASTICITY CREMA D\u00cdA FPS30 50ML,88701,30999.00,30999.00
115,Ahumada,Apeplus 1mg. Caja 30 Comp.,18129,27395.00,27395.00
116,Ahumada,Rosumed 10 Mg. Caja 30 Comp,48153,24895.00,24895.00
117,Ahumada,Haldol 1mg. Caja 20 Comp.,8271,7895.00,7895.00
118,Ahumada,Amlipros 10\/40 Mg Caja 30 Comp Rec,88775,15195.00,15195.00
119,Ahumada,Livertox 20mg. Caja 20 Comp. Rec.,74357,2495.00,2495.00
120,Ahumada,Natrilix 1.5mg. Caja 30 Comp. Rec.,38378,25795.00,25795.00
121,Ahumada,SALICORT LOCION CAPILAR 30ML,84493,15395.00,15395.00
122,Ahumada,Asicot 200mg. Caja 30 Comp. Rec.,47416,49095.00,49095.00
123,Ahumada,NOVAMOX CAJA 1G X 20COMP DISP,88103,12095.00,12095.00
124,Ahumada,Toalla Humeda Babysec Premium 3x45 Un,88982,3749.00,3749.00
125,Ahumada,Felsol 150mg. Caja 2 Cap.,37342,9395.00,9395.00
126,Ahumada,Hylo Fresh Sol. Oft 10Ml,85565,21595.00,21595.00
127,Ahumada,EUCERIN HYALURON FILLER ELASTICITY CONTORNO DE OJOS 15ML,88702,30999.00,30999.00
128,Ahumada,Rivasvitae 2mg\/Ml Fco. 120ml,87892,46495.00,46495.00
129,Ahumada,Topictal 50Mg. Caja 28 Comp. Rec.,50162,34295.00,34295.00
130,Ahumada,"BRIMOF 0,2% FCO 10ML",83503,29395.00,29395.00
131,Ahumada,Fluomizin Comprimidos Vaginales 6Comp,88394,23495.00,23495.00
132,Ahumada,"Lab.Liq.Ssmi May 5ml, Ring Leader",88179002,6349.00,6349.00
133,Ahumada,Plaisance Splash Classic 250 ml,78518004,4049.00,4049.00
134,Ahumada,Irbevitae 300mg Caja 28 Comp. Rec.,80818,24395.00,24395.00
135,Ahumada,COLMIBE 10MG\/10MG CAJA 30COMP,86824,33195.00,33195.00
136,Ahumada,Dionela Anticonceptivo Oral 28comp Rec,87894,7295.00,7295.00
137,Ahumada,Talflex\u00a0 50 Mg. Caja 10 Comp.Rec.,38723,7695.00,7695.00
138,Ahumada,AUSENTRON 25MG. X 30 COMP. REC.,49529,26795.00,26795.00
139,Ahumada,EUCERIN PH5 ADVANCED REPAIR TARRO 450G,88704,29299.00,29299.00
140,Ahumada,EUCERIN AQUAPHOR SPRAY 150 ML,88705,15699.00,15699.00
141,Ahumada,Toalla Humeda Pampers Rn 48un,88413,1999.00,1999.00
142,Ahumada,DESDOL CAJA 20 COMP. REC.,66500,8195.00,8195.00
143,Ahumada,Mamadera Avent Natural 260ml,88592,14499.00,14499.00
144,Ahumada,Accuretic Caja 28 Comp.,23390,28295.00,28295.00
145,Ahumada,Tonotensil 10mg. Caja 30 Comp.,17112,23295.00,23295.00
146,Ahumada,Irbevitae 150mg. Caja 28 Comp. Rec.,80819,23695.00,23695.00
147,Ahumada,"NYSKIN GEL 0,3%",68450,26995.00,26995.00
148,Ahumada,ELIPTIC PF OFTENO 5ML,87929,21995.00,21995.00
149,Ahumada,Fusimed B Emulsion Otonasal 15Gr,86954,16595.00,16595.00
150,Ahumada,Pantocal 40mg 28comp Rec.,83501,19995.00,19995.00
151,Ahumada,TRAMAL LONG 150 MG CAJA 10 COMP.REC.LP,11536,30195.00,30195.00
152,Ahumada,ATEMPERATOR 250MG. CAJA 50 COMP. REC.,60018,28495.00,28495.00
153,Ahumada,BROMEX 25\/125MCG. SUSP.AEROSOL 120 DOSIS,72211,41095.00,41095.00
154,Ahumada,Alfexa 180 Mg 30Comp Rec,88827,19995.00,19995.00
155,Ahumada,BINAX 60MG 28CAP,88979,18995.00,18995.00
156,Ahumada,Sanigermin Carbon Jabon Pan 100 G.,89024,2495.00,2495.00
157,Ahumada,Dolostat Bi 150 Mg Caja 10 Comp Lp,88627,13995.00,13995.00
158,Ahumada,Crema Cuerpo Lechuga Dermocuidado Urea 310 ml,88458,4499.00,4499.00
159,Ahumada,DERMOVATE 0.5% LOC. FCO. 25ML. CAPILAR,9397,30495.00,30495.00
160,Ahumada,DESVE 100 MG DESVENLAFAXINA LP 30COMP,87876,65995.00,65995.00
161,Ahumada,AMINODECAL SUPLEMENTO 60COMP REC,88405,12995.00,12995.00
162,Ahumada,Tamisa 20\/75 Mg 21comp.,83500,7395.00,7395.00
163,Ahumada,Revitalift Loreal Hial Eye Mask Hz 6gr,88677,2099.00,2099.00
164,Ahumada,Iltuxam 40\/5 Mg Caja 28comp Rec,88624,18695.00,18695.00
165,Ahumada,Plaisance Splash Moments 250 ml,78518001,4049.00,4049.00
166,Ahumada,Maltofer 100mg. Sol. 10 Fco.,16252,21695.00,21695.00
167,Ahumada,CITIVITAE 1000MG\/10ML 10SACHET,87034,40995.00,40995.00
168,Ahumada,"Gaap Pf Ofteno 0,005% Sol. Fco. 3ml",88166,28195.00,28195.00
169,Ahumada,Risperdal 1 Mg. Caja 20 Comp. Rec.,8609,40995.00,40995.00
170,Ahumada,DIUPROL 50 MG 30COMP,86707,10295.00,10295.00
171,Ahumada,Iltux Hct 40\/25 Mg Caja 28 Comp.Rec,77826,17695.00,17695.00
172,Ahumada,"LENZETTO TRH\u00a0 1,53 MG\/DOSIS SPRAY 56PUFF",88082,31995.00,31995.00
173,Ahumada,DESVE 50 MG DESVENLAFAXINA LP 30COMP,87877,40995.00,40995.00
174,Ahumada,LERVITAN 60MG CAJA 30 COMP.REC.,85903,17795.00,17795.00
175,Ahumada,HEMOVAL 100MGx40 COMP. MASTICABLES,66487,13895.00,13895.00
176,Ahumada,Sanigermin Azufre Jabon Pan 100 G.,89025,2495.00,2495.00
177,Ahumada,Cardicon Retard 20mg. Caja 30 Comp.,8766,34695.00,34695.00
178,Ahumada,Hylo Dual Sol. Oft 10Ml,85564,25895.00,25895.00
179,Ahumada,Rosumed 20 Mg. Caja 60 Comp. Rec.,77818,40995.00,40995.00
180,Ahumada,Leoval 500mg Caja 30 Comp.,85905,19695.00,19695.00
181,Ahumada,Topamax 50 Mg. Caja 28 Comp. Rec.,27403,48495.00,48495.00
182,Ahumada,COLMIBE 40MG\/10MG CAJA 30COMP,86822,40295.00,40295.00
183,Ahumada,BINAX 30 MG 28CAP REC ENT,88828,13795.00,13795.00
184,Ahumada,Agua Micel Loreal Acid Hialuronic 200ml,88642,4799.00,4799.00
185,Ahumada,Antrofi Promestrieno Crema Vaginal 1% 1u,87873,26095.00,26095.00
186,Ahumada,Iltuxam 40\/10 Mg Caja 28comp Rec,88626,17795.00,17795.00
187,Ahumada,Prodasone 10 Mg. Caja 20 Comp.,4711,23795.00,23795.00
188,Ahumada,Tensuren D 40\/12.5 Mg 30Comp,88283,20795.00,20795.00
189,Ahumada,ANAFRANIL 25MG. CAJA 20 GRAG.,62037,27295.00,27295.00
190,Ahumada,Kalitium 300 Mg Caja 50 Comp.Rec.,77695,10495.00,10495.00
191,Ahumada,"Lab.Liq.Ssmi May 5ml, Mover",88179001,6349.00,6349.00
192,Ahumada,EUROVIR 400MG. CAJA 15 COMP.,41127,25295.00,25295.00
193,Ahumada,Vonille Cd 28comp,86702,7795.00,7795.00
194,Ahumada,Crema De Tratamiento Herbal Essence Argan 300 Ml,88517,6999.00,6999.00
195,Ahumada,Uren Est. Caja 24 Comp.,3090,5295.00,5295.00
196,Ahumada,SLINDA COMP X 28 COMP REC,88401,21295.00,21295.00
197,Ahumada,Natrilix Caja 60comp Sl,87746,26895.00,26895.00
198,Ahumada,Quetium 100mg.Caja\u00a0 30comp. Rec.,78265,26295.00,26295.00
199,Ahumada,"Intaxel Er 0,75 Mg 30comp Lp",88832,28995.00,28995.00
200,Ahumada,Corodin 100mg. Caja 30 Comp.,41552,21195.00,21195.00
201,Ahumada,"Lab.Liq.Ssmi May 5ml, Savant",88179005,6349.00,6349.00
202,Ahumada,Venlax 50 Mg. Caja 30 Comp.,19749,24795.00,24795.00
203,Ahumada,Haldol Decanoato 50mg. Caja 1 Amp. 1 M,8323,22295.00,22295.00
204,Ahumada,Migtal 2.5mg. Caja 6 Comp. Rec,62031,20995.00,20995.00
205,Ahumada,AZITROM 500 MG CD 6,88049,21595.00,21595.00
206,Ahumada,Crema Para Peinar Herbal Essence Argan 300 Ml,88518,6999.00,6999.00
207,Ahumada,Coxidol 60 Mg 14comp Rec,84977,13995.00,13995.00
208,Ahumada,Crema de Pies Lechuga Dermocuidado Urea 75g,88459,2899.00,2899.00
209,Ahumada,ARTREXIB 200 MG CAJA 30CAP,85416,23095.00,23095.00
210,Ahumada,Microcort 1% Loc. Topica Fco. 100gr,84778,17295.00,17295.00
211,Ahumada,Sanigermin Cobre Jabon Pan 100 G.,89026,2495.00,2495.00
212,Ahumada,IRAZEM ODT 10 MG 28COMP BUCODISP,88834,38995.00,38995.00
213,Ahumada,Ibames 150mg. Caja 1 Comp. Rec.,62445,36695.00,36695.00
214,Ahumada,Dermodan 0.025% Crem. Pomo 30 Gr.,2502,21995.00,21995.00
215,Ahumada,Esmalte Miracle Gel Get Mod Sally Hansen,88144002,8299.00,8299.00
216,Ahumada,ESCITAVITAE 10MG. CAJA 28 COMP.REC,79491,11995.00,11995.00
217,Ahumada,Valax 320 Mg 30comp Rec,87888,17195.00,17195.00
218,Ahumada,Topivitae 25Mg Caja 28Comp Rec,88686,14195.00,14195.00
219,Ahumada,SIBILLA CD ANTICONCEPTIVO ORAL 28COMP RE,87891,12595.00,12595.00
220,Ahumada,"Nabila 2,5mg Caja 28 Comp.",70486,11995.00,11995.00
221,Ahumada,Esmalte Miracle Gel Love Me Lilac Sally Hansen,88144001,8299.00,8299.00
222,Ahumada,Plaisance Splash Insomnia 250 ml,78518002,4049.00,4049.00
223,Ahumada,"Lab.Liq.Ssmi May 5ml, Pathfinder",88179004,6349.00,6349.00
224,Ahumada,Subelan Or 225 Mg X30 Comp Rec Lp,88641,46995.00,46995.00
225,Ahumada,Topictal 100Mg. Caja 28 Comp. Rec.,50195,51495.00,51495.00
226,Ahumada,ATEMPERATOR 250MG. CAJA 20 COMP. REC.,17144,13095.00,13095.00
227,Ahumada,LIPOTEN 40 MG 28COMP,87767,28995.00,28995.00
228,Ahumada,Levepsy 1000mg. Caja 30 Comp.Rec.,79192,29995.00,29995.00
229,Ahumada,VALCOTE 125 MG. CAJA 20 COMP. REC.,5606,10295.00,10295.00
230,Ahumada,Clozanil 0.5mg. Caja 30 Comp,26727,4395.00,4395.00
231,Ahumada,Aciclovir 400mg. Caja 32 Comp.,87704,7495.00,7495.00
232,Ahumada,Trileptal 300mg. Caja 30 Comp.,16246,29795.00,29795.00
233,Ahumada,"Kenaler 0,05% Fco. 5ml.",80561,26995.00,26995.00
234,Ahumada,Neoresotyl 150mg. Caja 30 Comp.,70515,47595.00,47595.00
235,Ahumada,Cetirizina 10mg Caja 30 Comp. Rec.,86367,5195.00,5195.00
236,Ahumada,Glucosan Xr 750mg 30comp Rec,88990,10295.00,10295.00
237,Ahumada,Azulfidine-Uct 500 Mg.Caja 60comp Rec.,87289,70595.00,70595.00
238,Ahumada,Glucophage Forte\u00a0 850mg.Caja 30 Comp,1670,14395.00,14395.00
239,Ahumada,Hidralazina 50mg.Caja 20 Comp,89184,3745.00,3745.00
240,Ahumada,Nuvigil 150 Mg 30comp,87771,34595.00,34595.00
241,Ahumada,Coxidol 90 Mg X 14 Cr,89054,13495.00,13495.00
242,Ahumada,Levotiroxina 100 Mcg 84comp,85560,7195.00,7195.00
243,Ahumada,Clavinex Duo 80\/114mg. Susp. Fco. 35ml.,16357,14895.00,14895.00
244,Ahumada,Neuroval Cd 10 Mg 30comp. Dispersables,78701,19695.00,19695.00
245,Ahumada,"Somno-Xr 12,5 Mg. 30 Comp.Rec.Lp",66116,34495.00,34495.00
246,Ahumada,Clonex Cd 0.5mg. Caja 30 Comp.,44416,8695.00,8695.00
247,Ahumada,Mondrian 150mg. Caja 30 Comp. Rec.Lp.,70691,23495.00,23495.00
248,Ahumada,Adax 1mg. Caja 30 Comp.,9738,20395.00,20395.00
249,Ahumada,Tegretal Cr 400 Mg. Caja 60 Comp.,49212,105395.00,105395.00
250,Ahumada,Viternum 3mg\/5ml Jbe. Fco. 125 Ml.,8506,25795.00,25795.00
251,Ahumada,Zafin Caja 14 Comp. Rec,61277,15895.00,15895.00
252,Ahumada,Adroxef Polvo P\/Susp.250mg.\/5ml. 100ml.,3441,26495.00,26495.00
253,Ahumada,"Zopiclona 7,5 Mg Caja 30 Comp. Rec.",81440,3295.00,3295.00
254,Ahumada,Izofran Zydis 4mg. Caja 10 Tab.,41087,81495.00,81495.00
255,Ahumada,Aciclovir 200mg. Caja 24 Comp.,89183,3245.00,3245.00
256,Ahumada,Adax 0.50mg. Caja 30 Comp,9452,16495.00,16495.00
257,Ahumada,"Zaviana Fs 12,5 Mg 30 Comp. Rec. L.P",69706,26895.00,26895.00
258,Ahumada,Combivir Caja 60 Comp.,17789,93595.00,93595.00
259,Ahumada,Qurax 200mg. Caja 30 Comp. Rec.,71243,42495.00,42495.00
260,Ahumada,Vitess Caja 60cap,87847,25795.00,25795.00
261,Ahumada,Sandimmun Neoral 100 Mg. Caja 50cap.,4981,214995.00,214995.00
262,Ahumada,Espironolactona 25mg. Caja 20 Comp.,1483,2195.00,2195.00
263,Ahumada,Glibenclamida 5mg. Caja 60 Comp.,84050,1395.00,1395.00
264,Ahumada,"Clonex Cd 2,0mg. Caja 30 Comp.",44418,14795.00,14795.00
265,Ahumada,Betis Clotiazepam 10mg.Caja 30 Comp.Rec.,74211,16495.00,16495.00
266,Ahumada,Estreva 0.1 % Gel Fco. C\/Dosif. 50gr.,25987,30695.00,30695.00
267,Ahumada,Trileptal 60mg\/Ml Susp.Oral 100 Ml,50196,20295.00,20295.00
268,Ahumada,Clozanil 2mg. Caja 30 Comp.,26714,8595.00,8595.00
269,Ahumada,Azatioprina 50 Mg. Caja 100 Comp. Rec,89189,39395.00,39395.00
270,Ahumada,Darmas Cad Duoterapia 1 + 30cap.,70667,29895.00,29895.00
271,Ahumada,Curocef 250mg. Caja 10 Comp.,29864,26195.00,26195.00
272,Ahumada,Nirvan 2mg. Caja 40 Comp. Rec.,70906,11895.00,11895.00
273,Ahumada,Rigotax 10mg 10comp,89012,4695.00,4695.00
274,Ahumada,Cloranfenicol 0.5% Fco.10 Ml,11289,2395.00,2395.00
275,Ahumada,Olanzyl 5mg. Caja 28 Comp. Rec.,77445,36995.00,36995.00
276,Ahumada,Grifoclobam 10mg.Caja 20 Comp.,1296,23595.00,23595.00
277,Ahumada,Tegretal 400 Mg. Caja 20 Comp.,18353,36995.00,36995.00
278,Ahumada,Glucosan Xr 750mg 60comp Rec,88978,15495.00,15495.00
279,Ahumada,"Ilast Sol.Oft.0,1% Fco. 5ml",77972,34595.00,34595.00
280,Ahumada,"Zaviana Fs 6,25 Mg 30 Comp. Rec. Lp",69707,11495.00,11495.00
281,Ahumada,Rigotax 10mg 30comp,89013,8495.00,8495.00
282,Ahumada,Valpax 1 Mg. Caja 30 Comp.,23365,11795.00,11795.00
283,Ahumada,"Clonex Cd 1,0mg. Caja 30 Comp.",44417,7995.00,7995.00
284,Ahumada,Flu-Sure Susp. Oft. Fco. 5ml.,81745,22495.00,22495.00
285,Ahumada,Sereprid 100 Mg. Caja 30 Comp.,36901,28595.00,28595.00
286,Ahumada,Eteroval 60mg Caja 14comp Rec,86952,12395.00,12395.00
287,Ahumada,Oseltamivir 75mg. X 10 Cap.,87729,23295.00,23295.00
288,Ahumada,Grifodilzem 60 Mg X 20 Comp,89071,7995.00,7995.00
289,Ahumada,"Azydrop 1,43% 6vial",88717,24295.00,24295.00
290,Ahumada,Neuryl 0.5mg. Caja 30 Comp.,20855,8095.00,8095.00
291,Ahumada,EUCERIN HYALURON FILLER PORE MINIMIZER SKIN REFINER 30ML,89416,34199.00,34199.00
292,Ahumada,Doble Serum Petrizzio Vitamina C 30gr,89290,13499.00,13499.00
293,Ahumada,Crema Petrizzio Antienvejecimiento Fps50 50gr,89209,7499.00,7499.00
294,Ahumada,Arcalion 200mg. Caja 30 Comp. Rec.,45073,28795.00,28795.00
295,Ahumada,Protector Solar La Roche-Posay Anthelios Pigmentation Spf50 50ml,89360,20199.00,20199.00
296,Ahumada,Valaxam 80\/5 Comp X 30 Comp,70233,29895.00,29895.00
297,Ahumada,Dronaval Biterapia 1+60 Comp. Rec.,76372,26295.00,26295.00
298,Ahumada,Euromicina 250mg.\/5ml. Susp. Fco. 80ml.,18507,25995.00,25995.00
299,Ahumada,"Trulicity 1,5 Mg\/0,5 Ml 2jeringa Prell.",85573,82995.00,82995.00
300,Ahumada,EUCERIN ATOPI CONTROL BALSAMO TEXTURA LIGERA 400ML,89419,24999.00,24999.00
301,Ahumada,EUCERIN ATOPI CONTROL ACEITE DE DUCHA 400ML,89439,20799.00,20799.00
302,Ahumada,Anthelios Age Correct Fps 50 La Roche Posay Con Color 50ml,89342,21899.00,21899.00
303,Ahumada,Zodol 50mg\/Ml Gts. Fco. 20 Ml.,8763,21995.00,21995.00
304,Ahumada,Paxon 5 Mg. Caja 20 Comp.,9400,11495.00,11495.00
305,Ahumada,EUCERIN ATOPI CONTROL CREMA FORTE 100ML,89418,20999.00,20999.00
306,Ahumada,Anthelios Age Correct Fps 50 La Roche Posay 50ml,89341,21899.00,21899.00
307,Ahumada,EUCERIN ATOPI CONTROL SPRAY CALMANTE 50ML,89417,16799.00,16799.00
308,Ahumada,Eau De Toilette Look 80ml,89295,22399.00,22399.00
309,Ahumada,Shampoo Original Remedies 300 Ml Delicatesse Avena,89150,5499.00,5499.00
310,Ahumada,Bandas Limpieza Profunda Biore Nariz 8un,72955,5899.00,5899.00
311,Ahumada,Agua Termal Vichy 300ml,89213,13099.00,13099.00
312,Ahumada,ASEPXIA Agua Micelar Carb\u00f3n 400ml,89131,5499.00,5499.00
313,Ahumada,Preservativo Prudence Extra Grande 3 Un,89264,3495.00,3495.00
314,Ahumada,Mascarilla De Papel Hidratante Con Extracto De Pepino,89382,3999.00,3999.00
315,Ahumada,Locion Ureadin 10 1000ml,89216,23499.00,23499.00
316,Ahumada,Tratamiento Capilar Original Remedies 300 Ml Elixir De Argan,89145,5499.00,5499.00
317,Ahumada,Preservativo Prudence Ext Ultra Sen 3un,89265,3495.00,3495.00
318,Ahumada,Leukoplast Parche Ocular Kids 30 Und,89499,11495.00,11495.00
319,Ahumada,Shampoo Head & Shoulders Fuerza De Raiz 375ml,89170,4599.00,4599.00
320,Ahumada,Tomapresion Mu\u00bfEca Omron Hem6124,89530,48845.00,48845.00
321,Ahumada,Sahmpoo Original Remedies 300 Ml Oliva Mitica,89152,5499.00,5499.00
322,Ahumada,Fasalcol 0.1% Sol. Spr. 200ml.,35247,5245.00,5245.00
323,Ahumada,ASEPXIA Mascarilla Oil Free Limpieza Revitalizante 1 pieza,89134,3449.00,3449.00
324,Ahumada,Agujas Insupen 32 Extreme De 4 Mm X5,89328,995.00,995.00
325,Ahumada,Preservativo Prudence Caipinha 3 Un,89263,3495.00,3495.00
326,Ahumada,ASEPXIA Mascarilla Balance Efecto Burbujas 1 pieza,89133,3599.00,3599.00
327,Ahumada,Crema Corporal Cicatricure Urea 10% 250ml,89391,9499.00,9499.00
328,Ahumada,Mascarilla De Papel Hidratante Con Extracto De Sand\u00eda,89381,3999.00,3999.00
329,Ahumada,Tapsin M 30 Cap,89354,4195.00,4195.00
330,Ahumada,Biogaia Gti X 30 Comprimidos Masticables,89095,18395.00,18395.00
331,Ahumada,Agua Micelar Teatrical Humectante 600ml,89222,4999.00,4999.00
332,Ahumada,Crema De Manos Burt'S Bees Con Romero Y Lim\u00f3n 28 Gr,89345,7199.00,7199.00
333,Ahumada,B\u00e1lsamo Recuperaci\u00f3n De Labios,89386,4699.00,4699.00
334,Ahumada,Toallitas Desmaquillantes Burt'S Bees Sensitive 10 Un,89348,2999.00,2999.00
335,Ahumada,Cepillo Tangle Teezer Wet Detangler Pink 1 Un,89387,10799.00,10799.00
336,Ahumada,B\u00e1lsamo Labial Burt'S Bees Vanilla Bean & Wild Cherry Pack 2 Un,89374,5349.00,5349.00
337,Ahumada,Sales Rehidratantes 90 Caja 4 Sobres.,86359,8595.00,8595.00
338,Ahumada,Toallitas Desmaquillantes Burt'S Bees Pepino Y Salvia 10 Un,89346,2999.00,2999.00
339,Ahumada,Crema De Manos Burt'S Bees Con Flor De Naranja Y Pistacho 28 Gr,89344,7199.00,7199.00
340,Ahumada,ASEPXIA Mascarilla Detox con Carb\u00f3n 1 pieza,89132,3449.00,3449.00
341,Ahumada,Agua Limpiadora Micelar Coco & Loto,89383,7999.00,7999.00
342,Ahumada,Superfruit Freshly Picked 4pack,89384,11799.00,11799.00
343,Ahumada,Sachet Refellin 30ml. +Peine,89471,6995.00,6995.00
344,Ahumada,Crema Para Manos Pielarmina Cobre 80gr,89208,1999.00,1999.00
345,Ahumada,Protector Solar Vichy Capital Soleil Uv Age Fpd 50 40ml,89289,21799.00,21799.00
346,Ahumada,Agua Micelar Cicatricure 400ml,89118,7199.00,7199.00
347,Ahumada,Acido Mefenamico 500mg. Caja 10 Comp.,89202,1545.00,1545.00
348,Ahumada,Tratamiento Capilar Original Remedies 300 Ml Tesoro De Miel,89149,5499.00,5499.00
349,Ahumada,Desmaquillante Bifasivo Petrizzio 145 Ml,89117,4949.00,4949.00
350,Ahumada,Preservativo Prudence Neon 3 Un,89262,3495.00,3495.00
351,Ahumada,Domperidona 10mg. Caja 20cap.,2679,1245.00,1245.00
352,Ahumada,B\u00e1lsamo Labial Burt'S Bees Coco Y Pera Pack 2 Un,89373,5349.00,5349.00
353,Ahumada,Tapsin Limon Miel Jengibre Dia X 6,89495,3495.00,3495.00
354,Ahumada,Aspirina 500 Mg Caja 100comp,88718,8145.00,8145.00
355,Ahumada,Acondicionador Head & Shoulders Fuerza de Raiz 300 ml,89088,4599.00,4599.00
356,Ahumada,Acondicionador Original Remedies\u00a0 250ml Delicatesse Avena,89151,5499.00,5499.00
357,Ahumada,Tratamiento Cicatricure Gold Medium 30ml,89136,20599.00,20599.00
358,Ahumada,Leukoplast Parche Ocular Adulto 30 Und,89498,11495.00,11495.00
359,Ahumada,Aceite Hidratante De Labios Burt'S Bees Maracuy\u00e1,89375,9199.00,9199.00
360,Ahumada,Agua Bidestilada Inyect.5 Amp. 5ml.,89168,1995.00,1995.00
361,Ahumada,Pack Fructis Shampoo Anti Caspa 350 Ml 2un,89363,4999.00,4999.00
362,Ahumada,Tratamiento Cicatricure Gold Light 30 Ml,89135,20599.00,20599.00
363,Ahumada,Tratamiento Cicatricure Gold Bronze 30ml,89137,20599.00,20599.00
364,Ahumada,"Ampollas La Roche Posay Hyalu B5 1,8ml 7un",89340,22899.00,22899.00
365,Ahumada,Broncot 7.5mg\/Ml. Gts. Fco. 30ml.,4499,12595.00,12595.00
366,Ahumada,neutrogena skin agua purificada micelar 400ml,89349,6599.00,6599.00
367,Ahumada,B\u00e1lsamo Labial Burt'S Bees Cera De Abejas 2un,89372,5349.00,5349.00
368,Ahumada,Lifestyles Vibra Ribbed-Lifestyles X21 U,89067,13395.00,13395.00
369,Ahumada,Crema Siluet 40 Gel Termico 200ml,89107,7199.00,7199.00
370,Ahumada,B\u00e1lsamo Labial De Mandarina Dulce,89412,4199.00,4199.00
371,Ahumada,Agua Micelar Cicatricure Trifasica 400ml,89119,8399.00,8399.00
372,Ahumada,Crema De Manos Burt'S Bees Con Lavanda Y Miel 28 Gr,89343,7199.00,7199.00
373,Ahumada,Pack Fructis Shampoo + Oleo 8 Oil Repair 350ml,89364,6299.00,6299.00
374,Ahumada,Crema Para Manos Con Manteca De Karit\u00e9 50 G,84690,13299.00,13299.00
375,Ahumada,B\u00e1lsamo Labial De Sandia,89377,4199.00,4199.00
376,Ahumada,Tapsin Limon Miel Jengibre Noche X 6,89496,3495.00,3495.00
377,Ahumada,Agua Micelar Teatrical Detox 600ml,89221,4999.00,4999.00
378,Ahumada,Edt Dance Shakira Red Midnight 50ml,89388,15699.00,15699.00
379,Ahumada,Bandas Limpieza Profunda Biore Carbon Natural 6un,79737,5949.00,5949.00
380,Ahumada,Recovery K Tape Negra 5m.,79779,9795.00,9795.00
381,Ahumada,Toallitas Desmaquillantes Burt'S Bees Pomelo Rosado 10 Un,89347,2999.00,2999.00
382,Ahumada,Crema Para Manos Ureadin Pump Protect 200ml,89214,10799.00,10799.00
383,Ahumada,neutrogena hydro boost agua micelar 400ml,89350,6599.00,6599.00
384,Ahumada,Trioval Sacht Dia Y Noche Caja 3 Sob,61824,4295.00,4295.00
385,Ahumada,Acondicionador Original Remedies 250 Ml Oliva Mitica,89153,5499.00,5499.00
386,Ahumada,"Norditropin Nordilet 15mg.\/1,5ml. (45ui)",60796,210845.00,210845.00
387,Ahumada,Crema De Peinar Original Remedies 200 Ml Elixir De Argan,89146,5499.00,5499.00
388,Ahumada,Braltus 13 Mcg 30 Caps Inh,89589,49995.00,49995.00
389,Ahumada,Venofer 100 Mg. Caja 5 Amp. 5 Ml.,20733,140095.00,140095.00
390,Ahumada,Cepillo Electrico Power Cars 1 Un,89227,15699.00,15699.00
391,Ahumada,Crema Adhesiva Ultra Corega Maximo Sellado  40g,89537,11599.00,11599.00
392,Ahumada,Doxiciclina 100mg. Caja 10 Comp.,89411,2995.00,2995.00
393,Ahumada,Crema Para Manos Con Miel Y Semillas De Uva 73 G,84684,14499.00,14499.00
394,Ahumada,Aceite Facial Burt'S Bees Nutritivo 15 Ml,84678,25199.00,25199.00
395,Ahumada,Sacrusyt Aerosol Para Inhalaci\u00bfN 100 Mcg,89404,6995.00,6995.00
396,Ahumada,Crema Para Pies Burt'S Bees Con Coco 120 Gr,84698,13099.00,13099.00
397,Ahumada,Cheltin (Hierro) Iv 1 Ampolla,65090,22095.00,22095.00
398,Ahumada,Cloxacilina 500mg. Caja 12 Cap,89185,2195.00,2195.00
399,Ahumada,Cheltin (Hierro) Iv 6 Ampollas,65091,109295.00,109295.00
400,Ahumada,Loci\u00f3n Corporal Burt'S Bees Radiante 170gr,84666,15299.00,15299.00
401,Ahumada,Enjuague Bucal Vitis Cpc Protect 500ml,89538,7199.00,7199.00
402,Ahumada,Acondicionador Lee Stafford Fresh Hair 200ml,88530,9499.00,9499.00
403,Ahumada,Iprasynt Aerosol Para Inhalaci\u00bfN 20 Mcg,89407,10995.00,10995.00
404,Ahumada,Pasta Dental Vitis Cpc Protect 100ml,89587,4999.00,4999.00
405,Ahumada,Budesynt Aerosol Para Inhalaci\u00bfN 200mcg,89405,8795.00,8795.00
406,Ahumada,Azitromicina 200mg\/5ml Plv Fco 15ml.,89515,5895.00,5895.00
407,Ahumada,Crema De Noche Skin Nourishment 51 G,84706,25199.00,25199.00
408,Ahumada,"Feveny Comprimidos Recubiertos 0,625 Mg",89406,11795.00,11795.00
409,Ahumada,"Enjuague Bucal Active Oralgene uso diario 0,05% 250ml",89299,6999.00,6999.00
410,Ahumada,"Suero Intenso Reafirmante Burt'S Bees Renewal 32,5 Ml",84682,29199.00,29199.00
411,Ahumada,"Enjuague Bucal Active Oralgene tratamiento 0,10% 250ml",89298,6999.00,6999.00
412,Ahumada,Crema Adhesiva Ultra Corega Maximo Sellado   70g,89536,16899.00,16899.00
413,Ahumada,Cepillo Electrico Power Princess 1 Un,89230,15699.00,15699.00
414,Ahumada,Brillo Lip Shimmer Guava,84627004,6499.00,6499.00
415,Ahumada,Brillo Lip Shimmer Watermelon,84627007,6499.00,6499.00
416,Ahumada,Shampoo John Fieda Antifrizz Hidratacion 250ml,84892002,7399.00,7399.00
417,Ahumada,Serum Uriage Bari\u00e9derm Cica Daily 30ml,89542,21999.00,21999.00
418,Ahumada,Acondiciionador John Fieda Antifrizz Hidratacion 250ml,84893002,7899.00,7899.00
419,Ahumada,Edt Etienne Light Blue Infinity 100ml,87377001,13549.00,13549.00
420,Ahumada,Crema Gel Bari\u00e9derm-Cica Daily 40ml,89543,19799.00,19799.00
421,Ahumada,Brillo Lip Shimmer Fig,84627003,6499.00,6499.00
422,Ahumada,Brillo Lip Shimmer Peony,84627005,6499.00,6499.00
423,Ahumada,"Concealer Fit Me Maybelline Light 6,8ml",89455,4199.00,4199.00
424,Ahumada,Serum Isdinceutics Hyaluronic Concentrate 30ml,89437,34599.00,34599.00
425,Ahumada,Crema Pielarmina Clinical Body Ultra Reparadora Prebioticos 350ml,89453,4849.00,4849.00
426,Ahumada,"Concealer Fit Me Maybelline Fair 6,8ml",89454,4199.00,4199.00
427,Ahumada,Crema Isdinceutics Rejuvenate Vital Eyes 15g,89438,40999.00,40999.00
428,Ahumada,"Concealer Fit Me Maybelline Deep 6,8ml",89459,4199.00,4199.00
429,Ahumada,Crema La Roche Posay Lipikar Baume Ap+M Eco-Tubo 200ml,89541,20999.00,20999.00
430,Ahumada,Elasticos Gruesos Scunci Colores Tierra 18un,89444,1599.00,1599.00
431,Ahumada,"Concealer Fit Me Maybelline Medium 6,8ml",89456,4499.00,4499.00
432,Ahumada,Pack Head & Shoulders Crecimiento Fuerte Desde La Raiz 375ml,89413,6299.00,6299.00
433,Ahumada,Tratamiento Hask Acondicionador Profundo Argan Oil 171 Gr,89458,8249.00,8249.00
434,Ahumada,Set De Clips De Agarre Conair Peque\u00f1os 12un,89452,2299.00,2299.00
435,Ahumada,Edt Antonio Banderas Power Of Seduction 50ml,89429,12999.00,12999.00
436,Ahumada,Ketoconazol 2% Crem. Pomo 20 Gr,84584,1945.00,1945.00
437,Ahumada,Penicilina Benzat. 1200000 Ui Caja 1vial,1171,1595.00,1595.00
438,Ahumada,Timolol 0.5% Sol. Oft. Fco.10ml,2263,4145.00,4145.00
439,Ahumada,Propranolol 10 Mg. Caja 20 Comp.,84354,895.00,895.00
440,Ahumada,Vincristina Sulfato 1mg\/10ml\u00a0 Fco.Amp,86381,6995.00,6995.00
441,Ahumada,Old Spice Colonia Classic Cologne 125ml,89588,12399.00,12399.00
442,Ahumada,Millionaire Red Intense 95ml Edp,89607,13499.00,13499.00
443,Ahumada,Eminence Ocean Sense 100ml Edp,89610,9349.00,9349.00
444,Ahumada,Boost Neutro Sin Lactosa 740 Gr,89630,19395.00,19395.00
445,Ahumada,Uroplus Granulos Sol Oral 3g,89500,24495.00,24495.00
446,Ahumada,Solbiot X 30 Capsulas,89169,19995.00,19995.00
447,Ahumada,Vertigoheel 50 Comprimidos,89521,20595.00,20595.00
448,Ahumada,Irix 30 Comprimidos,89028,16795.00,16795.00
449,Ahumada,Boost Senior Vainilla 740grs,89631,19395.00,19395.00
450,Ahumada,Dexyane Crema Emoliente Anti-Rascado 400ml,89593,24999.00,24999.00
451,Ahumada,Otisec 30 Ml,89353,16495.00,16495.00
452,Ahumada,Dexyane B\u00e1lsamo Emoliente Anti-Rascado 400ml,89595,24999.00,24999.00
453,Ahumada,Melascreen Fotoenvejecimiento Cuidado Global De Las Manos 50ml,89540,10999.00,10999.00
454,Ahumada,Armonyl Noche X 60 Comp,89394,5995.00,5995.00
455,Ahumada,Trixera Nutrition Crema Ducha 500ml,89604,14999.00,14999.00
456,Ahumada,Insul Fiasp Flextouch 100u\/Ml. 1x3ml,89555,14495.00,14495.00
457,Ahumada,Insul Fiasp Penfill 100u\/Ml. 5x3ml,89556,74395.00,74395.00
458,Ahumada,Colnatur Complex Sachet 30 Un,89605,24495.00,24495.00
459,Ahumada,Celus C 30 Sobres,89632,20895.00,20895.00
460,Ahumada,Termometro Digital V901,89609,8995.00,8995.00
461,Ahumada,Exopil 3mg. Caja 30 Comp. Rec.,71564,9195.00,9195.00
462,Ahumada,Sereprid Gotas 100 Mg\/Ml.Fco.30 Ml,47921,25595.00,25595.00
463,Ahumada,Cardioplus 40mg. Caja 40 Comp. Rec.,89620,18995.00,18995.00
464,Ahumada,Aerius Oral Sol 2.5mg\/5ml 150ml,89642,16295.00,16295.00
465,Ahumada,Senexon Sr 150mg Caja 30 Comp. Rec.,42873,66695.00,66695.00
466,Ahumada,Aerius 2.5mg\/5ml 120ml Jarabe,89643,14095.00,14095.00
467,Ahumada,Sirdalud 2 Mg. Caja 12 Comp.,4682,16195.00,16195.00
468,Ahumada,Acneral 20mg. Caja 30 Cap. Blandas,61134,43995.00,43995.00
469,Ahumada,Valcote 250 Mg. Caja 20 Comp. Rec.,5372,17495.00,17495.00
470,Ahumada,Exelmyo\u00a0 30sobres,88326,25895.00,25895.00
471,Ahumada,Desodorante Nivea Men Spray Black&White M\u00e1xima Protecci\u00f3n 150ml,89662,3199.00,3199.00
472,Ahumada,Desodorante Nivea Men Roll On Black&White M\u00e1xima Protecci\u00f3n 50ml,89663,3099.00,3099.00
473,Ahumada,Desodorante Nivea Roll On Black&White M\u00e1xima Protecci\u00f3n 50ml,89661,3099.00,3099.00
474,Ahumada,Desodorante Spray Black&White M\u00e1xima Protecci\u00f3n 150ml,89660,3149.00,3149.00
475,Ahumada,Enjuague Bucal Hello Charcoal 473ml,89586,7499.00,7499.00
476,Ahumada,Pasta Dental Hello Carb\u00f3n Con Fl\u00faor 113ml,89583,5499.00,5499.00
477,Ahumada,Cepillo Dental Hello Carb\u00f3n 1un,89585,4199.00,4199.00
478,Ahumada,Pasta Dental Hello Unicorn Kids 88ml,89584,3649.00,3649.00
479,Ahumada,Pasta Dental Hello Carb\u00f3n Sin Fl\u00faor 113ml,89580,5499.00,5499.00
480,Ahumada,Agua M Vichy Min Ps 100ml,89430,4499.00,4499.00
481,Ahumada,Vichy Min\u00e9ral 89 Probiotic Fractions Serum Facial 30ml,89795,31799.00,31799.00
482,Ahumada,Serum Garnier Express Aclara Vit C 30ml,89689,9099.00,9099.00
483,Ahumada,Serum La Roche Posay Hyalu B5 50ml,89787,39299.00,39299.00
484,Ahumada,"Xinder 0,05% Ugto Pomo 25gr.",71130,9195.00,9195.00
485,Ahumada,Amlodipino 5mg. Caja 60 Comp.Rec,81837,5395.00,5395.00
486,Ahumada,Oltan 40mg. Caja 30 Comp. Rec.,69989,18195.00,18195.00
487,Ahumada,Norspan 10 Mcg Parche 2un.,83453,36295.00,36295.00
488,Ahumada,Transtec 35 Mcg. Caja 5 Parches,45260,108895.00,108895.00
489,Ahumada,Oltan 20mg. Caja 30 Comp. Rec.,69988,15995.00,15995.00
490,Ahumada,Flunarizina 10mg. Caja 30 Comp,2427,3245.00,3245.00
491,Ahumada,Aurituss 25\/125mcg. Inh. Buc. 120 Dosis,44789,32595.00,32595.00
492,Ahumada,Ansietil 30mg. Caja 30 Comp.,7097,16495.00,16495.00
493,Ahumada,Pietra Ed 2 Mg 30comp Rec,86402,19495.00,19495.00
494,Ahumada,Systane Complete Emulsion Oftalmica 10ml,89819,28395.00,28395.00
495,Ahumada,EUCERIN SUN OIL CONTROL TINTED FACIAL TONO MEDIO FPS50+ 50ML,89688,17999.00,17999.00
496,Ahumada,Leukotape K Tape Neuromuscular Negro 5cm x 5m 1 Und.,80969,12695.00,12695.00
497,Ahumada,Leukopor Tela Adhesiva Microporosa 2.5cm x 4.5mts.,89880,2395.00,2395.00
498,Ahumada,Leukoplast Leukomed T Plus Ap\u00f3sito Transparente 5x7.2 cm 5 Und.,89881,3595.00,3595.00
499,Ahumada,Limpiador Cerave Hidratante Espuma 236ml,89903,10499.00,10499.00
500,Ahumada,Leukoplast Leukomed Ap\u00f3sito Absorbente 8x10 cm 5 Und.,89882,6295.00,6295.00
501,Ahumada,Leukoplast Aqua Pro 20 Unid. Parche a Prueba de Agua. Surtido,89883,4495.00,4495.00
502,Ahumada,Filcos 120mg 7comp Rec,89502,11995.00,11995.00
503,Ahumada,Neo Sintrom 4mg. Caja 20 Comp.,7216,36095.00,36095.00
504,Ahumada,Vesnidan Caja 30 Comp. Rec,43727,15895.00,15895.00
505,Ahumada,"Sortifem 11,7 Mg \/ 2,7 Mg Anillo Vaginal",89506,24195.00,24195.00
506,Ahumada,"Disalot 0,5% Susp.Oftalm. 5ml",84203,17495.00,17495.00
507,Ahumada,"Cardioplus-D 20\/12,5mg. Caja 40 Comp.Rec",89671,22995.00,22995.00
508,Ahumada,Alizon 20 28comp Rec,89712,14895.00,14895.00
509,Ahumada,Aminta 75mcg 28comp Rec,89713,14195.00,14195.00
510,Ahumada,Clotrimin 500mg. Caja 1 Ovulo Vag.1un.,82422,6795.00,6795.00
511,Ahumada,Macrodantina 50mg. Cap.,808,18395.00,18395.00
512,Ahumada,Nistaglos Crema 15 Gr.,65597,9995.00,9995.00
513,Ahumada,Valaxam 160 \/ 10 Mg Caja 30comp Rec,86182,30195.00,30195.00
514,Ahumada,Elocom 0.1% Crem. Pomo 15 Gr.,2667,25845.00,25845.00
515,Ahumada,Filcos 90mg 14comp Rec,89501,14995.00,14995.00
516,Ahumada,Lipox 40mg. Caja 30 Comp.Rec,41822,17695.00,17695.00
517,Ahumada,Elocom 0.1% Ugto. Pomo 15 Gr.,2719,19645.00,19645.00
518,Ahumada,Micolac Laca Para U\u00f1as 5%,89408,18895.00,18895.00
519,Ahumada,Alizon 28comp Rec,89711,17195.00,17195.00
520,Ahumada,"Olodina 0,2 % Soluci\u00f3n Oft\u00e1lmica X 5 Ml",89522,26795.00,26795.00
521,Ahumada,Ebatene 8mg 20comp,89514,17995.00,17995.00
522,Ahumada,"Cardioplus-D 40\/12,5mg. Caja 40 Comp.Rec",89621,24995.00,24995.00
523,Ahumada,Desodorante Spray Rexona Clinical Sport Men 110ml,89309,4199.00,4199.00
524,Ahumada,protector solar vichy agua bronce fps 50 200ml,89799,13099.00,13099.00
525,Ahumada,Leche Nido Buen Dia 700gr,88392,5699.00,5699.00
526,Ahumada,Desodorante Axe Spray Doble Acci\u00f3n Black,89335,3299.00,3299.00
527,Ahumada,Panadol Advance 500mg x 12 Comprimidos,89765,3095.00,3095.00
528,Ahumada,Hidrasec 30mg. Caja 18 Sobres. Ni\u00f1os,49379,14345.00,14345.00
529,Ahumada,Actron 600mg Caja 20 Comprimidos,89548,10795.00,10795.00
530,Ahumada,Convultam 500 Mg X 30 Comp.Rec,89862,22095.00,22095.00
531,Ahumada,Desodorante Spray Dove Men Clinical Cuidado Total 110ml,89307,4199.00,4199.00
532,Ahumada,Alostim 60 Comprimidos Medstyle,86385,18795.00,18795.00
533,Ahumada,Actron 400mg X 20 Capsulas Blandas,89764,5795.00,5795.00
534,Ahumada,Leche Nido Instantanea Tarro 1500 Gr,88391,14399.00,14399.00
535,Ahumada,Prograf Xl 1mg. Caja 50 Cap.,65488,181595.00,181595.00
536,Ahumada,Panadol Advance 500mg x 48 Comprimidos,89766,7395.00,7395.00
537,Ahumada,crema la roche posay\u00a0 hydraphase ha legere 50 ml,89592,27299.00,27299.00
538,Ahumada,Augmentin Es 600mg\/5ml Susp. Fco. 100ml.,41464,31795.00,31795.00
539,Ahumada,Broncot Fte G.F.T. S\/Azu. 30mg\/5ml 120ml,50483,7795.00,7795.00
540,Ahumada,Aurituss 25\/250mcg. Inh.Buc.120 Dosis,75586,38695.00,38695.00
541,Ahumada,Novonorm 2mg. 30 Comp.,23215,28695.00,28695.00
542,Ahumada,Labial Infaillible X3 110 Tim Rosse 4ml Loreal,75088002,7399.00,7399.00
543,Ahumada,Findaler 10mg. Caja 30 Comp.,20917,6395.00,6395.00
544,Ahumada,Veralpres 80 Mg. Caja 30 Comp.Rec,64292,17495.00,17495.00
545,Ahumada,Valnoc 3 Mg 30 Comp.Recubiertos,62914,12395.00,12395.00
546,Ahumada,Adorlan 25\/25 X 10 Comp,89591,8395.00,8395.00
547,Ahumada,Anbax Caja 30comp Rec,86289,264995.00,264995.00
548,Ahumada,Dormonid 7.5mg. Caja 30 Comp.,3694,25795.00,25795.00
549,Ahumada,Alcohol 96% Fco. 1lt.,11264,4645.00,4645.00
550,Ahumada,Imecol Adulto X 16comp,86281,4295.00,4295.00
551,Ahumada,Kitadol Duo X 10 Comp,89714,3495.00,3495.00
552,Ahumada,Triumeq Caja 30 Comp. Rec.,79824,1104995.00,1104995.00
553,Ahumada,Alcohol 96% Fco. 500ml.,11251,3495.00,3495.00
554,Ahumada,Neopresol 10mg Caja 30 Comp. Rec.,50246,23995.00,23995.00
555,Ahumada,Mentholatum Pote 85 Grs.,85920,5095.00,5095.00
556,Ahumada,Tigel Cx X 100ml,85914,18395.00,18395.00
557,Ahumada,crema uriage tolederm rich crema 40ml,89694,18999.00,18999.00
558,Ahumada,crema uriage tolederm light crema 40ml,89695,18999.00,18999.00
559,Ahumada,crema uriage tolederm eye contour 15ml,89693,17699.00,17699.00
560,Ahumada,Exevitae 25mg. Caja 30 Comp. Rec.,80006,49595.00,49595.00
561,Ahumada,Nicol Dienogest \/Etinilestradiol 28comp,87893,16195.00,16195.00
562,Ahumada,Ariana Nomegestrol\/Estradiol 28comp Rec,87896,20695.00,20695.00
563,Ahumada,Elvive Hidra Hialuronico Sh 370ml,89828,4299.00,4299.00
564,Ahumada,Mascarilla Anti-Imperfecciones,89697,2099.00,2099.00
565,Ahumada,Elvive Hidra Hialuronico Cpp 300ml,89830,4199.00,4199.00
566,Ahumada,Elvive Hidra Hialuronico Ctt 300ml,89831,4199.00,4199.00
567,Ahumada,Gel De Limpieza Hidratante Revitalift \u00c1cido Hialur\u00f3nico,89817,5299.00,5299.00
568,Ahumada,Fructis Hair Food Sandia Acondicionador 300ml,89613,4299.00,4299.00
569,Ahumada,Elvive Hidra Hialuronico Aco 370ml,89829,4299.00,4299.00
570,Ahumada,"Pa\u00f1al Merries  Premium, L 36 Unidades",89844,13349.00,13349.00
571,Ahumada,Base De Maquillaje Superstay 24 Horas Alta Cobertura 334 Warm Sun Maybelline,89805,8799.00,8799.00
572,Ahumada,Delineador De Ojos Perfect Slim - 01 Intense Black Loreal Paris,89808,6599.00,6599.00
573,Ahumada,Pack 2x Clinical Stick Hombre,89627,10799.00,10799.00
574,Ahumada,Base Infallible Matte Cover Foundation Frites 300 Ambre Loreal Paris,89813,12199.00,12199.00
575,Ahumada,Base De Maquillaje Superstay 24 Horas Alta Cobertura 120 Classic Ivory Maybelline,89794,8799.00,8799.00
576,Ahumada,M\u00e1scara De Pesta\u00f1as Colossal 36hr Very Black Maybelline,89814,8799.00,8799.00
577,Ahumada,Ampolla Mascarilla En Tela Antifatiga,89691,2699.00,2699.00
578,Ahumada,Ampolla Mascarilla En Tela Detox,89692,2699.00,2699.00
579,Ahumada,Base De Maquillaje Superstay 24 Horas Alta Cobertura 140 Light Tan Maybelline,89801,8799.00,8799.00
580,Ahumada,Base De Maquillaje Superstay 24 Horas Alta Cobertura 128 Warm Nude Maybelline,89800,8799.00,8799.00
581,Ahumada,Pack 2 Desodorantes Stick Clinical,89626,10799.00,10799.00
582,Ahumada,"Pa\u00f1al  Merries Premium, Xl 28 Unidades",89836,13349.00,13349.00
583,Ahumada,Fructis Hair Food Sandia Tratamiento 350ml,89614,4499.00,4499.00
584,Ahumada,Fructis Hair Food Sandia Shampoo 300ml,89612,4299.00,4299.00
585,Ahumada,"Pa\u00f1al Merries Premium, Rn 60 Unidades",89847,13349.00,13349.00
586,Ahumada,L\u00e1piz De Cejas Tattoo Brow Pigment Pencil 36hr 260 Deep Brown Maybelline,89816,6299.00,6299.00
587,Ahumada,"Pa\u00f1al Merries Premium, M 42 Unidades",89845,13349.00,13349.00
588,Ahumada,Delineador De Ojos Le Liner Signature - 05 Brown Denim Loreal Paris,89811,4599.00,4599.00
589,Ahumada,Uv Defender Fluido Cuidado Anti Fotoenvejecimiento,89818,11399.00,11399.00
590,Ahumada,Base De Maquillaje Superstay 24 Horas Alta Cobertura 110 Porcelain Maybelline,89803,8799.00,8799.00
591,Ahumada,Delineador De Ojos Perfect Slim - 03 Brown Loreal Paris,89809,6599.00,6599.00
592,Ahumada,"Pa\u00f1al Merries Premium, S 54 Unidades",89890,13349.00,13349.00
593,Ahumada,Base De Maquillaje Superstay 24 Horas Alta Cobertura 125 Nude Beige Maybelline,89796,8799.00,8799.00
594,Ahumada,Unbelieva Brow Nu 108 Dark Brunette\u00a0 Loreal Paris,89775,8199.00,8199.00
595,Ahumada,Delineador De Ojos Le Liner Signature - 01 Noir Cashemere Loreal Paris,89810,4599.00,4599.00
596,Ahumada,Unbelieva Brow Nu 109 Ebony Loreal Paris,89767,8199.00,8199.00
597,Ahumada,Ampolla Mascarilla En Tela Firmeza,89690,2699.00,2699.00
598,Ahumada,Base De Maquillaje Superstay 24 Horas Alta Cobertura 118 Light Beige Maybelline,89793,8799.00,8799.00
599,Ahumada,Belsomra 15mg 30comp Rec,88613,38095.00,38095.00
600,Ahumada,Valaxam-D 160\/5\/25 Comp X 30,89899,24795.00,24795.00
601,Ahumada,Eteroval Comp 90 Mg X 14,89920,11295.00,11295.00
602,Ahumada,Amoval Duo 1000 X 120 Ml,89898,21695.00,21695.00
603,Ahumada,Prostop-D Caps.X 30,89928,18795.00,18795.00
604,Ahumada,Valaxam-D 320\/10\/25 Comp X 30,89922,27295.00,27295.00
605,Ahumada,Valaxam 320\/5 Comp X 30,89921,24895.00,24895.00
606,Ahumada,Colageno Hidrolizado Liquido 450 Ml,89832,24095.00,24095.00
607,Ahumada,Multiflora Atb X 30 Capsulas,89757,17995.00,17995.00
608,Ahumada,Mascarillas Kn95 10 Unidades,89853,5795.00,5795.00
609,Ahumada,Crevet Light Efervescente Calcio Magnesio X 10 Sobres,89842,2995.00,2995.00
610,Ahumada,Ergosel Vit X 30 Capsulas,89852,10395.00,10395.00
611,Ahumada,Crema De Manos Eucerin Anti Pigment 75ml,89750,15599.00,15599.00
612,Ahumada,Pa\u00f1al Huggies Natural Care Xxg 120un,89907,31099.00,31099.00
613,Ahumada,Pa\u00f1al Huggies Natural Care G 148un,89905,31099.00,31099.00
614,Ahumada,Pa\u00f1al Huggies Natural Care Xg 124un,89906,31099.00,31099.00
615,Ahumada,Convultam 1000 Mg X 30 Comp. Rec.,89863,31395.00,31395.00
616,Ahumada,Crema Goicoechea Anti-Celulitis 400ml,89785,8999.00,8999.00
617,Ahumada,Crema Pielarmina Body Casta\u00f1a 750 Ml,89726,6299.00,6299.00
618,Ahumada,Crema Goicoechea Doble Mentol 400ml,89784,9599.00,9599.00
619,Ahumada,Crema Neutrogena Body Hidrata Y Suaviza 400ml,89749,7699.00,7699.00
620,Ahumada,Crema Corporal Nivea Naturally Good Aloe 500ml,89923,6799.00,6799.00
621,Ahumada,Crema Neutrogena Body Hidrata Y Repara 400ml,89747,7699.00,7699.00
622,Ahumada,Crema Neutrogena Body Hidrata Y Revitaliza 400ml,89748,7699.00,7699.00
623,Ahumada,Crema Dermocream Hidratacion Urea 10% 750 Ml,89600,7599.00,7599.00
624,Ahumada,Crema Cicatricure Hidratante Intensiva Reparacion 400ml,89729,7199.00,7199.00
625,Ahumada,Crema Pielarmina Body Hidratante Intensiva 750 Ml,89728,6299.00,6299.00
626,Ahumada,Crema Manos Pielarmina Clinical 48 Hrs 80 Gr,89902,3299.00,3299.00
627,Ahumada,Crema Corporal Nivea Naturally Good Palta 500ml,89924,6199.00,6199.00
628,Ahumada,Gesidol Paracetamol Bioe.1gr X 20comp,88024,8395.00,8395.00
629,Ahumada,Labial Mentholatum Med Gel 1 Unidad,89940,3195.00,3195.00
630,Ahumada,Fotoprotector Corporal Fusion Gel Sport 50 100ml ISDIN,89791,16499.00,16499.00
631,Ahumada,Brz Crema Spf 30 Leblon Bronceador 190gr,88504,7299.00,7299.00
632,Ahumada,Prot. Solar Leblon Baby Fps50 190gr,90018,6299.00,6299.00
633,Ahumada,Prot Sol Baby Dermocream Spf50+200ml,88672,12499.00,12499.00
634,Ahumada,Prot Sol Antiox Dermocream Spf50+200ml,88673,11899.00,11899.00
635,Ahumada,Protector Solar Age Repair Color Spf 50Ml ISDIN,89788,20999.00,20999.00
636,Ahumada,Bronc. Spray Australian Gold Fps15 100ml,90019,7299.00,7299.00
637,Ahumada,Pro Sol Fac Hidra Dermocream Spf50 120ml,88671,11999.00,11999.00
638,Ahumada,Bronc. Accelerator Australian Gold 100ml,90020,7299.00,7299.00
639,Ahumada,Pro Sol Antiag Dermocream Spf50 80ml,88674,11199.00,11199.00
640,Ahumada,Prot Sol Vichy Cap Sol Ecomilk Fp50 200m,89797,16499.00,16499.00
641,Ahumada,Prot Sol Vichy Capsol Ecomilk Fp50 75ml,89798,7299.00,7299.00
642,Ahumada,Prot. Sol. H.Tropic Fps30 Carrot 240ml.,73310,11799.00,11799.00
643,Ahumada,Prot Sol Isdin Active Unify Color 50ml,88479,21899.00,21899.00
644,Ahumada,Neolucid Solar Spf50+ 50ml.,74308,13699.00,13699.00
645,Ahumada,Fotoprotector Uv Sun Brush Min Spf 50 ISDIN,89792,20999.00,20999.00
646,Ahumada,Pasta Detal Total 12 Enc\u00edas Reforzadas 150ml,89333,4999.00,4999.00
647,Ahumada,Pasta Detal Total 12 Enc\u00edas Reforzadas 75ml,89334,3299.00,3299.00
648,Ahumada,Marvelon Caja 21 Comp.,7180,17845.00,17845.00
649,Ahumada,Esmartia Anillo Vaginal 1un,88682,19595.00,19595.00
650,Ahumada,Calz\u00f3n Menstrual High Waist Flujo Moderado,89925,19990.00,19990.00
651,Ahumada,Calz\u00f3n Menstrual Bikini Flujo Moderado,89873,16990.00,16990.00
652,Ahumada,"Calz\u00f3n Menstrual High Waist Flujo Intenso Negro, S",89904,19990.00,19990.00
653,Ahumada,Calz\u00f3n Menstrual Bikini Flujo Intenso,89911,16990.00,16990.00
654,Ahumada,Enjuague Bucal Phb Fresh Care 500ml,89982,5599.00,5599.00
655,Ahumada,Enjuague Bucal Phb Total Care 500ml,89981,5599.00,5599.00
656,Ahumada,Crema Neutrogena Bright Boost Fps30 40ml,89934,11999.00,11999.00
657,Ahumada,Enjuague Bucal Phb Fresh Care 200ml,89967,3999.00,3999.00
658,Ahumada,Enjuague Bucal Phb Total Care 200ml,89963,3999.00,3999.00
659,Ahumada,Crema Neutrogena Bright Boost 50ml,89933,11999.00,11999.00
660,Ahumada,"Valaxam-D 160\/10\/12,5 Comp X 30 Comp.Rec",73108,29895.00,29895.00
661,Ahumada,Enterol S 10 Capsulas 250mg,84821,9195.00,9195.00
662,Ahumada,Tram One 200mg. Caja 10 Cap. Lp.,82071,34295.00,34295.00
663,Ahumada,Bebida Electrolit Hidrat.Frut-Kiwi 625ml,90034,2295.00,2295.00
664,Ahumada,Neuleptil 40mg\/Ml Gts. Fco. 20 Ml.,16539,38395.00,38395.00
665,Ahumada,Valaxam 320 \/ 10 Mg 30comp Rec,87890,30895.00,30895.00
666,Ahumada,DERMO SOLUTION SPRAY KIDS FPS50 200ML,89866,8999.00,8999.00
667,Ahumada,Thealoz Duo Gel 30vial,88685,29695.00,29695.00
668,Ahumada,Plenitex 75 Mg. Caja 30cap,82411,12495.00,12495.00
669,Ahumada,Bebida Electrolit Hidrat. Frutilla 625ml,90031,2295.00,2295.00
670,Ahumada,Somnipron 10mg 30comp Rec,88843,13795.00,13795.00
671,Ahumada,DERMO SOLUTION SPRAY ADULTO FPS50 200ML,89865,8999.00,8999.00
672,Ahumada,Bebida Electrolit Hidrat. Uva 625ml,90032,2295.00,2295.00
673,Ahumada,Etaconil 250mg. Caja 90 Comp.,7123,36595.00,36595.00
674,Ahumada,Alcon Cilo-Dex Susp. Oft. Fco. 5ml.,38725,26895.00,26895.00
675,Ahumada,Daivonex 0.005% Ugto. Pomo 30 Gr.,6399,47095.00,47095.00
676,Ahumada,Etaconil 250mg. Caja 20 Comp.,6889,15295.00,15295.00
677,Ahumada,Benzac Ac 5% Gel Pomo 15gr,82933,14695.00,14695.00
678,Ahumada,Bebida Electrolit Hidrat. Naranja 625ml,90033,2295.00,2295.00
679,Ahumada,Clavinex Duo Forte 800 \/ 57 Mg X 100ml,87875,30295.00,30295.00
680,Ahumada,Infor Pro Vegan Omega 3 X 30 C\u00e1psulas,89950,12995.00,12995.00
681,Ahumada,Belsomra 10mg 30comp Rec,88328,38095.00,38095.00
682,Ahumada,Woman Isdin Higiene Intima,83016,11199.00,11199.00
683,Ahumada,"Base Maybe. Dream Mat.113gr., H. Beige",46906004,9299.00,9299.00
684,Ahumada,"Base Maybe. Dream Mat.113gr., Nude",46906001,9299.00,9299.00
685,Ahumada,Prot Sol Fac Adn Dermocream Spf50 120ml,88670,12499.00,12499.00
686,Ahumada,Test Covid Antigeno Nasal Kit X 5 Test,90041,49995.00,49995.00
687,Ahumada,"Cidimus 0,5mg. Caja 50 Cap.",73121,54095.00,54095.00
688,Ahumada,Azulfidine-Ect 500mg. Caja 100 Comp Rec.,24261,98795.00,98795.00
689,Ahumada,Divalprex 250 Mg 50comp Rec,84719,23995.00,23995.00
690,Ahumada,"Miconail 5% Fco. 2,5 Ml Laca U\u00bfAs",88839,18995.00,18995.00
691,Ahumada,Pregabax 150 Mg 28cap,86862,21995.00,21995.00
692,Ahumada,Clidan Gel Dermico 1% Dos Pomos 15gr.,82693,18795.00,18795.00
693,Ahumada,Lifestyles Nude Preservativo 21un.,80882,12795.00,12795.00
694,Ahumada,"Virgan 1,5mg\/G Gel Oftalmico 5gr.",73851,28195.00,28195.00
695,Ahumada,Cidimus 1mg. Caja 100 Cap.,73118,222995.00,222995.00
696,Ahumada,Erylik Gel Top. Pomo 30 Gr.,45722,23295.00,23295.00
697,Ahumada,Montelukast 10 Mg 30comp Rec,87299,29995.00,29995.00
698,Ahumada,"Clodavan 0,05% Sol.Topica Fco. 30ml.",71272,9695.00,9695.00
699,Ahumada,Galanvitae 8mg Caja 28 Cap.,85845,39795.00,39795.00
700,Ahumada,Xalacom Col. Fco. 2.5 Ml.,26538,47795.00,47795.00
701,Ahumada,Tramadol \/Paracetamol 325\/37.5 Mg 30c R,88018,8195.00,8195.00
702,Ahumada,Sertac 50mg. Caja 30 Comp. Rec.,45100,22595.00,22595.00
703,Ahumada,Biktarvy Biktarvy 30comp Rec,88333,484395.00,484395.00
704,Ahumada,Sandimmun Neoral 25 Mg. Caja 50 Cap.,4994,54995.00,54995.00
705,Ahumada,Biolev 50mg. Caja 30 Comp. Rec.,72696,47295.00,47295.00
706,Ahumada,Kaletra Caja 120 Comprimidos.,50159,434245.00,434245.00
707,Ahumada,Norvir 100mg. Caja 30 Comp. Rec.,72199,78195.00,78195.00
708,Ahumada,"Valax D 80\/12,5 Caja 30 Comp. Rec.",71175,15995.00,15995.00
709,Ahumada,"Cronotan 37,5\/325mg Caja 30comp",82969,14195.00,14195.00
710,Ahumada,"Blephademodex Terpinen4-Ol 2,5% 30sachet",88738,27395.00,27395.00
711,Ahumada,Niofen Neo Forte Suspension Oral 120ml.,74282,9995.00,9995.00
712,Ahumada,Gelacne 30gr,87284,21395.00,21395.00
713,Ahumada,Valcote 500 Mg. Caja 20 Comp. Rec.,5619,37895.00,37895.00
714,Ahumada,Procion 20 Mg. Caja 20 Comp.,37178,6695.00,6695.00
715,Ahumada,Relsed Fexofenadina Clorhidrato 120ml,88341,8495.00,8495.00
716,Ahumada,Rubrimet Crema Topica 30gr,87224,17095.00,17095.00
717,Ahumada,Donap 10mg 30comp Rec,88830,41395.00,41395.00
718,Ahumada,Divalprex 500 Mg 50comp Rec,84730,31995.00,31995.00
719,Ahumada,Avene Tolerance Control Crema 40ml,89867,20999.00,20999.00
720,Ahumada,Ismo 20mg. Caja 30 Comp.,1397,16995.00,16995.00
721,Ahumada,Galanvitae 16mg Caja 28 Cap.,85846,42795.00,42795.00
722,Ahumada,Sandimmun Neoral 10 Mg. Caja 60 Cap.,13844,26495.00,26495.00
723,Ahumada,Plessir 3 Mg Por 30 Comprimidos Rec.,66492,8995.00,8995.00
724,Ahumada,Deucoaler Caja 30 Comp.,45004,5995.00,5995.00
725,Ahumada,Z-Zincovit Plus X 30 Comp Rec,90006,10795.00,10795.00
726,Ahumada,Infor Pro Vegan Pre Nat 60 Comprimidos,89937,15695.00,15695.00
727,Ahumada,Infor Pro Vegan Probi\u00bfTico 60 Comp,89938,8395.00,8395.00
728,Ahumada,No 7 Delineador De Labios Precision Red x 1 Unidad,81246,5999.00,5999.00
729,Ahumada,Lady Speed Stick Antitranspirante Barra 24\/7 Floral Fresh x 45 g,32153,3399.00,3399.00
730,Ahumada,Axe Pack Desodorantes Body Spray Marine x 1 Pack,79496,4999.00,4999.00
731,Ahumada,Maybelline Corrector Liquido Larga Duraci\u00f3n Super Stay Alta Cobertura 15 Light x 7 mL,88161,4899.00,4899.00
732,Ahumada,Pampers Pa\u00f1al Premium Care P x 36 Unidades,83207,8599.00,8599.00
733,Ahumada,Huggies Pa\u00f1al Natural Care M x 36 Unidades,81787,12899.00,12899.00
734,Ahumada,L'Or\u00e9al Paris Base Visible Lift 146 Nude Beige x 30 mL,75332,11999.00,11999.00
735,Ahumada,TENA Pants Ropa interior desechable unisex talla G 10 unidades,82421,8895.00,8895.00
736,Ahumada,talco para beb\u00e9 johnsons\u00ae antes de dormir x 200 gr.,86604,2399.00,2399.00
737,Ahumada,Vichy Base Liftactiv Flexilift Teint Tono 45 x 30 mL,68698,29999.00,29999.00
738,Ahumada,L'Or\u00e9al Paris Corrector Infallible More Than Concealer Bisque x 11 mL,87571,6499.00,6499.00
739,Ahumada,shampoo para beb\u00e9 johnsons\u00ae ph balanceado x 400 ml.,86588,3299.00,3299.00
740,Ahumada,Cardiosmile X 30 Sachets 315 ML,89891,16195.00,16195.00
741,Ahumada,shampoo para beb\u00e9 johnsons\u00ae ph balanceado x 750 ml.,86598,4999.00,4999.00
742,Ahumada,Nutrisse Tintura Sexy Brownie 677 x 219 g,86416,5799.00,5799.00
743,Ahumada,crema hidratante para beb\u00e9 johnsons\u00ae para antes de dormir x 200 ml.,65871,3599.00,3599.00
744,Ahumada,Etiquet Pack Antitranspirante Woman Roll - On Floral 60 g x 1 Pack,82794,3999.00,3999.00
745,Ahumada,CREMA MULTIPROPOSITO NIVEA SOFT MIX IT OASIS 50ML,86252,3899.00,3899.00
746,Ahumada,L'Oreal Tintura Men Expert Excell 5 Tono 1 x 134 g,87991,10999.00,10999.00
747,Ahumada,Speed Stick Antitranspirante Spray Waterproof Fresh x 150 mL,84183,3399.00,3399.00
748,Ahumada,"L'Or\u00e9al Paris Labial Les Macarons 840 Infinite Plum x 7,6 mL",87567,6899.00,6899.00
749,Ahumada,Dove Antitranspirante Spray Dermo Aclarante x 150 mL,83551,3099.00,3099.00
750,Ahumada,Asepxia Maquillaje Polvo Comprimido Beige Claro Nf 10 Gr,88358,6399.00,6399.00
751,Ahumada,L'Or\u00e9al Paris BB Cream C'Est Magic 02 Light x 30 mL,88360,8399.00,8399.00
752,Ahumada,"L'Or\u00e9al Paris Mascara De Pesta\u00f1as Paris Bambi False Lash 01 Black x 7,4 mL",88334,9399.00,9399.00
753,Ahumada,La Coupe Acondicionador Orgnx Brazin Keratin Complex x 300 mL,78819,6999.00,6999.00
754,Ahumada,No 7 Polvo Compacto Perfect Fair x 1 Unidad,81235,10990.00,10990.00
755,Ahumada,Old Spice Pack Body Spray Showtime x 1 Pack,80490,4399.00,4399.00
756,Ahumada,Simond's Jab\u00f3n L\u00edquido Hipoalerg\u00e9nico Dermo Care Avena x 1000 mL,45037,2199.00,2199.00
757,Ahumada,"Maybelline M\u00e1scara De Pesta\u00f1as Falsies Lash Lift A Prueba De Agua Negro x 8,6 mL",88159,8399.00,8399.00
758,Ahumada,CREMA FACIAL ANTIARRUGAS 55+ REVITALIZANTE NIVEA 50 ML,84924,5499.00,5499.00
759,Ahumada,"Interprox Cepillo intrdental C\u00f3nico 1,3 x 6 Unidades",32220,5399.00,5399.00
760,Ahumada,Old Spice Body Spray Wolfthorn x 150 mL,80435,3199.00,3199.00
761,Ahumada,Agatha Ruiz de la Prada Eau De Toilette Gotas De Color Bubble x 30 mL,87230,5999.00,5999.00
762,Ahumada,L'Or\u00e9al Paris Infallible 24HR 2-Step Lipstick 700 Boundless Burgundy x 1 Unidad,88359,7199.00,7199.00
763,Ahumada,Nestle Picados Frasco Charquican x 250 g,48247,1999.00,1999.00
764,Ahumada,Just For Men Tintura En Shampoo Casta\u00f1o Oscuro H-45 x 60 mL,32405,11999.00,11999.00
765,Ahumada,acondicionador para ni\u00f1os johnsons\u00ae gotas de brillo\u00ae x 400 ml.,86589,3299.00,3299.00
766,Ahumada,La Roche Posay Protector Solar Anthelios Polvo Compacto Tono 01 FPS 50 x 9 g,77142,28199.00,28199.00
767,Ahumada,Maybelline Labial Larga Duraci\u00f3n Superstay 24 Horas 875 Frozen Rose Paso 1 y 2 x 1 Unidad,88162,6099.00,6099.00
768,Ahumada,Mascarilla en Tela Nivea Urban Skin Shot Detox 10 Minutos,87416,2599.00,2599.00
769,Ahumada,Fructis Style Natural Styling Curl Butter x 311 mL,88239,6299.00,6299.00
770,Ahumada,m\u00e1scara facial de hidrogel neutrogena purifying boost 30ml,86847,3299.00,3299.00
771,Ahumada,No 7 Base Con Serum Lift & Luminate Calico x 30 mL,85078,19990.00,19990.00
772,Ahumada,Asepxia Maquillaje Polvo Comprimido Marfil Nf 10 Gr,78494,6599.00,6599.00
773,Ahumada,LOCI\u00d3N CORPORAL NIVEA VAINILLA & ACEITE DE ALMENDRAS 400ML,86562,5699.00,5699.00
774,Ahumada,Crema Facial Hidratante EUCERIN AQUAPORIN PIEL NORMAL A MIXTA 50 ML,79907,22099.00,22099.00
775,Ahumada,Old Spice Desodorante Barra Pure Sport x 50 g,44346,3199.00,3199.00
776,Ahumada,"Maybelline Delineador De Ojos Tattoo Liner 910 Bold Brown x 1,3 g",87759,4399.00,4399.00
777,Ahumada,CREMA FACIAL HIDRATANTE ACTIVA DIA NIVEA FPS15 PIEL NORMAL 50ML,32101,5199.00,5199.00
778,Ahumada,DESODORANTE SPRAY NIVEA ACLARADO NATURAL BEAUTY TOUCH 150ML,76778,2999.00,2999.00
779,Ahumada,Absorbente Leche Lansinoh 36un,89777,8299.00,8299.00
780,Ahumada,Agatha Pack Bubbles Gotas+Beso+Flor,90163,14999.00,14999.00
781,Ahumada,Pack Navidad 2021 Mineral 89 Vichy 3u,90169,23899.00,23899.00
782,Ahumada,Pack Garnier Aclara Serum+Micelar+Crema,90182,14599.00,14599.00
783,Ahumada,Pack Vichy Collagen Specialist 50ml,90171,34299.00,34299.00
784,Ahumada,Pack Nivea Corporal 2x Q10 400ml,90152,10399.00,10399.00
785,Ahumada,Pack Eucerin Dermopure Gel+Crm+Mp+Msunoc,90149,25999.00,25999.00
786,Ahumada,Pack Diabet Tx 400ml 2un,89727,14199.00,14199.00
787,Ahumada,Antonio B Med 2021.H2(Edt50ml+As75ml),90161,10399.00,10399.00
788,Ahumada,Aq Quorum Edt 100 + Deo Spr 150,90158,13599.00,13599.00
789,Ahumada,Pack Eucerin Hf Ps Crm+N+Mist+Co+Minisun,90118,44999.00,44999.00
790,Ahumada,Pack Nivea Q10 Dia 50ml + Noche 50ml,90102,11999.00,11999.00
791,Ahumada,Pack Nivea Hyaluron Filler Dia+Noche,90104,17699.00,17699.00
792,Ahumada,Pack Eucerin Face Sun Oc+Mini Body Oc,90150,18999.00,18999.00
793,Ahumada,Pack Vichy Ha Epidermic Filler 30 ml,90172,31199.00,31199.00
794,Ahumada,Deltius Sol Oral 25.000 Ui X 4 Ampollas,89961,16795.00,16795.00
795,Ahumada,Pack Nivea Micellair+Toallitas+Lip,90106,6199.00,6199.00
796,Ahumada,Pack Loreal Rvt Ha Dia+Micelar,90181,12499.00,12499.00
797,Ahumada,Pack Cicatricure Gold Dia+Noche+Cont,89968,41999.00,41999.00
798,Ahumada,Shakira Dance Edt 50ml + Bl75 Ml,90156,15699.00,15699.00
799,Ahumada,Pack Eucerin Srm3d+Hf D+Hf N+Minipigctrl,90108,40999.00,40999.00
800,Ahumada,Pack Nivea Hid Dia 50ml+Regen Noche 50ml,90103,7299.00,7299.00
801,Ahumada,Antonio B Bsw 50ml+Deo 150ml,90160,14999.00,14999.00
802,Ahumada,Pack Eucerin Hf Dc Mic+Dia+Mini N+Minipa,90147,31199.00,31199.00
803,Ahumada,Deltius Sol Oral 100.000 Ui X 4 Ampollas,89962,39895.00,39895.00
804,Ahumada,Pack Goicoechea Cover 95gr+Arnica 400gr,90021,13599.00,13599.00
805,Ahumada,Quorum Est Edt 50ml Vp+Deo150ml,90164,10599.00,10599.00
806,Ahumada,Antonio B Blue 50ml+Deo 150ml,90159,14999.00,14999.00
807,Ahumada,Pack Vichy Neovadiol Dia 50ml,90170,31199.00,31199.00
808,Ahumada,Agua Brava Est Edc 50ml Vp + Deo 150ml,90157,10599.00,10599.00
809,Ahumada,Agatha Ruiz Gotas(Edt50ml+Nailpolish),90162,17649.00,17649.00
810,Ahumada,Pack Nivea Milk 400ml+Q10 400ml,90153,9399.00,9399.00
811,Ahumada,Pack Cicatricure Agecare,89969,9999.00,9999.00
812,Ahumada,Pack Eucerin Hf Vitamina C Booster 3x,90180,28099.00,28099.00
813,Ahumada,Pack Eucerin Prot Sol Face Pa+Hyal Mist,90151,19999.00,19999.00
814,Ahumada,Pack Eucerin Ap Srm+Mini N Ap+Mini Sunpc,90146,37999.00,37999.00
815,Ahumada,Infor Pro Vegan Mujer 30 Comprimidos,89939,9395.00,9395.00
816,Ahumada,Ensure Advance Caf\u00e9 237 Ml,90191,2345.00,2345.00
817,Ahumada,Lacsure Vainilla 800gr,90190,16995.00,16995.00
818,Ahumada,Spray Laca Pantene Styling Sin Alcohol N\u00b04 200 Gr,86480,6399.00,6399.00
819,Ahumada,Crema Hidratante Toleriane Dermallergo Fluido 40 Ml,90165,21299.00,21299.00
820,Ahumada,Crema Hidratante Toleriane Dermallergo Ojos 20 Ml,90168,19199.00,19199.00
821,Ahumada,Crema Hidratante Toleriane Dermallergo Crema 40 Ml,90167,21299.00,21299.00
822,Ahumada,Arp Gotas Ltd 2021 Edt 100ml Vp,90166,14999.00,14999.00
