,Farmacia,Producto,SKU,Normal,Oferta
0,Ahumada,Metorene 50 mg x 30 Comprimidos,79185,11295.00,11295.00
1,Ahumada,N/A,N/A,N/A,N/A
2,Ahumada,Glucerna Vainilla x 850 g Polvo Para Suspensi\u00f3n Oral,86119,20495.00,20495.00
3,Ahumada,Care Plus Algodon Zigzag x 100 g,74316,2345.00,2345.00
4,Ahumada,Care Plus Algodon Zigzag x 100 g,74316,2345.00,2345.00
5,Ahumada,XL-3 Alcohol Gel  Antibacterial x 240 mL,88222,3199.00,3199.00
6,Ahumada,XL-3 Alcohol Gel  Antibacterial x 240 mL,88222,3199.00,3199.00
7,Ahumada,Pomado Gatsby Urban Dry 75gr,89859,7099.00,7099.00
8,Ahumada,Studio Line Gel Capilar Fix Ultra Forte x 370 mL,72170,6299.00,6299.00
9,Ahumada,N/A,N/A,N/A,N/A
10,Ahumada,N/A,N/A,N/A,N/A
11,Ahumada,"Mentholatum Inhalador Nasal x 1,5 g Soluci\u00f3n Para Inhalaci\u00f3n Nasal",1279,3795.00,3795.00
12,Ahumada,"Prolong 1000 11,5 % x 10 g Spray T\u00f3pico",8741,8695.00,8695.00
13,Ahumada,"Prolong 1000 11,5 % x 10 g Spray T\u00f3pico",8741,8695.00,8695.00
14,Ahumada,N/A,N/A,N/A,N/A
15,Ahumada,Blunding Cabestrillo Talla 8-10 Verde x 1 Unidad,87040,5995.00,5995.00
16,Ahumada,N/A,N/A,N/A,N/A
17,Ahumada,Boots Brocha Para Rubor x 1 Unidad,86045,2999.00,2999.00
18,Ahumada,SPRAY ANTITRANSPIRANTE PARA PIES SILVER ACTIVE HANSAPLAST 150ML,68436,4799.00,4799.00
19,Ahumada,SPRAY ANTITRANSPIRANTE PARA PIES SILVER ACTIVE HANSAPLAST 150ML,68436,4799.00,4799.00
20,Ahumada,"Gutron 2,5 mg x 20 Comprimidos ",19990,17595.00,17595.00
21,Ahumada,"Gutron 2,5 mg x 20 Comprimidos ",19990,17595.00,17595.00
22,Ahumada,Insulina Lantus Solostar 100 UI\/mL Solucion Inyectable x 1 Unidad,62526,25795.00,25795.00
23,Ahumada,Insulina Lantus Solostar 100 UI\/mL Solucion Inyectable x 1 Unidad,62526,25795.00,25795.00
24,Ahumada,Dolorub Hilos De Cobre x 1 Parche,80662,2595.00,2595.00
25,Ahumada,Dolorub Hilos De Cobre x 1 Parche,80662,2595.00,2595.00
26,Ahumada,Jeringa Desechable 5 mL x 1 Unidad,7772,695.00,695.00
27,Ahumada,N/A,N/A,N/A,N/A
28,Ahumada,Egogyn 1000 UI x 30 C\u00e1psulas Blandas,19035,11695.00,11695.00
29,Ahumada,Egogyn 1000 UI x 30 C\u00e1psulas Blandas,19035,11695.00,11695.00
30,Ahumada,"FUTURO\u2122 Mu\u00f1equera Reversible con F\u00e9rula Ajustable, 10770PSR",78037,15495.00,15495.00
31,Ahumada,Blunding Mu\u00f1equera Elastica Talla M x 1 Unidad,87044,5995.00,5995.00
32,Ahumada,Dove Jabon Liquido Recarga x 700 mL,70730,3499.00,3499.00
33,Ahumada,Dove Jabon Liquido Recarga x 700 mL,70730,3499.00,3499.00
34,Ahumada,Dove Jabon Liquido Recarga x 700 mL,70730,3499.00,3499.00
35,Ahumada,Otipax x 15 mL Soluci\u00f3n Para Gotas Oticas,79927,15495.00,15495.00
36,Ahumada,Just For Men Tintura En Shampoo Casta\u00f1o Oscuro H-45 x 60 mL,32405002,12799.00,12799.00
37,Ahumada,Menopur 75 UI x 5 Frascos Ampollas Polvo Liofilizado Para Soluci\u00f3n Inyectable Con Solvente,49848,186645.00,186645.00
38,Ahumada,Menopur 75 UI x 5 Frascos Ampollas Polvo Liofilizado Para Soluci\u00f3n Inyectable Con Solvente,49848,186645.00,186645.00
39,Ahumada,N/A,N/A,N/A,N/A
40,Ahumada,N/A,N/A,N/A,N/A
41,Ahumada,Agujas Insupen 32 Extreme De 4 Mm X5,89328,995.00,995.00
42,Ahumada,Pasurta Soluci\u00f3n Inyectable 70 mg\/mL x 1 Jeringa Prellenada,86733,259795.00,259795.00
43,Ahumada,Otiblock x 45 mL Soluci\u00f3n Otica,85921,11195.00,11195.00
44,Ahumada,Otiblock x 45 mL Soluci\u00f3n Otica,85921,11195.00,11195.00
45,Ahumada,Otiblock x 45 mL Soluci\u00f3n Otica,85921,11195.00,11195.00
46,Ahumada,Eminence Fragancia Sport Con Atomizador x 100 mL,19310,8899.00,8899.00
47,Ahumada,Options Cotonitos Caja x 200 Unidades,73544,2499.00,2499.00
48,Ahumada,Epi Derm EDG 499 2 cm x 2 cm x 1 Unidad,19080,11795.00,11795.00
49,Ahumada,N/A,N/A,N/A,N/A
50,Ahumada,N/A,N/A,N/A,N/A
51,Ahumada,N/A,N/A,N/A,N/A
52,Ahumada,Urifem x 60 Capsulas,88174,15995.00,15995.00
53,Ahumada,Urifem x 60 Capsulas,88174,15995.00,15995.00
54,Ahumada,Jeringa Desechable 10 mL x 1 Unidad,7785,695.00,695.00
55,Ahumada,Lidocaina Clorhidrato 2 % 5 mL x 5 Ampollas Soluci\u00f3n Inyectable,62955,1545.00,1545.00
56,Ahumada,Lidocaina 4 % x 15 g Gel,924,6095.00,6095.00
57,Ahumada,Blondor Decolorante x 20 g,2733,2099.00,2099.00
58,Ahumada,N/A,N/A,N/A,N/A
59,Ahumada,N/A,N/A,N/A,N/A
60,Ahumada,N/A,N/A,N/A,N/A
61,Ahumada,N/A,N/A,N/A,N/A
62,Ahumada,Gasa Est\u00e9ril Suave y Resistente 10x10cm,49703,4495.00,4495.00
63,Ahumada,Uriage Desodorante Roll On Power3 x 50 mL,87649,9499.00,9499.00
64,Ahumada,N/A,N/A,N/A,N/A
65,Ahumada,N/A,N/A,N/A,N/A
66,Ahumada,Sodio Bicarbonato Oficinal x 100 g Polvo Para Suspension,85344,1495.00,1495.00
67,Ahumada,Sodio Bicarbonato Oficinal x 100 g Polvo Para Suspension,85344,1495.00,1495.00
68,Ahumada,GUANTES DE VINILO TALLA L CS 100 Unidades,89055,12095.00,12095.00
69,Ahumada,Brooks Talco 220 g Mas Talco 80 g x 1 Unidad,60193,5549.00,5549.00
70,Ahumada,Quitacallos 30 % x 5 g Pomada D\u00e9rmica,5178,6795.00,6795.00
71,Ahumada,Quitacallos 30 % x 5 g Pomada D\u00e9rmica,5178,6795.00,6795.00
72,Ahumada,N/A,N/A,N/A,N/A
73,Ahumada,Simond's Estuche Recien Nacido x 1 Pack,65631,8749.00,8749.00
74,Ahumada,N/A,N/A,N/A,N/A
75,Ahumada,N/A,N/A,N/A,N/A
76,Ahumada,N/A,N/A,N/A,N/A
77,Ahumada,Evra x 3 Parches TransD\u00e9rmicos,43573,21795.00,21795.00
78,Ahumada,N/A,N/A,N/A,N/A
79,Ahumada,Similibus x 30 mL Solucion Oral Para Gotas,87492,6295.00,6295.00
80,Ahumada,Similibus x 30 mL Solucion Oral Para Gotas,87492,6295.00,6295.00
81,Ahumada,Clearblue Digital Ovulation Test x 1 Unidad,80966,37795.00,37795.00
82,Ahumada,Liberat 120 mg x 90 C\u00e1psulas,61742,45795.00,45795.00
83,Ahumada,Liberat 120 mg x 90 C\u00e1psulas,61742,45795.00,45795.00
84,Ahumada,Omacor 1000 mg x 28 C\u00e1psulas Blandas,80288,24295.00,24295.00
85,Ahumada,Omacor 1000 mg x 28 C\u00e1psulas Blandas,80288,24295.00,24295.00
86,Ahumada,N/A,N/A,N/A,N/A
87,Ahumada,N/A,N/A,N/A,N/A
88,Ahumada,Neupro 4 mg\/24 horas x 14 Parches Transdermicos,71969,47795.00,47795.00
89,Ahumada,"Fragmin 5000 UI\/0,2 mL x 1 Ampolla Solucion Inyectable",5816,27595.00,27595.00
90,Ahumada,"Fragmin 5000 UI\/0,2 mL x 1 Ampolla Solucion Inyectable",5816,27595.00,27595.00
91,Ahumada,Jeringa Desechable 5 mL x 1 Unidad,7772,695.00,695.00
92,Ahumada,"FUTURO\u2122 Rodillera Ajustable, talla \u00fanica",78035,14495.00,14495.00
93,Ahumada,Blunding Rodillera Elastica Talla L x 1 Unidad,87043,7995.00,7995.00
94,Ahumada,N/A,N/A,N/A,N/A
95,Ahumada,N/A,N/A,N/A,N/A
96,Ahumada,N/A,N/A,N/A,N/A
97,Ahumada,N/A,N/A,N/A,N/A
98,Ahumada,"Epi Derm EDG 1000 14,5 cm x 3,5 cm x 1 Unidad",37601,28195.00,28195.00
99,Ahumada,N/A,N/A,N/A,N/A
100,Ahumada,Gasa Est\u00e9ril Suave y Resistente 15x15cm,49704,5095.00,5095.00
101,Ahumada,Ginedazol Dual Crema + Ovulos x 1 Set,1608,25495.00,25495.00
102,Ahumada,Antabus 500 mg x 24 Comprimidos,5204,33595.00,33595.00
103,Ahumada,Antabus 500 mg x 24 Comprimidos,5204,33595.00,33595.00
104,Ahumada,N/A,N/A,N/A,N/A
105,Ahumada,N/A,N/A,N/A,N/A
106,Ahumada,N/A,N/A,N/A,N/A
107,Ahumada,N/A,N/A,N/A,N/A
108,Ahumada,Lymphomyosot N x 30 mL Soluci\u00f3n Oral Para Gotas,49976,21745.00,21745.00
109,Ahumada,Lymphomyosot N x 30 mL Soluci\u00f3n Oral Para Gotas,49976,21745.00,21745.00
110,Ahumada,Blistex x 6 g Crema Labial,239,3395.00,3395.00
111,Ahumada,Blistex x 6 g Crema Labial,239,3395.00,3395.00
112,Ahumada,"OZEMPIC SEMAGLUTIDA 2\/1,5ML JERINGA PRELLENADA",88319,164395.00,164395.00
113,Ahumada,Vitayde-C x 30 mL Soluci\u00f3n Oral Para Gotas,28175,19795.00,19795.00
114,Ahumada,Vitayde-C x 30 mL Soluci\u00f3n Oral Para Gotas,28175,19795.00,19795.00
115,Ahumada,N/A,N/A,N/A,N/A
116,Ahumada,CREMA REPARADORA PARA PIES 10% UREA EUCERIN100 ML,38097,12099.00,12099.00
117,Ahumada,Suero Glucosalino Isotonico x 500 mL Solucion Inyectable,62958,2195.00,2195.00
118,Ahumada,Suero Glucosalino Isotonico x 500 mL Solucion Inyectable,62958,2195.00,2195.00
119,Ahumada,"Flamir 0,3 % x 30 g Gel Topico",73895,24695.00,24695.00
120,Ahumada,Tol 12 Forte 10000 UI x 3 Ampollas Soluci\u00f3n Inyectable,8516,7195.00,7195.00
121,Ahumada,Lysoform Desodorante Ambiental Desinfectante Original x 360 mL,40247,3099.00,3099.00
122,Ahumada,Lysoform Desodorante Ambiental Desinfectante Original x 360 mL,40247,3099.00,3099.00
123,Ahumada,Lysoform Desodorante Ambiental Desinfectante Original x 360 mL,40247,3099.00,3099.00
124,Ahumada,Uren Est. Caja 24 Comp.,3090,5295.00,5295.00
125,Ahumada,Uren Est. Caja 24 Comp.,3090,5295.00,5295.00
126,Ahumada,"Venda Elastica Care Plus 10 cm x 4,5 m x 1 unidad",73391,3795.00,3795.00
127,Ahumada,N/A,N/A,N/A,N/A
128,Ahumada,Gutapercha Barras x 1 Unidad,5535,1099.00,1099.00
129,Ahumada,Gutapercha Barras x 1 Unidad,5535,1099.00,1099.00
130,Ahumada,Care Plus Gasa Hidr\u00f3fila 5 Yardas x 1 Tarro,77371,4645.00,4645.00
131,Ahumada,Vincristina Sulfato 1mg\/10ml\u00a0 Fco.Amp,86381,6995.00,6995.00
132,Ahumada,N/A,N/A,N/A,N/A
133,Ahumada,Pigeon Extractor Leche Con Manilla B\u00e1sico 1 x 1 Unidad,86881,33399.00,33399.00
134,Ahumada,N/A,N/A,N/A,N/A
135,Ahumada,"Suprahyal 25 mg\/2,5 mL Soluci\u00f3n Inyectable x 1 Jeringa Prellenada",38839,62395.00,62395.00
136,Ahumada,"Suprahyal 25 mg\/2,5 mL Soluci\u00f3n Inyectable x 1 Jeringa Prellenada",38839,62395.00,62395.00
137,Ahumada,N/A,N/A,N/A,N/A
138,Ahumada,N/A,N/A,N/A,N/A
139,Ahumada,N/A,N/A,N/A,N/A
140,Ahumada,N/A,N/A,N/A,N/A
141,Ahumada,Ducray Tratamiento Anacaps Activ+ x 30 C\u00e1psulas,80526,17999.00,17999.00
142,Ahumada,Protectum 50 mg\/5 mL x 100 mL Jarabe,82037,10695.00,10695.00
143,Ahumada,N/A,N/A,N/A,N/A
144,Ahumada,N/A,N/A,N/A,N/A
145,Ahumada,Blunding Mu\u00f1equera Elastica Talla L x 1 Unidad,87042,5995.00,5995.00
146,Ahumada,Lidocaina Clorhidrato 2 % 5 mL x 5 Ampollas Soluci\u00f3n Inyectable,62955,1545.00,1545.00
147,Ahumada,Haldol Decanoato 50mg. Caja 1 Amp. 1 M,8323,22295.00,22295.00
148,Ahumada,Vichy Homme Balsamo Afeitado Senstive Baume x 75 mL,62102,19999.00,19999.00
149,Ahumada,Vichy Homme Balsamo Afeitado Senstive Baume x 75 mL,62102,19999.00,19999.00
150,Ahumada,Vichy Homme Balsamo Afeitado Senstive Baume x 75 mL,62102,19999.00,19999.00
151,Ahumada,N/A,N/A,N/A,N/A
152,Ahumada,N/A,N/A,N/A,N/A
153,Ahumada,HIGIENE INTIMA EUCERIN 250 ML,41675,10149.00,10149.00
154,Ahumada,HIGIENE INTIMA EUCERIN 250 ML,41675,10149.00,10149.00
155,Ahumada,HIGIENE INTIMA EUCERIN 250 ML,41675,10149.00,10149.00
156,Ahumada,N/A,N/A,N/A,N/A
157,Ahumada,N/A,N/A,N/A,N/A
158,Ahumada,"FUTURO\u2122 Rodillera Ajustable, talla \u00fanica",78035,14495.00,14495.00
159,Ahumada,Banana Boat Gel Post Solar Hidratante Vitamina E x 453 g,78023,8499.00,8499.00
160,Ahumada,Prolia 60 mg\/mL x 1 Jeringa Prellenada Solucion Inyectable,72237,197395.00,197395.00
161,Ahumada,Prolia 60 mg\/mL x 1 Jeringa Prellenada Solucion Inyectable,72237,197395.00,197395.00
162,Ahumada,Vichy Crema Para Afeitar Homme Anti Irritacion x 200 mL,62106,16499.00,16499.00
163,Ahumada,Termometro Infrarrojo x 1 Unidad,88451,32995.00,32995.00
164,Ahumada,Termometro Infrarrojo x 1 Unidad,88451,32995.00,32995.00
165,Ahumada,N/A,N/A,N/A,N/A
166,Ahumada,N/A,N/A,N/A,N/A
167,Ahumada,N/A,N/A,N/A,N/A
168,Ahumada,N/A,N/A,N/A,N/A
169,Ahumada,Blunding Rodillera Elastica Talla M x 1 Unidad,86984,7995.00,7995.00
170,Ahumada,Options Copos De Algod\u00f3n x 100 Unidades,82099,1599.00,1599.00
171,Ahumada,Tranexton 650 mg x 30 Comprimidos,74659,30495.00,30495.00
172,Ahumada,Tranexton 650 mg x 30 Comprimidos,74659,30495.00,30495.00
173,Ahumada,Povidona Yodada Oficinal 10 % x 200 mL Solucion Topica,85341,2495.00,2495.00
174,Ahumada,Povidona Yodada Oficinal 10 % x 200 mL Solucion Topica,85341,2495.00,2495.00
175,Ahumada,Atropina 1% Solucion Oftalmica x 10 mL,86454,13895.00,13895.00
176,Ahumada,Atropina 1% Solucion Oftalmica x 10 mL,86454,13895.00,13895.00
177,Ahumada,Lady Speed Stick Desodorante Gel Active Fresh x 65 g,32466004,4899.00,4899.00
178,Ahumada,Jeringa Desechable Insulina 100 UI x 10 Unidades,12247,2195.00,2195.00
179,Ahumada,Care-Plus Gasa 2 1\/2 Yardas x 1 Tarro,77359,3445.00,3445.00
180,Ahumada,Parche Ocular Opticlude Remoci\u00f3n Suave Ni\u00f1os,82117,12495.00,12495.00
181,Ahumada,Parche Ocular Opticlude Remoci\u00f3n Suave Ni\u00f1os,82117,12495.00,12495.00
182,Ahumada,N/A,N/A,N/A,N/A
183,Ahumada,CAVERJECT 20MCG. CAJA 1 VIAL. 1ML.,4789,48795.00,48795.00
184,Ahumada,N/A,N/A,N/A,N/A
185,Ahumada,N/A,N/A,N/A,N/A
186,Ahumada,N/A,N/A,N/A,N/A
187,Ahumada,N/A,N/A,N/A,N/A
188,Ahumada,N/A,N/A,N/A,N/A
189,Ahumada,N/A,N/A,N/A,N/A
190,Ahumada,N/A,N/A,N/A,N/A
191,Ahumada,N/A,N/A,N/A,N/A
192,Ahumada,N/A,N/A,N/A,N/A
193,Ahumada,N/A,N/A,N/A,N/A
194,Ahumada,N/A,N/A,N/A,N/A
195,Ahumada,N/A,N/A,N/A,N/A
196,Ahumada,N/A,N/A,N/A,N/A
197,Ahumada,N/A,N/A,N/A,N/A
198,Ahumada,N/A,N/A,N/A,N/A
199,Ahumada,N/A,N/A,N/A,N/A
200,Ahumada,N/A,N/A,N/A,N/A
201,Ahumada,N/A,N/A,N/A,N/A
202,Ahumada,N/A,N/A,N/A,N/A
203,Ahumada,N/A,N/A,N/A,N/A
204,Ahumada,N/A,N/A,N/A,N/A
205,Ahumada,Inspra 25 mg x 30 Comprimidos Recubiertos,83481,20995.00,20995.00
206,Ahumada,Inspra 25 mg x 30 Comprimidos Recubiertos,83481,20995.00,20995.00
207,Ahumada,VEGAN IRON 25MG 90 CAPS,89952,10595.00,10595.00
208,Ahumada,N/A,N/A,N/A,N/A
209,Ahumada,N/A,N/A,N/A,N/A
210,Ahumada,N/A,N/A,N/A,N/A
211,Ahumada,Fibrolow Lidose 200 mg x 30 C\u00e1psulas,84223,25195.00,25195.00
212,Ahumada,N/A,N/A,N/A,N/A
213,Ahumada,N/A,N/A,N/A,N/A
214,Ahumada,N/A,N/A,N/A,N/A
215,Ahumada,N/A,N/A,N/A,N/A
216,Ahumada,N/A,N/A,N/A,N/A
217,Ahumada,N/A,N/A,N/A,N/A
218,Ahumada,N/A,N/A,N/A,N/A
219,Ahumada,N/A,N/A,N/A,N/A
220,Ahumada,N/A,N/A,N/A,N/A
221,Ahumada,N/A,N/A,N/A,N/A
222,Ahumada,N/A,N/A,N/A,N/A
223,Ahumada,N/A,N/A,N/A,N/A
224,Ahumada,N/A,N/A,N/A,N/A
225,Ahumada,N/A,N/A,N/A,N/A
226,Ahumada,N/A,N/A,N/A,N/A
227,Ahumada,N/A,N/A,N/A,N/A
228,Ahumada,N/A,N/A,N/A,N/A
229,Ahumada,N/A,N/A,N/A,N/A
230,Ahumada,N/A,N/A,N/A,N/A
231,Ahumada,N/A,N/A,N/A,N/A
232,Ahumada,N/A,N/A,N/A,N/A
233,Ahumada,N/A,N/A,N/A,N/A
234,Ahumada,N/A,N/A,N/A,N/A
235,Ahumada,N/A,N/A,N/A,N/A
236,Ahumada,N/A,N/A,N/A,N/A
237,Ahumada,N/A,N/A,N/A,N/A
238,Ahumada,N/A,N/A,N/A,N/A
239,Ahumada,N/A,N/A,N/A,N/A
240,Ahumada,N/A,N/A,N/A,N/A
241,Ahumada,N/A,N/A,N/A,N/A
242,Ahumada,N/A,N/A,N/A,N/A
243,Ahumada,N/A,N/A,N/A,N/A
244,Ahumada,N/A,N/A,N/A,N/A
245,Ahumada,N/A,N/A,N/A,N/A
246,Ahumada,COLMAX 125MG. CAJA 10 COMP. REC.,578,3795.00,3795.00
247,Ahumada,N/A,N/A,N/A,N/A
248,Ahumada,N/A,N/A,N/A,N/A
249,Ahumada,N/A,N/A,N/A,N/A
250,Ahumada,N/A,N/A,N/A,N/A
251,Ahumada,N/A,N/A,N/A,N/A
252,Ahumada,N/A,N/A,N/A,N/A
253,Ahumada,N/A,N/A,N/A,N/A
254,Ahumada,N/A,N/A,N/A,N/A
255,Ahumada,N/A,N/A,N/A,N/A
256,Ahumada,N/A,N/A,N/A,N/A
257,Ahumada,N/A,N/A,N/A,N/A
258,Ahumada,N/A,N/A,N/A,N/A
259,Ahumada,N/A,N/A,N/A,N/A
260,Ahumada,N/A,N/A,N/A,N/A
261,Ahumada,N/A,N/A,N/A,N/A
262,Ahumada,N/A,N/A,N/A,N/A
263,Ahumada,N/A,N/A,N/A,N/A
264,Ahumada,N/A,N/A,N/A,N/A
265,Ahumada,N/A,N/A,N/A,N/A
266,Ahumada,N/A,N/A,N/A,N/A
267,Ahumada,N/A,N/A,N/A,N/A
268,Ahumada,N/A,N/A,N/A,N/A
269,Ahumada,N/A,N/A,N/A,N/A
270,Ahumada,N/A,N/A,N/A,N/A
271,Ahumada,N/A,N/A,N/A,N/A
272,Ahumada,"Parche DUO Tama\u00f1o surtido, 10 un.",90265,5995.00,5995.00
273,Ahumada,"Parche DUO Tama\u00f1o surtido, 10 un.",90265,5995.00,5995.00
274,Ahumada,N/A,N/A,N/A,N/A
275,Ahumada,N/A,N/A,N/A,N/A
276,Ahumada,N/A,N/A,N/A,N/A
277,Ahumada,N/A,N/A,N/A,N/A
278,Ahumada,N/A,N/A,N/A,N/A
279,Ahumada,N/A,N/A,N/A,N/A
280,Ahumada,N/A,N/A,N/A,N/A
281,Ahumada,N/A,N/A,N/A,N/A
282,Ahumada,N/A,N/A,N/A,N/A
283,Ahumada,N/A,N/A,N/A,N/A
284,Ahumada,N/A,N/A,N/A,N/A
285,Ahumada,N/A,N/A,N/A,N/A
286,Ahumada,N/A,N/A,N/A,N/A
287,Ahumada,N/A,N/A,N/A,N/A
288,Ahumada,N/A,N/A,N/A,N/A
289,Ahumada,N/A,N/A,N/A,N/A
290,Ahumada,N/A,N/A,N/A,N/A
291,Ahumada,N/A,N/A,N/A,N/A
292,Ahumada,N/A,N/A,N/A,N/A
293,Ahumada,N/A,N/A,N/A,N/A
294,Ahumada,N/A,N/A,N/A,N/A
295,Ahumada,N/A,N/A,N/A,N/A
296,Ahumada,N/A,N/A,N/A,N/A
297,Ahumada,N/A,N/A,N/A,N/A
298,Ahumada,N/A,N/A,N/A,N/A
299,Ahumada,N/A,N/A,N/A,N/A
300,Ahumada,4PACK PEDIASURE VAINILLA 220ML,90481,6395.00,6395.00
301,Ahumada,N/A,N/A,N/A,N/A
302,Ahumada,N/A,N/A,N/A,N/A
303,Ahumada,N/A,N/A,N/A,N/A
304,Ahumada,N/A,N/A,N/A,N/A
305,Ahumada,TOALLA HUM.BENTLEY INTIMA GOOD CARE 20UN,86691,2399.00,2399.00
306,Ahumada,TOALLA HUM.BENTLEY INTIMA GOOD CARE 20UN,86691,2399.00,2399.00
307,Ahumada,N/A,N/A,N/A,N/A
308,Ahumada,N/A,N/A,N/A,N/A
309,Ahumada,VITAMINA B12 12MCG 60 CAPS,89951,7995.00,7995.00
310,Ahumada,N/A,N/A,N/A,N/A
311,Ahumada,N/A,N/A,N/A,N/A
312,Ahumada,N/A,N/A,N/A,N/A
313,Ahumada,N/A,N/A,N/A,N/A
314,Ahumada,N/A,N/A,N/A,N/A
315,Ahumada,N/A,N/A,N/A,N/A
316,Ahumada,N/A,N/A,N/A,N/A
317,Ahumada,N/A,N/A,N/A,N/A
318,Ahumada,N/A,N/A,N/A,N/A
319,Ahumada,LIPO 6 TRAINING PRE WORKOUT 264GR,89571,32995.00,32995.00
320,Ahumada,N/A,N/A,N/A,N/A
321,Ahumada,N/A,N/A,N/A,N/A
322,Ahumada,Folacid 5 mg x 30 Comprimidos,72863,5595.00,5595.00
323,Ahumada,N/A,N/A,N/A,N/A
324,Ahumada,N/A,N/A,N/A,N/A
325,Ahumada,N/A,N/A,N/A,N/A
326,Ahumada,N/A,N/A,N/A,N/A
327,Ahumada,Salofalk 500 mg x 30 Supositorios,2177,115895.00,115895.00
328,Ahumada,N/A,N/A,N/A,N/A
329,Ahumada,N/A,N/A,N/A,N/A
330,Ahumada,N/A,N/A,N/A,N/A
331,Ahumada,N/A,N/A,N/A,N/A
332,Ahumada,N/A,N/A,N/A,N/A
333,Ahumada,N/A,N/A,N/A,N/A
334,Ahumada,N/A,N/A,N/A,N/A
335,Ahumada,N/A,N/A,N/A,N/A
336,Ahumada,N/A,N/A,N/A,N/A
337,Ahumada,N/A,N/A,N/A,N/A
338,Ahumada,N/A,N/A,N/A,N/A
339,Ahumada,Gel Afeitar Mujer Schick Skin Therapy 21,88676,5399.00,5399.00
340,Ahumada,N/A,N/A,N/A,N/A
341,Ahumada,N/A,N/A,N/A,N/A
342,Ahumada,N/A,N/A,N/A,N/A
343,Ahumada,N/A,N/A,N/A,N/A
344,Ahumada,N/A,N/A,N/A,N/A
345,Ahumada,N/A,N/A,N/A,N/A
346,Ahumada,N/A,N/A,N/A,N/A
347,Ahumada,HELIOCARE 360 WATER GEL 50+ 50ML.,90067,23995.00,23995.00
348,Ahumada,N/A,N/A,N/A,N/A
349,Ahumada,PREBIOTIX 30 SACHET,89758,14995.00,14995.00
350,Ahumada,N/A,N/A,N/A,N/A
351,Ahumada,N/A,N/A,N/A,N/A
352,Ahumada,N/A,N/A,N/A,N/A
353,Ahumada,N/A,N/A,N/A,N/A
354,Ahumada,N/A,N/A,N/A,N/A
355,Ahumada,N/A,N/A,N/A,N/A
356,Ahumada,N/A,N/A,N/A,N/A
357,Ahumada,N/A,N/A,N/A,N/A
358,Ahumada,N/A,N/A,N/A,N/A
359,Ahumada,N/A,N/A,N/A,N/A
360,Ahumada,N/A,N/A,N/A,N/A
361,Ahumada,N/A,N/A,N/A,N/A
362,Ahumada,N/A,N/A,N/A,N/A
363,Ahumada,N/A,N/A,N/A,N/A
364,Ahumada,N/A,N/A,N/A,N/A
365,Ahumada,N/A,N/A,N/A,N/A
366,Ahumada,N/A,N/A,N/A,N/A
367,Ahumada,Ervastin 10\/20 Mg X 30 Comp,89274,40995.00,40995.00
368,Ahumada,N/A,N/A,N/A,N/A
369,Ahumada,N/A,N/A,N/A,N/A
370,Ahumada,N/A,N/A,N/A,N/A
371,Ahumada,N/A,N/A,N/A,N/A
372,Ahumada,N/A,N/A,N/A,N/A
373,Ahumada,N/A,N/A,N/A,N/A
374,Ahumada,N/A,N/A,N/A,N/A
375,Ahumada,N/A,N/A,N/A,N/A
376,Ahumada,N/A,N/A,N/A,N/A
377,Ahumada,N/A,N/A,N/A,N/A
378,Ahumada,N/A,N/A,N/A,N/A
379,Ahumada,N/A,N/A,N/A,N/A
380,Ahumada,Nicergolina 15 mg x 30 Comprimidos Recubiertos,1964,9095.00,9095.00
381,Ahumada,Nicergolina 15 mg x 30 Comprimidos Recubiertos,1964,9095.00,9095.00
382,Ahumada,N/A,N/A,N/A,N/A
383,Ahumada,N/A,N/A,N/A,N/A
384,Ahumada,N/A,N/A,N/A,N/A
385,Ahumada,N/A,N/A,N/A,N/A
386,Ahumada,N/A,N/A,N/A,N/A
387,Ahumada,N/A,N/A,N/A,N/A
388,Ahumada,N/A,N/A,N/A,N/A
389,Ahumada,N/A,N/A,N/A,N/A
390,Ahumada,N/A,N/A,N/A,N/A
391,Ahumada,N/A,N/A,N/A,N/A
392,Ahumada,N/A,N/A,N/A,N/A
393,Ahumada,N/A,N/A,N/A,N/A
394,Ahumada,N/A,N/A,N/A,N/A
395,Ahumada,N/A,N/A,N/A,N/A
396,Ahumada,N/A,N/A,N/A,N/A
397,Ahumada,N/A,N/A,N/A,N/A
398,Ahumada,N/A,N/A,N/A,N/A
399,Ahumada,N/A,N/A,N/A,N/A
400,Ahumada,N/A,N/A,N/A,N/A
401,Ahumada,N/A,N/A,N/A,N/A
402,Ahumada,N/A,N/A,N/A,N/A
403,Ahumada,N/A,N/A,N/A,N/A
404,Ahumada,N/A,N/A,N/A,N/A
405,Ahumada,N/A,N/A,N/A,N/A
406,Ahumada,N/A,N/A,N/A,N/A
407,Ahumada,N/A,N/A,N/A,N/A
408,Ahumada,N/A,N/A,N/A,N/A
409,Ahumada,N/A,N/A,N/A,N/A
410,Ahumada,N/A,N/A,N/A,N/A
411,Ahumada,N/A,N/A,N/A,N/A
412,Ahumada,N/A,N/A,N/A,N/A
413,Ahumada,N/A,N/A,N/A,N/A
414,Ahumada,N/A,N/A,N/A,N/A
415,Ahumada,N/A,N/A,N/A,N/A
416,Ahumada,N/A,N/A,N/A,N/A
417,Ahumada,N/A,N/A,N/A,N/A
418,Ahumada,N/A,N/A,N/A,N/A
419,Ahumada,N/A,N/A,N/A,N/A
420,Ahumada,N/A,N/A,N/A,N/A
421,Ahumada,N/A,N/A,N/A,N/A
422,Ahumada,N/A,N/A,N/A,N/A
423,Ahumada,N/A,N/A,N/A,N/A
424,Ahumada,N/A,N/A,N/A,N/A
425,Ahumada,N/A,N/A,N/A,N/A
426,Ahumada,N/A,N/A,N/A,N/A
427,Ahumada,Inflader 20 mg x 30 C\u00e1psulas Blandas,72725,36595.00,36595.00
428,Ahumada,Inflader 20 mg x 30 C\u00e1psulas Blandas,72725,36595.00,36595.00
429,Ahumada,Maquina Afitar Xtrm Ult Eco Schick Desech 2un,88813,2999.00,2999.00
430,Ahumada,Espuma Afeitar Schick Preafeitado 300ml,88820,5799.00,5799.00
431,Ahumada,N/A,N/A,N/A,N/A
432,Ahumada,N/A,N/A,N/A,N/A
433,Ahumada,N/A,N/A,N/A,N/A
434,Ahumada,N/A,N/A,N/A,N/A
435,Ahumada,N/A,N/A,N/A,N/A
436,Ahumada,N/A,N/A,N/A,N/A
437,Ahumada,N/A,N/A,N/A,N/A
438,Ahumada,N/A,N/A,N/A,N/A
439,Ahumada,N/A,N/A,N/A,N/A
440,Ahumada,N/A,N/A,N/A,N/A
441,Ahumada,N/A,N/A,N/A,N/A
442,Ahumada,N/A,N/A,N/A,N/A
443,Ahumada,N/A,N/A,N/A,N/A
444,Ahumada,N/A,N/A,N/A,N/A
445,Ahumada,Pampers Pa\u00f1al Premium Care XG x 60 Unidades,83208002,24599.00,24599.00
446,Ahumada,N/A,N/A,N/A,N/A
447,Ahumada,N/A,N/A,N/A,N/A
448,Ahumada,N/A,N/A,N/A,N/A
449,Ahumada,N/A,N/A,N/A,N/A
450,Ahumada,Goodnites Pa\u00f1ales Nocturnos Unisex L-XL 7-11 A\u00f1os x 11 Unidades,85357,9599.00,9599.00
451,Ahumada,N/A,N/A,N/A,N/A
452,Ahumada,N/A,N/A,N/A,N/A
453,Ahumada,N/A,N/A,N/A,N/A
454,Ahumada,N/A,N/A,N/A,N/A
455,Ahumada,N/A,N/A,N/A,N/A
456,Ahumada,N/A,N/A,N/A,N/A
457,Ahumada,N/A,N/A,N/A,N/A
458,Ahumada,N/A,N/A,N/A,N/A
459,Ahumada,N/A,N/A,N/A,N/A
460,Ahumada,N/A,N/A,N/A,N/A
461,Ahumada,N/A,N/A,N/A,N/A
462,Ahumada,N/A,N/A,N/A,N/A
463,Ahumada,N/A,N/A,N/A,N/A
464,Ahumada,N/A,N/A,N/A,N/A
465,Ahumada,N/A,N/A,N/A,N/A
466,Ahumada,N/A,N/A,N/A,N/A
467,Ahumada,N/A,N/A,N/A,N/A
468,Ahumada,N/A,N/A,N/A,N/A
469,Ahumada,Maquina Afitar Xtrm Ult Eco Schick Desech 2un,88813,2999.00,2999.00
470,Ahumada,N/A,N/A,N/A,N/A
471,Ahumada,N/A,N/A,N/A,N/A
472,Ahumada,N/A,N/A,N/A,N/A
473,Ahumada,N/A,N/A,N/A,N/A
474,Ahumada,N/A,N/A,N/A,N/A
475,Ahumada,N/A,N/A,N/A,N/A
476,Ahumada,N/A,N/A,N/A,N/A
477,Ahumada,N/A,N/A,N/A,N/A
478,Ahumada,N/A,N/A,N/A,N/A
479,Ahumada,N/A,N/A,N/A,N/A
480,Ahumada,N/A,N/A,N/A,N/A
481,Ahumada,N/A,N/A,N/A,N/A
482,Ahumada,N/A,N/A,N/A,N/A
483,Ahumada,N/A,N/A,N/A,N/A
484,Ahumada,N/A,N/A,N/A,N/A
485,Ahumada,N/A,N/A,N/A,N/A
486,Ahumada,N/A,N/A,N/A,N/A
487,Ahumada,N/A,N/A,N/A,N/A
488,Ahumada,"Cinta Adhesiva Micropore Blanca 25mm x 9,1mts",6289,7095.00,7095.00
489,Ahumada,N/A,N/A,N/A,N/A
490,Ahumada,N/A,N/A,N/A,N/A
491,Ahumada,N/A,N/A,N/A,N/A
492,Ahumada,N/A,N/A,N/A,N/A
493,Ahumada,N/A,N/A,N/A,N/A
494,Ahumada,N/A,N/A,N/A,N/A
495,Ahumada,N/A,N/A,N/A,N/A
496,Ahumada,N/A,N/A,N/A,N/A
497,Ahumada,Gillette Pack Antitranspirante Barra Clinical Endurance Cool Wave 48 g x 1 Pack,86611,8499.00,8499.00
498,Ahumada,N/A,N/A,N/A,N/A
499,Ahumada,N/A,N/A,N/A,N/A
500,Ahumada,Nan Formula Optipro Etapa 3 Tarro x 800 g,67140,13099.00,13099.00
501,Ahumada,N/A,N/A,N/A,N/A
502,Ahumada,N/A,N/A,N/A,N/A
503,Ahumada,N/A,N/A,N/A,N/A
504,Ahumada,N/A,N/A,N/A,N/A
505,Ahumada,N/A,N/A,N/A,N/A
506,Ahumada,N/A,N/A,N/A,N/A
507,Ahumada,N/A,N/A,N/A,N/A
508,Ahumada,N/A,N/A,N/A,N/A
509,Ahumada,N/A,N/A,N/A,N/A
510,Ahumada,Termometro Oido DIG IRT 3030 Braun x 1 Unidad,62385,35995.00,35995.00
511,Ahumada,Termometro Oido DIG IRT 3030 Braun x 1 Unidad,62385,35995.00,35995.00
512,Ahumada,N/A,N/A,N/A,N/A
513,Ahumada,N/A,N/A,N/A,N/A
514,Ahumada,N/A,N/A,N/A,N/A
515,Ahumada,N/A,N/A,N/A,N/A
516,Ahumada,N/A,N/A,N/A,N/A
517,Ahumada,N/A,N/A,N/A,N/A
518,Ahumada,N/A,N/A,N/A,N/A
519,Ahumada,N/A,N/A,N/A,N/A
520,Ahumada,N/A,N/A,N/A,N/A
521,Ahumada,N/A,N/A,N/A,N/A
522,Ahumada,N/A,N/A,N/A,N/A
523,Ahumada,N/A,N/A,N/A,N/A
524,Ahumada,N/A,N/A,N/A,N/A
525,Ahumada,N/A,N/A,N/A,N/A
526,Ahumada,N/A,N/A,N/A,N/A
527,Ahumada,N/A,N/A,N/A,N/A
528,Ahumada,N/A,N/A,N/A,N/A
529,Ahumada,N/A,N/A,N/A,N/A
530,Ahumada,N/A,N/A,N/A,N/A
531,Ahumada,N/A,N/A,N/A,N/A
532,Ahumada,N/A,N/A,N/A,N/A
533,Ahumada,N/A,N/A,N/A,N/A
534,Ahumada,N/A,N/A,N/A,N/A
535,Ahumada,N/A,N/A,N/A,N/A
536,Ahumada,N/A,N/A,N/A,N/A
537,Ahumada,N/A,N/A,N/A,N/A
538,Ahumada,N/A,N/A,N/A,N/A
539,Ahumada,N/A,N/A,N/A,N/A
540,Ahumada,N/A,N/A,N/A,N/A
541,Ahumada,N/A,N/A,N/A,N/A
542,Ahumada,Saturometro Oximetro Digital x 1 Unidad,88452,14995.00,14995.00
543,Ahumada,Saturometro Oximetro Digital x 1 Unidad,88452,14995.00,14995.00
544,Ahumada,N/A,N/A,N/A,N/A
545,Ahumada,N/A,N/A,N/A,N/A
546,Ahumada,N/A,N/A,N/A,N/A
547,Ahumada,N/A,N/A,N/A,N/A
548,Ahumada,N/A,N/A,N/A,N/A
549,Ahumada,N/A,N/A,N/A,N/A
550,Ahumada,N/A,N/A,N/A,N/A
551,Ahumada,N/A,N/A,N/A,N/A
552,Ahumada,N/A,N/A,N/A,N/A
553,Ahumada,N/A,N/A,N/A,N/A
554,Ahumada,N/A,N/A,N/A,N/A
555,Ahumada,Red Bull Lata Energ\u00e9tica Sugar Free x 250 mL,67791,1999.00,1999.00
556,Ahumada,Pepsodent Pasta Dental Integral 18 Herbal Gum Care x 75 mL,87019,2199.00,2199.00
557,Ahumada,N/A,N/A,N/A,N/A
558,Ahumada,N/A,N/A,N/A,N/A
559,Ahumada,Sedal Crema Para Peinar Rizos Definidos x 300 mL,81782,2399.00,2399.00
560,Ahumada,N/A,N/A,N/A,N/A
561,Ahumada,N/A,N/A,N/A,N/A
562,Ahumada,Plenitud Pa\u00f1al Desechable Adulto Protect G x 22 Unidades,82507,18895.00,18895.00
563,Ahumada,Etiquet Desodorante Crema Clasico Mujer x 60 g,5337,4099.00,4099.00
564,Ahumada,TOALLITAS DESMAQUILLANTES SUAVES NIVEA PIEL SECA 25UDS,37880,2699.00,2699.00
565,Ahumada,Veet Cera Depilatoria Corporal Piel Sensible x 12 Unidades,49213,7599.00,7599.00
566,Ahumada,Eau Thermale Av\u00e8ne Aqua Gel-Crema Hidratante Hydrance x 50 mL,87946,23799.00,23799.00
567,Ahumada,Nido Leche En Polvo Forticrece Sin Lactora x 1440 g,82948,15649.00,15649.00
568,Ahumada,Nido Leche En Polvo Etapa 1 Bolsa x 800 g,50182,8149.00,8149.00
569,Ahumada,N/A,N/A,N/A,N/A
570,Ahumada,N/A,N/A,N/A,N/A
571,Ahumada,N/A,N/A,N/A,N/A
572,Ahumada,N/A,N/A,N/A,N/A
573,Ahumada,Vitamina C 1000 Mg. 100 Comprimidos,89473,11995.00,11995.00
574,Ahumada,Cerave Loci\u00f3n Hidratante Piel Seca A Muy Seca x 473 mL,85379,13699.00,13699.00
575,Ahumada,Acotol x 28 Comprimidos Recubiertos,72253,16195.00,16195.00
576,Ahumada,"Eliquis 2,5 mg x 60 Comprimidos Recubiertos",87441,85995.00,85995.00
577,Ahumada,Cerave Loci\u00f3n Hidratante Piel Seca A Muy Seca x 473 mL,85379,13699.00,13699.00
578,Ahumada,"Jardiance Duo 12,5 mg\/1000 mg x 60 Comprimidos Recubiertos",83634,48395.00,48395.00
579,Ahumada,Ferbex 200 mg x 30 C\u00e1psulas,85239,23595.00,23595.00
580,Ahumada,Simbrinza x 5 mL Suspensi\u00f3n Oft\u00e1lmica,81754,37195.00,37195.00
581,Ahumada,"Symbicort Turbuhaler 160 mcg-4,5 mcg \/Dosis x 120 Dosis Polvo Para Inhalacion Bucal",38866,78695.00,78695.00
582,Ahumada,Prestat 75 mg x 40 Comprimidos,75541,12895.00,12895.00
583,Ahumada,Sensodyne Pasta Dental Proteccion Blanqueadora x 100 g,75270,6599.00,6599.00
584,Ahumada,N/A,N/A,N/A,N/A
585,Ahumada,N/A,N/A,N/A,N/A
586,Ahumada,N/A,N/A,N/A,N/A
587,Ahumada,N/A,N/A,N/A,N/A
588,Ahumada,N/A,N/A,N/A,N/A
589,Ahumada,N/A,N/A,N/A,N/A
590,Ahumada,N/A,N/A,N/A,N/A
591,Ahumada,N/A,N/A,N/A,N/A
592,Ahumada,Avene Protector Solar Flu\u00eddo Sin Color Ultra-Matificante 50 + x 50 mL,85657,18999.00,18999.00
593,Ahumada,Ladysoft Tampon Regular Medio x 8 Unidades,76168001,2799.00,2799.00
594,Ahumada,Ladysoft Toalla Higienica Tela Suave Nocturna x 8 Unidades,77540,1849.00,1849.00
595,Ahumada,Ladysoft Toalla Nocturna Ultra Delgadas x 16 Unidades,66100,3249.00,3249.00
596,Ahumada,TOA HIG.LADYSOFT NOCT ULTRA DELG.24U,88135,4749.00,4749.00
597,Ahumada,N/A,N/A,N/A,N/A
598,Ahumada,N/A,N/A,N/A,N/A
599,Ahumada,Kotex Toalla Higienica Ultrafina Con Alas Suave x 16 Unidades,48810,2999.00,2999.00
600,Ahumada,N/A,N/A,N/A,N/A
601,Ahumada,N/A,N/A,N/A,N/A
602,Ahumada,"Hair, Skin & Nails Formula x 60 Capsulas",47155,15895.00,15895.00
603,Ahumada,Cerave Crema Hidratante Piel Seca x 454 mL,85463,15199.00,15199.00
604,Ahumada,N/A,N/A,N/A,N/A
605,Ahumada,Vichy Agua De Protecci\u00f3n Solar Capital Soleil Hidratante FPS 50+ x 200 mL,88410,14799.00,14799.00
606,Ahumada,N/A,N/A,N/A,N/A
607,Ahumada,Pack P. Dent. Aquafresh Advan. 2un.,83811,3599.00,3599.00
608,Ahumada,Crema Facial Antiarrugas Eucerin Hyaluron-FILLER Noche 50 ML,50705,29599.00,29599.00
609,Ahumada,N/A,N/A,N/A,N/A
610,Ahumada,Pack P. Dent. Aquafresh Advan. 2un.,83811,3599.00,3599.00
611,Ahumada,Australian Gold Bronceador Acelerador Sin FPS x 125 mL,75627,6599.00,6599.00
612,Ahumada,Banana Boat Protector Solar Hipoalergenico Baby FPS 50 x 118 mL,62812,9399.00,9399.00
613,Ahumada,N/A,N/A,N/A,N/A
614,Ahumada,hidratante facial neutrogena\u00ae hydro boost\u00ae water gel x 50 gr.,83466,10649.00,10649.00
615,Ahumada,Vichy Agua De Protecci\u00f3n Solar Capital Soleil Hidratante FPS 50+ x 200 mL,88410,14799.00,14799.00
616,Ahumada,Repelex Kids x 80 g Crema,87463,6095.00,6095.00
617,Ahumada,Bion 3 x 30 Comprimidos Recubiertos,38354,10795.00,10795.00
618,Ahumada,Ensure Advance Frutilla x 850 g,85889,21195.00,21195.00
619,Ahumada,N/A,N/A,N/A,N/A
620,Ahumada,N/A,N/A,N/A,N/A
621,Ahumada,Simonds Protector Solar FPS 50 Baby x 100 mL,83858,2949.00,2949.00
622,Ahumada,PROTECTOR SOLAR FACIAL GEL CREMA OIL CONTROL FPS 50+ 50ML ,79924,18099.00,18099.00
623,Ahumada,Cetaphil Loci\u00f3n Sun Kids SPF 50 x 150 mL,77259,22599.00,22599.00
624,Ahumada,N/A,N/A,N/A,N/A
625,Ahumada,La Roche Posay Protector Solar Anthelios XL SPF 50+ x 250 mL,85695,23399.00,23399.00
626,Ahumada,N/A,N/A,N/A,N/A
627,Ahumada,N/A,N/A,N/A,N/A
628,Ahumada,Leblon Protector Solar Xtreme FPS 50 x 190 g,43124,6299.00,6299.00
629,Ahumada,N/A,N/A,N/A,N/A
630,Ahumada,enjuague bucal listerine\u00ae cool mint zero alcohol x 1 lt,76374,7799.00,7799.00
631,Ahumada,Antitranspirante Nivea Deep Black wood Roll on 50ml,87979,3099.00,3099.00
632,Ahumada,Loreal Crema Antiarrugas Revitalift FPS 30 x 50 mL,76250,10399.00,10399.00
633,Ahumada,Gillette Maquina De Afeitar Sistema Venus Breeze x 1 Unidad,78530,6599.00,6599.00
634,Ahumada,Banana Boat Protector Solar Hipoalergenico Baby FPS 50 x 118 mL,62812,9399.00,9399.00
635,Ahumada,No 7 Serum Cara Y Cuello Restore & Renew x 75 g,85076,23299.00,23299.00
636,Ahumada,N/A,N/A,N/A,N/A
637,Ahumada,N/A,N/A,N/A,N/A
638,Ahumada,Simonds Protector Solar FPS 50 Baby x 100 mL,83858,2949.00,2949.00
639,Ahumada,La Roche Posay Protector Solar Anthelios XL SPF 50+ x 250 mL,85695,23399.00,23399.00
640,Ahumada,Cetaphil Loci\u00f3n Sun Kids SPF 50 x 150 mL,77259,22599.00,22599.00
641,Ahumada,PROTECTOR SOLAR FACIAL GEL CREMA OIL CONTROL FPS 50+ 50ML ,79924,18099.00,18099.00
642,Ahumada,N/A,N/A,N/A,N/A
643,Ahumada,LOCI\u00d3N CORPORAL EUCERIN pH5 400 ML,65474,20099.00,20099.00
644,Ahumada,Rexona Desodorante Clinical Soft Solid Men x 48 g,64466,5499.00,5499.00
645,Ahumada,Ensure Advance Frutilla x 850 g,85889,21195.00,21195.00
646,Ahumada,N/A,N/A,N/A,N/A
647,Ahumada,"Centrum Mujer, multivitam\u00ednico, frasco x30 comprimidos",81111,14995.00,14995.00
648,Ahumada,Isdin Fotoprotector Fusion Water Sin Color SPF 50 Daily Protection x 50 mL,88481,19299.00,19299.00
649,Ahumada,Vichy Agua De Protecci\u00f3n Solar Capital Soleil Hidratante FPS 50+ x 200 mL,88410,14799.00,14799.00
650,Ahumada,Soap & Glory Crema Locion Corporal Tropical x 500 mL,81129004,12999.00,12999.00
651,Ahumada,N/A,N/A,N/A,N/A
652,Ahumada,Durex Gel Lubricante Play Cherry x 50 mL,81810,8495.00,8495.00
653,Ahumada,N/A,N/A,N/A,N/A
654,Ahumada,PRESERVATIVO TROJAN FIRE & ICE 10 UN,89083,9995.00,9995.00
655,Ahumada,N/A,N/A,N/A,N/A
656,Ahumada,Desodorante Dove Antitranspirante Barra Clinical Original x 48 g,78915001,6199.00,6199.00
657,Ahumada,N/A,N/A,N/A,N/A
658,Ahumada,La Roche Posay Protector Solar Anthelios XL SPF 50+ x 250 mL,85695,23399.00,23399.00
659,Ahumada,N/A,N/A,N/A,N/A
660,Ahumada,N/A,N/A,N/A,N/A
661,Ahumada,N/A,N/A,N/A,N/A
662,Ahumada,N/A,N/A,N/A,N/A
663,Ahumada,Garnier Agua Micelar Express Aclara x 400 mL,87858001,4999.00,4999.00
664,Ahumada,N/A,N/A,N/A,N/A
665,Ahumada,N/A,N/A,N/A,N/A
666,Ahumada,Corega Ultra Crema Adhesiva Menta x 40 g,8317,9999.00,9999.00
667,Ahumada,N/A,N/A,N/A,N/A
668,Ahumada,N/A,N/A,N/A,N/A
669,Ahumada,Leblon Antioxidante Protector Solar SPF 50 x 190 g,62978,6299.00,6299.00
670,Ahumada,N/A,N/A,N/A,N/A
671,Ahumada,N/A,N/A,N/A,N/A
672,Ahumada,N/A,N/A,N/A,N/A
673,Ahumada,Eau Thermale Avene Fluido Solar Antiedad Con Color SPF50+ x 50 mL,87983,19899.00,19899.00
674,Ahumada,N/A,N/A,N/A,N/A
675,Ahumada,N/A,N/A,N/A,N/A
676,Ahumada,N/A,N/A,N/A,N/A
677,Ahumada,N/A,N/A,N/A,N/A
678,Ahumada,N/A,N/A,N/A,N/A
679,Ahumada,N/A,N/A,N/A,N/A
680,Ahumada,N/A,N/A,N/A,N/A
681,Ahumada,Asventol 5 mg x 30 Comprimidos Masticables,49755,42995.00,42995.00
682,Ahumada,N/A,N/A,N/A,N/A
683,Ahumada,N/A,N/A,N/A,N/A
684,Ahumada,N/A,N/A,N/A,N/A
685,Ahumada,N/A,N/A,N/A,N/A
686,Ahumada,N/A,N/A,N/A,N/A
687,Ahumada,N/A,N/A,N/A,N/A
688,Ahumada,Rexona Desodorante Spray Invisible For Men x 150 mL,75393003,3299.00,3299.00
689,Ahumada,Always Toalla Higienica Ultrafina Con Alas Nocturna x 16 Unidades,38532,2999.00,2999.00
690,Ahumada,PROTECTOR SOLAR FACIAL GEL CREMA OIL CONTROL FPS 50+ 50ML ,79924,18099.00,18099.00
691,Ahumada,hidratante facial neutrogena\u00ae hydro boost\u00ae water gel x 50 gr.,83466,10649.00,10649.00
692,Ahumada,Botanics Crema Limpiadora All Bright x 250 mL,84292,7999.00,7999.00
693,Ahumada,N/A,N/A,N/A,N/A
694,Ahumada,N/A,N/A,N/A,N/A
695,Ahumada,N/A,N/A,N/A,N/A
696,Ahumada,N/A,N/A,N/A,N/A
697,Ahumada,N/A,N/A,N/A,N/A
698,Ahumada,N/A,N/A,N/A,N/A
699,Ahumada,VEGAN IRON 25MG 90 CAPS,89952,10595.00,10595.00
700,Ahumada,N/A,N/A,N/A,N/A
701,Ahumada,N/A,N/A,N/A,N/A
702,Ahumada,N/A,N/A,N/A,N/A
703,Ahumada,Edp Millionaire Gold Delux 100ml,83147,10999.00,10999.00
704,Ahumada,Edp Millionaire Gold Delux 100ml,83147,10999.00,10999.00
705,Ahumada,N/A,N/A,N/A,N/A
706,Ahumada,N/A,N/A,N/A,N/A
707,Ahumada,N/A,N/A,N/A,N/A
708,Ahumada,N/A,N/A,N/A,N/A
709,Ahumada,N/A,N/A,N/A,N/A
710,Ahumada,N/A,N/A,N/A,N/A
711,Ahumada,N/A,N/A,N/A,N/A
712,Ahumada,PROTECTOR SOLAR FACIAL GEL CREMA OIL CONTROL FPS 50+ 50ML ,79924,18099.00,18099.00
713,Ahumada,No 7 Base Stay Perfect Calico x 30 mL,81233009,21999.00,21999.00
714,Ahumada,Vichy Liftactiv H.A Epidermic Filler,89074,33699.00,33699.00
715,Ahumada,Multi Oil USA x 120 C\u00e1psulas,28986,12995.00,12995.00
716,Ahumada,Vichy Liftactiv H.A Epidermic Filler,89074,33699.00,33699.00
717,Ahumada,N/A,N/A,N/A,N/A
718,Ahumada,N/A,N/A,N/A,N/A
719,Ahumada,N/A,N/A,N/A,N/A
720,Ahumada,N/A,N/A,N/A,N/A
721,Ahumada,N/A,N/A,N/A,N/A
722,Ahumada,N/A,N/A,N/A,N/A
723,Ahumada,N/A,N/A,N/A,N/A
724,Ahumada,Victoza 6 mg\/mL x 1 Dispositivo Prellenado Solucion Inyectable,74783,84595.00,84595.00
725,Ahumada,N/A,N/A,N/A,N/A
726,Ahumada,N/A,N/A,N/A,N/A
727,Ahumada,Gelicart Colageno Hidrolizado x 30 Sobres,73419,25695.00,25695.00
728,Ahumada,"Loreal Serum Rellenador Revitalift 1,5% \u00c1cido Hialur\u00f3nico x 30 mL",87900001,11999.00,11999.00
729,Ahumada,Acondicionador Hidratante Coconut Milk Bio: Renew,84814002,7299.00,7299.00
730,Ahumada,Sensodyne Pasta Dental Sensibilidad Y Encias x 100 G,88708,6599.00,6599.00
731,Ahumada,Cerave Crema Hidratante Piel Seca x 454 mL,85463,15199.00,15199.00
732,Ahumada,Bi-O Desodorante Roll On Clarify Femenino x 50 mL,66679,3049.00,3049.00
733,Ahumada,Maybelline M\u00e1scara De Pesta\u00f1as Big Shot Waterproof x 9 mL,83713002,8499.00,8499.00
734,Ahumada,Huggies Pa\u00f1al Natural Care P x 34 Unidades,87431,9599.00,9599.00
735,Ahumada,N/A,N/A,N/A,N/A
736,Ahumada,N/A,N/A,N/A,N/A
737,Ahumada,St Ives Crema Avena Y Karite x 1000 mL,68120,7399.00,7399.00
738,Ahumada,Nido Leche En Polvo Etapa 1 Bolsa x 800 g,50182,8149.00,8149.00
739,Ahumada,Colgate Pasta Dental Ultrablanco 90 g x 3 Unidades,65568,3749.00,3749.00
740,Ahumada,Bi-O Desodorante Spray Clarify Afina x 150 mL,76409,3099.00,3099.00
741,Ahumada,LOCI\u00d3N  CORPORAL LIGERA EUCERIN pH5 400 ML,86200,20399.00,20399.00
742,Ahumada,N/A,N/A,N/A,N/A
743,Ahumada,N/A,N/A,N/A,N/A
744,Ahumada,N/A,N/A,N/A,N/A
745,Ahumada,IBUPROFENO 400MG.CAJA 20 COMP,86596,1645.00,1645.00
746,Ahumada,IBUPROFENO 400MG.CAJA 20 COMP,86596,1645.00,1645.00
747,Ahumada,N/A,N/A,N/A,N/A
748,Ahumada,N/A,N/A,N/A,N/A
749,Ahumada,N/A,N/A,N/A,N/A
750,Ahumada,N/A,N/A,N/A,N/A
751,Ahumada,N/A,N/A,N/A,N/A
752,Ahumada,N/A,N/A,N/A,N/A
753,Ahumada,Exim 20 mg x 4 Comprimidos Recubiertos,88372,24995.00,24995.00
754,Ahumada,Vichy Serum Mineral 89 x 50 mL,83549,25099.00,25099.00
755,Ahumada,N/A,N/A,N/A,N/A
756,Ahumada,Rexona Desodorante Clinical Soft Solid Women x 48 g,64467,5499.00,5499.00
757,Ahumada,Elvive Hidra Hialuronico Aco 370ml,89829,4299.00,4299.00
758,Ahumada,N/A,N/A,N/A,N/A
759,Ahumada,Serum Garnier Express Aclara Vit C 30ml,89689,9099.00,9099.00
760,Ahumada,Loreal Crema Revitalift Acido Hialur\u00f3nico Dia FPS 20 x 50 mL,86957001,10599.00,10599.00
761,Ahumada,N/A,N/A,N/A,N/A
762,Ahumada,Vantux Max x 60 C\u00e1psulas,66047,19195.00,19195.00
763,Ahumada,Cotidian Sabanilla Protector Cama x 8 Unidades,77783,5645.00,5645.00
764,Ahumada,N/A,N/A,N/A,N/A
765,Ahumada,Huggies Pa\u00f1al Natural Care P x 34 Unidades,87431,9599.00,9599.00
766,Ahumada,Huggies Pa\u00f1al Natural Care XG x 56 Unidades,81787005,24299.00,24299.00
767,Ahumada,N/A,N/A,N/A,N/A
768,Ahumada,Cerave SA Crema Alisadora Anti-Rugosidades x 340 g,87934,15199.00,15199.00
769,Ahumada,Cerave Gel Limpiador Espumoso Piel Normal A Grasa x 473 mL,85388,12699.00,12699.00
770,Ahumada,N/A,N/A,N/A,N/A
771,Ahumada,N/A,N/A,N/A,N/A
772,Ahumada,N/A,N/A,N/A,N/A
773,Ahumada,N/A,N/A,N/A,N/A
774,Ahumada,N/A,N/A,N/A,N/A
775,Ahumada,GEL LRP LIPIKAR  LAVANT 200ML.,82405,11299.00,11299.00
776,Ahumada,GEL LRP LIPIKAR  LAVANT 200ML.,82405,11299.00,11299.00
777,Ahumada,N/A,N/A,N/A,N/A
778,Ahumada,N/A,N/A,N/A,N/A
779,Ahumada,N/A,N/A,N/A,N/A
780,Ahumada,Nan Comfort 3 800 Grs,89479,20899.00,20899.00
781,Ahumada,N/A,N/A,N/A,N/A
782,Ahumada,N/A,N/A,N/A,N/A
783,Ahumada,N/A,N/A,N/A,N/A
784,Ahumada,Pa\u00f1al little swimmers huggies Grande 10 Unidades,89060,6199.00,6199.00
785,Ahumada,Pa\u00f1al little swimmers huggies Grande 10 Unidades,89060,6199.00,6199.00
786,Ahumada,N/A,N/A,N/A,N/A
787,Ahumada,N/A,N/A,N/A,N/A
788,Ahumada,N/A,N/A,N/A,N/A
789,Ahumada,N/A,N/A,N/A,N/A
790,Ahumada,N/A,N/A,N/A,N/A
791,Ahumada,N/A,N/A,N/A,N/A
792,Ahumada,S-NAILS ISDIN U\u00bfAS 2ML,88389,20899.00,20899.00
793,Ahumada,S-NAILS ISDIN U\u00bfAS 2ML,88389,20899.00,20899.00
794,Ahumada,N/A,N/A,N/A,N/A
795,Ahumada,Huggies Pa\u00f1al Natural Care RN x 34 Unidades,87430,9599.00,9599.00
796,Ahumada,N/A,N/A,N/A,N/A
797,Ahumada,N/A,N/A,N/A,N/A
798,Ahumada,N/A,N/A,N/A,N/A
799,Ahumada,N/A,N/A,N/A,N/A
800,Ahumada,N/A,N/A,N/A,N/A
801,Ahumada,N/A,N/A,N/A,N/A
802,Ahumada,Pa\u00f1al little swimmers huggies Mediano 11 Unidades,89061,6199.00,6199.00
803,Ahumada,Huggies Pa\u00f1al Natural Care P x 34 Unidades,87431,9599.00,9599.00
804,Ahumada,N/A,N/A,N/A,N/A
805,Ahumada,N/A,N/A,N/A,N/A
806,Ahumada,N/A,N/A,N/A,N/A
807,Ahumada,N/A,N/A,N/A,N/A
808,Ahumada,N/A,N/A,N/A,N/A
809,Ahumada,Pedialyte 45 Frutilla x 500 mL Soluci\u00f3n Oral,74371,5195.00,5195.00
810,Ahumada,Exim 20 mg x 4 Comprimidos Recubiertos,88372,24995.00,24995.00
811,Ahumada,Uriage Crema Anti-Edad Multiacci\u00f3n SPF 30 Age Protect x 40 mL,87518,28399.00,28399.00
812,Ahumada,toallitas desmaquillantes neutrogena\u00ae piel sensible x 25 un.,67891,3349.00,3349.00
813,Ahumada,LOCION MICELAR 3 EN 1 NIVEA PIEL SENSIBLE 400ML,83593,5099.00,5099.00
