,Farmacia,Producto,SKU,Normal,Oferta
0,Ahumada,Diavital Probi Kln 30 Cap,89251,18995.00,18995.00
1,Ahumada,Pack Aquafresh Sabor Menta 2x 158gr,88707,3599.00,3599.00
2,Ahumada,Elcal Flex X 30 Sobres,89110,23595.00,23595.00
3,Ahumada,Sensodyne Pasta Dental Rapido Alivio x 100 g,69849,6599.00,6599.00
4,Ahumada,Babysec Pants Super Premium Xxg48,89317,22599.00,22599.00
5,Ahumada,Pack Aquafresh Sabor Menta 2x 158gr,88707,3599.00,3599.00
6,Ahumada,Crema Facial Antiarrugas Eucerin Hyaluron-FILLER Noche 50 ML,50705,29599.00,29599.00
7,Ahumada,Cotidian Pants Ultraprotect G x 30 Unidades,87940,19895.00,19895.00
8,Ahumada,Crema Adhesiva Ultra Corega Maximo Sellado   70g,89536,16899.00,16899.00
9,Ahumada,Enjuague Bucal Vitis Cpc Protect 500ml,89538,7199.00,7199.00
10,Ahumada,Exim 5 mg x 28 Comprimidos Recubiertos,88975,40895.00,40895.00
11,Ahumada,Kitadol 1 g x 18 Comprimidos,66871,8395.00,8395.00
12,Ahumada,N/A,N/A,N/A,N/A
13,Ahumada,N/A,N/A,N/A,N/A
14,Ahumada,N/A,N/A,N/A,N/A
15,Ahumada,N/A,N/A,N/A,N/A
16,Ahumada,N/A,N/A,N/A,N/A
17,Ahumada,N/A,N/A,N/A,N/A
18,Ahumada,Perfume Mediterr\u00e1neo 200ml Edici\u00f3n Limitada ,69159,18399.00,18399.00
19,Ahumada,Phillips Maquina De Afeitar Electrica Oneblade x 1 Unidad,87593,20199.00,20199.00
20,Ahumada,Crema Facial Antiarrugas Eucerin Hyaluron-FILLER Noche 50 ML,50705,29599.00,29599.00
21,Ahumada,BABY BA\u00d1O & SHAMPOO EUCERIN  400 ML,82079,16099.00,16099.00
22,Ahumada,TOA HIG.LADYSOFT NOCT ULTRA DELG.24U,88135,4749.00,4749.00
23,Ahumada,Cerave Crema Hidratante Piel Seca x 454 mL,85463,15199.00,15199.00
24,Ahumada,Cerave Crema Hidratante Piel Seca x 454 mL,85463,15199.00,15199.00
25,Ahumada,Cerave Crema Hidratante Piel Seca x 454 mL,85463,15199.00,15199.00
26,Ahumada,"Loreal Serum Rellenador Revitalift 1,5% \u00c1cido Hialur\u00f3nico x 30 mL",87900001,11999.00,11999.00
27,Ahumada,Maybelline M\u00e1scara De Pesta\u00f1as Big Shot Waterproof x 9 mL,83713002,8499.00,8499.00
28,Ahumada,Pampers Pa\u00f1al Premium Care P x 36 Unidades,83207001,9599.00,9599.00
29,Ahumada,Huggies Pa\u00f1al Natural Care XG x 56 Unidades,81787005,24299.00,24299.00
30,Ahumada,Babysec Pants Super Premium Xxg48,89317,22599.00,22599.00
31,Ahumada,Multi Oil USA x 120 C\u00e1psulas,28986,12995.00,12995.00
32,Ahumada,Pampers Pa\u00f1al Premium Care P x 36 Unidades,83207001,9599.00,9599.00
33,Ahumada,Cerave Crema Hidratante Piel Seca x 454 mL,85463,15199.00,15199.00
34,Ahumada,Pigeon Aspirador Nasal Con Deposito x 1 Unidad,86875,11999.00,11999.00
35,Ahumada,Avent Mamadera Natural x 260 mL,40922,11199.00,11199.00
36,Ahumada,Avent Repuesto Tetina Anti-Colic Flujo r\u00e1pido ,40928,8499.00,8499.00
37,Ahumada,Pigeon Aspirador Nasal Con Deposito x 1 Unidad,86875,11999.00,11999.00
38,Ahumada,Ladysoft Tampon Regular Medio x 8 Unidades,76168001,2799.00,2799.00
39,Ahumada,Ladysoft Tampon Regular Medio x 8 Unidades,76168001,2799.00,2799.00
40,Ahumada,DESODORANTE ROLL ON NIVEA INVISIBLE BLACK & WHITE PURE 50ML,70523,3099.00,3099.00
41,Ahumada,Lady Speed Stick Desodorante Barra Clinical Complete Protection Powder x 45 g,81041001,6199.00,6199.00
42,Ahumada,Pharmaton Mujer 30comp,89254,14295.00,14295.00
43,Ahumada,Rexona Clinical Desodorante Crema Extra Dry x 48 g,76162001,5999.00,5999.00
44,Ahumada,0,66339,3499.00,3499.00
45,Ahumada,0,66339,3499.00,3499.00
46,Ahumada,Elmex Enjuague Bucal Sensitive x 400 mL,87645,7799.00,7799.00
47,Ahumada,N/A,N/A,N/A,N/A
48,Ahumada,Elmex Enjuague Bucal Sensitive x 400 mL,87645,7799.00,7799.00
49,Ahumada,Corega Ultra Crema Sin Sabor x 20 g,70547,6499.00,6499.00
50,Ahumada,LOCI\u00d3N  CORPORAL LIGERA EUCERIN pH5 400 ML,86200,20399.00,20399.00
51,Ahumada,Pepsodent Pack Cepillo Dental Carb\u00f3n Y Plata x 1 Pack,85472,3649.00,3649.00
52,Ahumada,Head & Shoulders Shampoo 3 En 1 x 375 mL,74536,4599.00,4599.00
53,Ahumada,TOA HIG.LADYSOFT NOCT ULTRA DELG.24U,88135,4749.00,4749.00
54,Ahumada,Head & Shoulders Shampoo 3 En 1 x 375 mL,74536,4599.00,4599.00
55,Ahumada,N/A,N/A,N/A,N/A
56,Ahumada,Crema Facial Antiarrugas Eucerin Hyaluron-FILLER Noche 50 ML,50705,29599.00,29599.00
57,Ahumada,Crema Facial Antiarrugas Eucerin Hyaluron-FILLER Noche 50 ML,50705,29599.00,29599.00
58,Ahumada,Uriage Agua Termal x 300 mL,87510,15699.00,15699.00
59,Ahumada,Huggies Pa\u00f1al Natural Care P x 34 Unidades,87431,9599.00,9599.00
60,Ahumada,LOCI\u00d3N  CORPORAL LIGERA EUCERIN pH5 400 ML,86200,20399.00,20399.00
61,Ahumada,Multi Oil USA x 120 C\u00e1psulas,28986,12995.00,12995.00
62,Ahumada,Crema Facial Antiarrugas Eucerin Hyaluron-FILLER Noche 50 ML,50705,29599.00,29599.00
63,Ahumada,Crema Facial Antiarrugas Eucerin Hyaluron-FILLER Noche 50 ML,50705,29599.00,29599.00
64,Ahumada,GEL FACIAL EUCERIN HYALURON FILLER HYDRATING BOOSTER 30ML,87917,16099.00,16099.00
65,Ahumada,GEL LIMPIADOR FACIAL EUCERIN DERMOPURE 400ML,84785,16499.00,16499.00
66,Ahumada,Loreal Crema Revitalift Acido Hialur\u00f3nico Dia FPS 20 x 50 mL,86957001,10599.00,10599.00
67,Ahumada,Bi-O Desodorante Roll On Invisible Black White And Color Femenino x 50 mL,69603006,3049.00,3049.00
68,Ahumada,Elvive Crema Para Peinar Reparadora Total 5 x 300 mL,85149,4199.00,4199.00
69,Ahumada,Loreal Crema Revitalift Acido Hialur\u00f3nico Dia FPS 20 x 50 mL,86957001,10599.00,10599.00
70,Ahumada,L'Or\u00e9al Paris CC Cream C'Est Magic Antiredness Green x 30 mL,88357,8999.00,8999.00
71,Ahumada,Uriage Desodorante Roll On Power3 x 50 mL,87649,9499.00,9499.00
72,Ahumada,Uriage Tratamiento anti-acne Hyseac 3-Regul x 40 ml,87531,18799.00,18799.00
73,Ahumada,Uriage Desodorante Roll On Power3 x 50 mL,87649,9499.00,9499.00
74,Ahumada,Uriage Protector Solar Fluido Ultra Ligero SPF 50+ Bari\u00e9sun x 30 mL,87545,11399.00,11399.00
75,Ahumada,Lady Speed Stick Desodorante Barra Clinical Complete Protection Powder x 45 g,81041001,6199.00,6199.00
76,Ahumada,Contorno De Ojos Gel Boots Vit C 15 Ml,88540,3349.00,3349.00
77,Ahumada,Contorno De Ojos Gel Boots Vit C 15 Ml,88540,3349.00,3349.00
78,Ahumada,Acondicionador Boots Coco&Almendra 500ml,88559,2999.00,2999.00
79,Ahumada,Gel De Ducha Boots Zingy Fram&Gra 250ml,88554,2999.00,2999.00
80,Ahumada,Boots Cepillo De Pelo Estilo Ventilado x 1 Unidad,86103,3799.00,3799.00
81,Ahumada,Loreal Crema Men Expert Rostro Hydra Energetic x 50 mL,88108,8399.00,8399.00
82,Ahumada,Apetrol x 120 mL Jarabe,2037,11995.00,11995.00
83,Ahumada,Pointts x 80 mL Spray,65453,34495.00,34495.00
84,Ahumada,Maybelline M\u00e1scara De Pesta\u00f1as Big Shot Waterproof x 9 mL,83713002,8499.00,8499.00
85,Ahumada,Botanics Contorno De Ojos Roll On All Bright x 15 mL,81196,12499.00,12499.00
86,Ahumada,Isdin Fotoprotector Fusion Water Sin Color SPF 50 Daily Protection x 50 mL,88481,19299.00,19299.00
87,Ahumada,Mam Mamadera Silicona 4 A\u00f1os O Mas x 330 mL,75289,11899.00,11899.00
88,Ahumada,Huggies Pa\u00f1al Natural Care XG x 56 Unidades,81787005,24299.00,24299.00
89,Ahumada,Fin Shampoo - Aloe Vera 400ml,89175,7599.00,7599.00
90,Ahumada,N/A,N/A,N/A,N/A
91,Ahumada,Crema facial NIVEA Rose Care en Gel 50ml,88860,6899.00,6899.00
92,Ahumada,Loreal Crema Antiarrugas Revitalift FPS 30 x 50 mL,76250,10399.00,10399.00
93,Ahumada,Rexona Desodorante Clinical Soft Solid Men x 48 g,64466,5499.00,5499.00
94,Ahumada,Millionaire Red Intense 95ml Edp,89607,13499.00,13499.00
95,Ahumada,Pigeon Aspirador Nasal Con Deposito x 1 Unidad,86875,11999.00,11999.00
96,Ahumada,0,66339,3499.00,3499.00
97,Ahumada,Agatha Ruiz De La Eau de Toilette Flor Con Atomizador x 50 mL,27044,17099.00,17099.00
98,Ahumada,Rts Cepillo Fucsia Tangle Teezer Orig 1u,87671,10599.00,10599.00
99,Ahumada,Maam Crema Reafirmante Intensivo x 200 g,6496,17199.00,17199.00
100,Ahumada,Corega Ultra Crema Sin Sabor x 20 g,70547,6499.00,6499.00
101,Ahumada,Garnier Agua Micelar Express Aclara x 400 mL,87858001,4999.00,4999.00
102,Ahumada,Vitakron Mujer x 60 Comprimidos Recubiertos,87498,15595.00,15595.00
103,Ahumada,EUCERIN ATOPI CONTROL BALSAMO TEXTURA LIGERA 400ML,89419,24999.00,24999.00
104,Ahumada,Opti-Free Pure Moist x 300 mL Soluci\u00f3n,75909,13595.00,13595.00
105,Ahumada,Tapsin Compuesto Dia 5 g x 1 Sobre Polvo Para Soluci\u00f3n Oral,9235,745.00,745.00
106,Ahumada,Pharmaton Mujer 30comp,89254,14295.00,14295.00
107,Ahumada,Genacol Xtra Colageno y Vitaminas x 90 C\u00e1psulas,85591,25695.00,25695.00
108,Ahumada,Natuvit Caramelo Propoleo x 10 Comprimidos,49014,1495.00,1495.00
109,Ahumada,N/A,N/A,N/A,N/A
110,Ahumada,Plenitud Pa\u00f1al Desechable Adulto Protect G x 22 Unidades,82507,18895.00,18895.00
111,Ahumada,Pants Active Plus Plenitud G\/Xg,88091,16795.00,16795.00
112,Ahumada,AB Antitusivo x 12 Comprimidos Masticables,8568,3095.00,3095.00
113,Ahumada,Disfruta Sal Efervescente Limon 5 g x 1 Sobre,25554,595.00,595.00
114,Ahumada,Tapsin Compuesto Dia 5 g x 1 Sobre Polvo Para Soluci\u00f3n Oral,9235,745.00,745.00
115,Ahumada,Ensure Vainilla x 850 g Polvo,78697,20495.00,20495.00
116,Ahumada,Multi Oil USA x 120 C\u00e1psulas,28986,12995.00,12995.00
117,Ahumada,ASEPXIA Gel Secante de Imperfecciones 28g,65400,7399.00,7399.00
118,Ahumada,Avent Chupete Silicona Transparente 0 A 6 Meses x 2 Unidades,72904,11299.00,11299.00
119,Ahumada,Axe Desodorante Spray Musk x 150 mL,79343003,3149.00,3149.00
120,Ahumada,Pa\u00f1al babysec super premium Grande 68 Unidades,88969,23299.00,23299.00
121,Ahumada,Cachantun Bebida Botella Gasificada x 500 mL,17448,1149.00,1149.00
122,Ahumada,Cetaphil Limpiador Facial Piel Grasa x 273 mL,50095,26599.00,26599.00
123,Ahumada,Dove Shampoo Oleo Nutricion x 400 mL,72189004,3999.00,3999.00
124,Ahumada,Dove Antitranspirante Roll On Invisible Dry x 50 mL,50321,3699.00,3699.00
125,Ahumada,Dove Antitranspirante Roll On Invisible Dry x 50 mL,50321,3699.00,3699.00
126,Ahumada,Fructis Acondicionador Aloe Hidra Bomb x 350 mL,32017016,3199.00,3199.00
127,Ahumada,Huggies Pa\u00f1al Natural Care XG x 56 Unidades,81787005,24299.00,24299.00
128,Ahumada,Crema Lechuga Manos Anti Manchas 75gr,86910,2099.00,2099.00
129,Ahumada,Lady Speed Stick Desodorante Barra Clinical Complete Protection Powder x 45 g,81041001,6199.00,6199.00
130,Ahumada,enjuague bucal listerine\u00ae cool mint zero alcohol x 250 ml,71404,3999.00,3999.00
131,Ahumada,Loreal Agua Micelar Maquillaje Waterproof Hidra-Total 5 x 200 mL,85454,5299.00,5299.00
132,Ahumada,LOCI\u00d3N CORPORAL NIVEA NATURALLY GOOD CACAO 350ML,88856,5699.00,5699.00
133,Ahumada,Oral B Cepillo Dental Indicator Colores x 4 Unidades,83070,4699.00,4699.00
134,Ahumada,Pepsodent Pasta Dental Integral 18 Herbal Gum Care x 75 mL,87019,2199.00,2199.00
135,Ahumada,Desmaquillante Bifasivo Petrizzio 145 Ml,89117,4949.00,4949.00
136,Ahumada,Petrizzio Hidrashock Crema De Dia x 50 g,86972,4199.00,4199.00
137,Ahumada,Pigeon Aspirador Nasal Con Deposito x 1 Unidad,86875,11999.00,11999.00
138,Ahumada,Rexona Desodorante Barra 24H Powder x 50 g,32156004,3299.00,3299.00
139,Ahumada,Sedal Crema Para Peinar Rizos Definidos x 300 mL,81782,2399.00,2399.00
140,Ahumada,Teatrical Crema Antiarrugas x 200 g,85702,4699.00,4699.00
141,Ahumada,Veet Crema Depilatoria Axila\/Bikini x 100 mL,75663,8199.00,8199.00
142,Ahumada,Gelicart Colageno Hidrolizado x 30 Sobres,73419,25695.00,25695.00
143,Ahumada,Vichy Liftactiv H.A Epidermic Filler,89074,33699.00,33699.00
144,Ahumada,Sensodyne Pasta Dental Sensibilidad Y Encias x 100 G,88708,6599.00,6599.00
145,Ahumada,Crema Facial Antiarrugas Eucerin Hyaluron-FILLER Noche 50 ML,50705,29599.00,29599.00
146,Ahumada,Crema Facial Antiarrugas Eucerin Hyaluron-FILLER Noche 50 ML,50705,29599.00,29599.00
147,Ahumada,Loreal Crema Revitalift Acido Hialur\u00f3nico Dia FPS 20 x 50 mL,86957001,10599.00,10599.00
148,Ahumada,Uriage Desodorante Roll On Power3 x 50 mL,87649,9499.00,9499.00
149,Ahumada,Avene Agua Termal Spray x 300 mL,17793,15899.00,15899.00
150,Ahumada,Vichy Liftactiv H.A Epidermic Filler,89074,33699.00,33699.00
151,Ahumada,Cerave Crema Hidratante Piel Seca x 454 mL,85463,15199.00,15199.00
152,Ahumada,Cerave Crema Hidratante Piel Seca x 454 mL,85463,15199.00,15199.00
153,Ahumada,Avene Agua Termal Spray x 300 mL,17793,15899.00,15899.00
154,Ahumada,"Loreal Serum Rellenador Revitalift 1,5% \u00c1cido Hialur\u00f3nico x 30 mL",87900001,11999.00,11999.00
155,Ahumada,Cicatricure Crema Gold Lift D\u00eda x 50 g,86980,21099.00,21099.00
156,Ahumada,Rexona Desodorante Clinical Soft Solid Men x 48 g,64466,5499.00,5499.00
157,Ahumada,"Loreal Serum Rellenador Revitalift 1,5% \u00c1cido Hialur\u00f3nico x 30 mL",87900001,11999.00,11999.00
158,Ahumada,Cerave Loci\u00f3n Hidratante Piel Seca A Muy Seca x 473 mL,85379,13699.00,13699.00
159,Ahumada,Gelicart Colageno Hidrolizado x 30 Sobres,73419,25695.00,25695.00
160,Ahumada,Similac Formula Etapa 3 x 900 g,77922,12599.00,12599.00
161,Ahumada,Azymol 5 mg x 30 Comprimidos,77581,36695.00,36695.00
162,Ahumada,Aerius 2.5mg\/5ml 120ml Jarabe,89643,14095.00,14095.00
163,Ahumada,Singulair 5 mg x 30 Comprimidos Masticables,15540,78195.00,78195.00
164,Ahumada,Avene Gel De Limpieza Cara Y Cuerpo Cleanance x 400 mL,85654,18699.00,18699.00
165,Ahumada,Plenitud Pa\u00f1al Desechable Adulto Protect G x 22 Unidades,82507,18895.00,18895.00
166,Ahumada,Isdin Gel Crema Acniben\u00ae Repair Hidratante Aliviante Y Reparador x 40 mL,48326,16499.00,16499.00
167,Ahumada,Isdin Gel Crema Acniben\u00ae Repair Hidratante Aliviante Y Reparador x 40 mL,48326,16499.00,16499.00
168,Ahumada,Isdin Crema Isdinceutics K-Ox Eyes x 15 mL,87666,32499.00,32499.00
169,Ahumada,Isdin Fotoprotector Fusion Water Sin Color SPF 50 Daily Protection x 50 mL,88481,19299.00,19299.00
170,Ahumada,Isdin Fotoprotector Fusion Water Sin Color SPF 50 Daily Protection x 50 mL,88481,19299.00,19299.00
171,Ahumada,Isdin Fotoprotector Fusion Water Sin Color SPF 50 Daily Protection x 50 mL,88481,19299.00,19299.00
172,Ahumada,Isdin Gel Crema Acniben\u00ae Repair Hidratante Aliviante Y Reparador x 40 mL,48326,16499.00,16499.00
173,Ahumada,Sirdalud 2 Mg. Caja 12 Comp.,4682,16195.00,16195.00
174,Ahumada,Sirdalud 2 Mg. Caja 12 Comp.,4682,16195.00,16195.00
175,Ahumada,La Roche Posay Gel Crema Lipikar Syndet x 400 mL,44038,18099.00,18099.00
176,Ahumada,Lysoform Desodorante Ambiental Desinfectante Original x 360 mL,40247,3099.00,3099.00
177,Ahumada,Isdin Fotoprotector Fusion Water Sin Color SPF 50 Daily Protection x 50 mL,88481,19299.00,19299.00
178,Ahumada,N/A,N/A,N/A,N/A
179,Ahumada,N/A,N/A,N/A,N/A
180,Ahumada,Metformina LP 750 mg x 30 Comprimidos De Liberaci\u00f3n Prolongada,86303,9595.00,9595.00
181,Ahumada,Crema Facial Antiarrugas Eucerin Hyaluron-FILLER Noche 50 ML,50705,29599.00,29599.00
182,Ahumada,LOCI\u00d3N  CORPORAL LIGERA EUCERIN pH5 400 ML,86200,20399.00,20399.00
183,Ahumada,Crema Facial Antiarrugas Eucerin Hyaluron-FILLER Noche 50 ML,50705,29599.00,29599.00
184,Ahumada,Crema Facial Antiarrugas Eucerin Hyaluron-FILLER Noche 50 ML,50705,29599.00,29599.00
185,Ahumada,Isdin Gel Crema Acniben\u00ae Repair Hidratante Aliviante Y Reparador x 40 mL,48326,16499.00,16499.00
186,Ahumada,Cerave Crema Hidratante Piel Seca x 454 mL,85463,15199.00,15199.00
187,Ahumada,Ladysoft Toalla Nocturna Ultra Delgadas x 16 Unidades,66100,3249.00,3249.00
188,Ahumada,Vichy Liftactiv H.A Epidermic Filler,89074,33699.00,33699.00
189,Ahumada,Crema Facial Antiarrugas Eucerin Hyaluron-FILLER Noche 50 ML,50705,29599.00,29599.00
190,Ahumada,Vichy Liftactiv H.A Epidermic Filler,89074,33699.00,33699.00
191,Ahumada,Goicoechea Crema Diabet TX Plus 10% Urea x 250 g,86467,11799.00,11799.00
192,Ahumada,L'Or\u00e9al Paris Infallible 24HR 2-Step Lipstick 115 Infinitely Mocha x 1 Unidad,88359005,7499.00,7499.00
193,Ahumada,Multi Oil USA x 120 C\u00e1psulas,28986,12995.00,12995.00
194,Ahumada,Plenitud Pa\u00f1al Desechable Adulto Protect G x 22 Unidades,82507,18895.00,18895.00
195,Ahumada,Diavital Probi Kln 30 Cap,89251,18995.00,18995.00
196,Ahumada,Pharmaton x 30 Comprimidos Recubiertos,83600,11695.00,11695.00
197,Ahumada,Toma Presion Omron HEM 7120 x 1 Unidad,81794,52295.00,52295.00
198,Ahumada,Pediasure Complete Chocolate x 900 g Polvo,72810,20695.00,20695.00
199,Ahumada,Similac Formula Etapa 3 x 900 g,77922,12599.00,12599.00
200,Ahumada,Ladysoft Toalla Nocturna Ultra Delgadas x 16 Unidades,66100,3249.00,3249.00
201,Ahumada,Xig Duo XR 5\/1000 mg x 56 Comprimidos Recubiertos De Liberaci\u00f3n Prolongada,83519,43195.00,43195.00
202,Ahumada,Crema Facial Antiarrugas Eucerin Hyaluron-FILLER Noche 50 ML,50705,29599.00,29599.00
203,Ahumada,Huggies Pa\u00f1al Natural Care P x 34 Unidades,87431,9599.00,9599.00
204,Ahumada,Sensodyne Pasta Dental Whitening x 90 g,62539,5399.00,5399.00
205,Ahumada,TOA HIG.LADYSOFT NOCT ULTRA DELG.24U,88135,4749.00,4749.00
206,Ahumada,Similac Formula Etapa 3 x 900 g,77922,12599.00,12599.00
207,Ahumada,N/A,N/A,N/A,N/A
208,Ahumada,PHB Cepillo Dental Junior x 1 Unidad,11631,4449.00,4449.00
209,Ahumada,Pasta Dental Hello Carb\u00f3n Con Fl\u00faor 113ml,89583,5499.00,5499.00
210,Ahumada,Avene Gel De Limpieza Cara Y Cuerpo Cleanance x 400 mL,85654,18699.00,18699.00
211,Ahumada,EUCERIN ATOPI CONTROL BALSAMO TEXTURA LIGERA 400ML,89419,24999.00,24999.00
212,Ahumada,Rexona Desodorante Clinical Soft Solid Men x 48 g,64466,5499.00,5499.00
213,Ahumada,Maybelline Labial Super Stay 24H Continuous Coral x 1 Unidad,70950007,6899.00,6899.00
214,Ahumada,Mam Chupete Silicona Night 6 O Mas Meses x 2 Unidades,67973,12099.00,12099.00
215,Ahumada,Nan Formula Optipro Etapa 3 Tarro x 800 g,67140,13099.00,13099.00
216,Ahumada,Huggies Pa\u00f1al Natural Care XG x 56 Unidades,81787005,24299.00,24299.00
217,Ahumada,shampoo para ni\u00f1os johnson's\u00ae gotas de brillo\u00ae x 750 ml.,86598003,6099.00,6099.00
218,Ahumada,Eminence Fragancia Sport Con Atomizador x 100 mL,19310,8899.00,8899.00
219,Ahumada,Soap & Glory Polvo Compacto One Heck Of A Blot x 1 Unidad,81172002,12999.00,12999.00
220,Ahumada,Avene Protector Solar Flu\u00eddo Sin Color Ultra-Matificante 50 + x 50 mL,85657,18999.00,18999.00
221,Ahumada,Crema Facial Antiarrugas Eucerin Hyaluron-FILLER Noche 50 ML,50705,29599.00,29599.00
222,Ahumada,Crema Facial Antiarrugas Eucerin Hyaluron-FILLER Noche 50 ML,50705,29599.00,29599.00
223,Ahumada,Goicoechea Crema Diabet TX Plus 10% Urea x 250 g,86467,11799.00,11799.00
224,Ahumada,"L'Or\u00e9al Paris Delineador Liquido Superliner Flash Cat Eye x 2,8 g",87565,7099.00,7099.00
225,Ahumada,Bi-O Desodorante Roll On Clarify Femenino x 50 mL,66679,3049.00,3049.00
226,Ahumada,Nutrisse Cor Intensa Tintura 8.1 Rubio Claro Ceniza x 1 Unidad,72894019,2899.00,2899.00
227,Ahumada,Fructis Mascara Hair Food Aloe Vera x 350 mL,87591,4499.00,4499.00
228,Ahumada,Maybelline M\u00e1scara De Pesta\u00f1as Big Shot Waterproof x 9 mL,83713002,8499.00,8499.00
229,Ahumada,Loreal Crema Men Expert Rostro Hydra Energetic x 50 mL,88108,8399.00,8399.00
230,Ahumada,Pediasure Complete Chocolate x 900 g Polvo,72810,20695.00,20695.00
231,Ahumada,Bi-O Desodorante Spray Clarify Femenino x 150 mL,66676,3099.00,3099.00
232,Ahumada,Cetaphil Limpiador Facial Piel Grasa x 273 mL,50095,26599.00,26599.00
233,Ahumada,Dove Men Desodorante Spray Clean Comfort Men x 150 mL,69857001,3099.00,3099.00
234,Ahumada,Dove Jabon Liquido Recarga x 700 mL,70730,3499.00,3499.00
235,Ahumada,Elite Pa\u00f1uelo Desechable Tripack Caja x 3 Unidades,44981,3449.00,3449.00
236,Ahumada,Eminence Fragancia Sport Con Atomizador x 100 mL,19310,8899.00,8899.00
237,Ahumada,Garnier Agua Micelar Express Aclara x 400 mL,87858001,4999.00,4999.00
238,Ahumada,Huggies Pa\u00f1al Natural Care XG x 56 Unidades,81787005,24299.00,24299.00
239,Ahumada,Jean Les Pins Colonia Itzy Angel Con Atomizador x 250 mL,77294001,4199.00,4199.00
240,Ahumada,Speed Stick Desodorante Barra Classic x 50 g,32160001,3449.00,3449.00
241,Ahumada,Loreal Crema Hidra Total 5 Colageno 35 x 50 mL,82003,5399.00,5399.00
242,Ahumada,lubriderm prevencion uv30 x 750 ml,85487,8399.00,8399.00
243,Ahumada,Maybelline Labial Super Stay 24H Continuous Coral x 1 Unidad,70950007,6899.00,6899.00
244,Ahumada,N/A,N/A,N/A,N/A
245,Ahumada,Nido Leche En Polvo Etapa 1 Tarro x 1600 g,1551,15399.00,15399.00
246,Ahumada,CREMA FACIAL HIDRATANTE MATIZANTE NIVEA DIA SPF15 50ML,7378,5499.00,5499.00
247,Ahumada,TOALLITAS DESMAQUILLANTES SUAVES NIVEA PIEL SECA 25UDS,37880,2699.00,2699.00
248,Ahumada,No 7 Crema Protect & Perfect Intense Advance Noche x 50 mL,81305,21999.00,21999.00
249,Ahumada,Pantene Pack Micelar Purifica & Hidrata Shampoo 400 mL+ Acondicionador 400 mL x 400 mL,86481,5199.00,5199.00
250,Ahumada,Pepsodent Pack Cepillo Dental Double Clean Suave x 1 Pack,83738,2199.00,2199.00
251,Ahumada,Pielarmina Crema Manos Casta\u00f1a x 80 g,83570,1999.00,1999.00
252,Ahumada,Opti-Free Pure Moist x 300 mL Soluci\u00f3n,75909,13595.00,13595.00
253,Ahumada,Toma Presion Omron HEM 7120 x 1 Unidad,81794,52295.00,52295.00
254,Ahumada,Plenitud Pa\u00f1al Desechable Adulto Protect G x 22 Unidades,82507,18895.00,18895.00
255,Ahumada,Sunvit Life Multi Senior x 60 Comprimidos,84243,16195.00,16195.00
256,Ahumada,Ensure Advance Frutilla x 850 g,85889,21195.00,21195.00
257,Ahumada,Suerox Bebida Naranja x 630 mL,87943,2645.00,2645.00
258,Ahumada,"Loreal Serum Rellenador Revitalift 1,5% \u00c1cido Hialur\u00f3nico x 30 mL",87900001,11999.00,11999.00
259,Ahumada,Garnier Loci\u00f3n Micelar En Aceite x 400 mL,83567,6499.00,6499.00
260,Ahumada,Rexona Desodorante Clinical Soft Solid Men x 48 g,64466,5499.00,5499.00
261,Ahumada,Nastigrip Dia Noche x 18 Comprimidos,82192,2995.00,2995.00
262,Ahumada,Gelicart Colageno Hidrolizado x 30 Sobres,73419,25695.00,25695.00
263,Ahumada,Corega Ultra Crema Adhesiva Menta x 40 g,8317,9999.00,9999.00
264,Ahumada,Corega Ultra Crema Sin Sabor x 20 g,70547,6499.00,6499.00
265,Ahumada,Crema Facial Antiarrugas Eucerin Hyaluron-FILLER Noche 50 ML,50705,29599.00,29599.00
266,Ahumada,"Hair, Skin & Nails Formula x 60 Capsulas",47155,15895.00,15895.00
267,Ahumada,Vichy Liftactiv H.A Epidermic Filler,89074,33699.00,33699.00
268,Ahumada,Vichy Liftactiv H.A Epidermic Filler,89074,33699.00,33699.00
269,Ahumada,Goicoechea Crema Diabet TX Plus 10% Urea x 250 g,86467,11799.00,11799.00
270,Ahumada,Vichy Liftactiv H.A Epidermic Filler,89074,33699.00,33699.00
271,Ahumada,N/A,N/A,N/A,N/A
272,Ahumada,N/A,N/A,N/A,N/A
273,Ahumada,N/A,N/A,N/A,N/A
274,Ahumada,Vichy Liftactiv H.A Epidermic Filler,89074,33699.00,33699.00
275,Ahumada,N/A,N/A,N/A,N/A
276,Ahumada,N/A,N/A,N/A,N/A
277,Ahumada,N/A,N/A,N/A,N/A
278,Ahumada,N/A,N/A,N/A,N/A
279,Ahumada,N/A,N/A,N/A,N/A
280,Ahumada,Plenitud Pa\u00f1al Desechable Adulto Protect G x 22 Unidades,82507,18895.00,18895.00
281,Ahumada,Pediasure Complete Chocolate x 900 g Polvo,72810,20695.00,20695.00
282,Ahumada,N/A,N/A,N/A,N/A
283,Ahumada,N/A,N/A,N/A,N/A
284,Ahumada,Pants Active Plus Plenitud G\/Xg,88091,16795.00,16795.00
285,Ahumada,Plenitud Pa\u00f1al Desechable Adulto Protect G x 22 Unidades,82507,18895.00,18895.00
286,Ahumada,Corega Ultra Crema Adhesiva Menta x 40 g,8317,9999.00,9999.00
287,Ahumada,Loreal Revitalift Crema Cuidado D\u00eda FPS 30 50 mL + Crema Cuidado Noche 50 mL x 1 Pack Mam\u00e1,80170,14799.00,14799.00
288,Ahumada,Loreal Revitalift Crema Cuidado D\u00eda FPS 30 50 mL + Crema Cuidado Noche 50 mL x 1 Pack Mam\u00e1,80170,14799.00,14799.00
289,Ahumada,Crema Facial Antiarrugas Eucerin Hyaluron-FILLER Noche 50 ML,50705,29599.00,29599.00
290,Ahumada,"Loreal Serum Rellenador Revitalift 1,5% \u00c1cido Hialur\u00f3nico x 30 mL",87900001,11999.00,11999.00
291,Ahumada,N/A,N/A,N/A,N/A
292,Ahumada,N/A,N/A,N/A,N/A
293,Ahumada,TOA HIG.LADYSOFT NOCT ULTRA DELG.24U,88135,4749.00,4749.00
294,Ahumada,Tabletas Phillips x 30 Comprimidos Masticables,7707,7295.00,7295.00
295,Ahumada,N/A,N/A,N/A,N/A
296,Ahumada,Diavital Probi Kln 30 Cap,89251,18995.00,18995.00
297,Ahumada,Rehsal 60 x 8 Sobres Polvo Para Soluci\u00f3n Oral,2822,9695.00,9695.00
298,Ahumada,Suerox Bebida Naranja x 630 mL,87943,2645.00,2645.00
299,Ahumada,Pedialyte 60 Sabor Uva x 500 mL Solucion Oral,71573,5195.00,5195.00
300,Ahumada,Sunvitlife Fish Oil x 100 C\u00e1psulas Blandas,84250,11895.00,11895.00
301,Ahumada,Boost Powder Senior Coffee Milk 370gr,86710,10095.00,10095.00
302,Ahumada,Ensure Advance Frutilla x 850 g,85889,21195.00,21195.00
303,Ahumada,Compresa Frio Calor Rodilla x 1 Unidad,87265,11595.00,11595.00
304,Ahumada,Pilexil Anticaida x 15 Ampollas,75235,34095.00,34095.00
305,Ahumada,Gesidol Infantil 100 mg\/mL x 15 mL Solucion para Gotas Orales,88023,3995.00,3995.00
306,Ahumada,Vitakron Mujer x 60 Comprimidos Recubiertos,87498,15595.00,15595.00
307,Ahumada,N/A,N/A,N/A,N/A
308,Ahumada,N/A,N/A,N/A,N/A
309,Ahumada,Multi Oil USA x 120 C\u00e1psulas,28986,12995.00,12995.00
310,Ahumada,"Hair, Skin & Nails Formula x 60 Capsulas",47155,15895.00,15895.00
311,Ahumada,ASEPXIA Gel Secante de Imperfecciones 28g,65400,7399.00,7399.00
312,Ahumada,Avene Gel De Limpieza Cara Y Cuerpo Cleanance x 400 mL,85654,18699.00,18699.00
313,Ahumada,Eau Thermale Av\u00e8ne Aqua Gel-Crema Hidratante Hydrance x 50 mL,87946,23799.00,23799.00
314,Ahumada,Axe Desodorante Spray Musk x 150 mL,79343003,3149.00,3149.00
315,Ahumada,Babysec Pa\u00f1al Super Premium M x 38 Unidades,83223006,11799.00,11799.00
316,Ahumada,Cachantun Bebida Botella Gasificada x 500 mL,17448,1149.00,1149.00
317,Ahumada,Colgate Cepillo Dental Twis Fresh Medio x 2 Unidades,45330,2599.00,2599.00
318,Ahumada,N/A,N/A,N/A,N/A
319,Ahumada,Dove Men Desodorante Spray Clean Comfort Men x 150 mL,69857001,3099.00,3099.00
320,Ahumada,Fructis Mascara Hair Food Aloe Vera x 350 mL,87591,4499.00,4499.00
321,Ahumada,N/A,N/A,N/A,N/A
322,Ahumada,N/A,N/A,N/A,N/A
323,Ahumada,Loreal Crema Antiarrugas Revitalift FPS 30 x 50 mL,76250,10399.00,10399.00
324,Ahumada,Loreal Agua Micelar Maquillaje Waterproof Hidra-Total 5 x 200 mL,85454,5299.00,5299.00
325,Ahumada,lubriderm prevencion uv30 x 750 ml,85487,8399.00,8399.00
326,Ahumada,N/A,N/A,N/A,N/A
327,Ahumada,Mustela Gel De Ba\u00f1o x 500 mL,88586,9399.00,9399.00
328,Ahumada,Nido Leche En Polvo Etapa 1 Bolsa x 800 g,50182,8149.00,8149.00
329,Ahumada,LOCI\u00d3N CORPORAL NIVEA NATURALLY GOOD CACAO 350ML,88856,5699.00,5699.00
330,Ahumada,DESMAQUILLANTE DE OJOS BIFASICO NIVEA 125ML,70601,5199.00,5199.00
331,Ahumada,Pantene Shampoo Micelar x 400 mL,85264,4199.00,4199.00
332,Ahumada,Pepsodent Pasta Dental Integral 18 Herbal Gum Care x 75 mL,87019,2199.00,2199.00
333,Ahumada,Petrizzio Toallitas Desmaquillantes Hidrashock x 25 Unidades,86982001,1699.00,1699.00
334,Ahumada,Pigeon Aspirador Nasal Con Deposito x 1 Unidad,86875,11999.00,11999.00
335,Ahumada,Plaisance Fragancia Hot Sensation Con Atomizador x 80 mL,63031,10799.00,10799.00
336,Ahumada,Rexona Desodorante Barra 24H Powder x 50 g,32156004,3299.00,3299.00
337,Ahumada,Simonds Colonia Golden Lotion x 260 mL,32087001,3049.00,3049.00
338,Ahumada,Soap & Glory Crema Manos Hand Food x 125 mL,81136,6999.00,6999.00
339,Ahumada,N/A,N/A,N/A,N/A
340,Ahumada,Babysec Pants Super Premium Xxg48,89317,22599.00,22599.00
341,Ahumada,LOCI\u00d3N  CORPORAL LIGERA EUCERIN pH5 400 ML,86200,20399.00,20399.00
342,Ahumada,"Loreal Serum Rellenador Revitalift 1,5% \u00c1cido Hialur\u00f3nico x 30 mL",87900001,11999.00,11999.00
343,Ahumada,TOA HIG.LADYSOFT NOCT ULTRA DELG.24U,88135,4749.00,4749.00
344,Ahumada,Crema Facial Antiarrugas Eucerin Hyaluron-FILLER Noche 50 ML,50705,29599.00,29599.00
345,Ahumada,Avene Crema Physiolift Contorno De Ojos x 15 mL,82676,30299.00,30299.00
346,Ahumada,Crema Facial Antiarrugas Eucerin Hyaluron-FILLER Noche 50 ML,50705,29599.00,29599.00
347,Ahumada,CREMA FACIAL ANTIARRUGAS EUCERIN ELASTICITY+FILLER NOCHE 50 ML,83203,30999.00,30999.00
348,Ahumada,"OZEMPIC SEMAGLUTIDA 2\/1,5ML JERINGA PRELLENADA",88319,164395.00,164395.00
349,Ahumada,Avene Agua Termal Spray x 300 mL,17793,15899.00,15899.00
350,Ahumada,"OZEMPIC SEMAGLUTIDA 2\/1,5ML JERINGA PRELLENADA",88319,164395.00,164395.00
351,Ahumada,Uriage Desodorante Roll On Power3 x 50 mL,87649,9499.00,9499.00
352,Ahumada,Isdin Serum Isdinceutics Flavo-C Melatonin Noche x 10 Ampollas,87662,20899.00,20899.00
353,Ahumada,Isdin Gel Crema Acniben\u00ae Repair Hidratante Aliviante Y Reparador x 40 mL,48326,16499.00,16499.00
354,Ahumada,Avene Agua Termal Spray x 300 mL,17793,15899.00,15899.00
355,Ahumada,Cerave Crema Hidratante Piel Seca x 454 mL,85463,15199.00,15199.00
356,Ahumada,Cerave Crema Hidratante Piel Seca x 454 mL,85463,15199.00,15199.00
357,Ahumada,La Roche Posay Serum Retinol B3 x 30 mL,87901,37199.00,37199.00
358,Ahumada,La Roche Posay Protector Anthielios Shaka Fluide FPS +50 x 50 mL,87025,21699.00,21699.00
359,Ahumada,Victoza 6 mg\/mL x 1 Dispositivo Prellenado Solucion Inyectable,74783,84595.00,84595.00
360,Ahumada,Multi Oil USA x 120 C\u00e1psulas,28986,12995.00,12995.00
361,Ahumada,TOA HIG.LADYSOFT NOCT ULTRA DELG.24U,88135,4749.00,4749.00
362,Ahumada,Goicoechea Crema Diabet TX Plus 10% Urea x 250 g,86467,11799.00,11799.00
363,Ahumada,Similac Formula Etapa 3 x 900 g,77922,12599.00,12599.00
364,Ahumada,Preservativo Skyn Large X 6,89068,9295.00,9295.00
365,Ahumada,Plenitud Pa\u00f1al Desechable Adulto Protect G x 22 Unidades,82507,18895.00,18895.00
366,Ahumada,"Loreal Serum Rellenador Revitalift 1,5% \u00c1cido Hialur\u00f3nico x 30 mL",87900001,11999.00,11999.00
367,Ahumada,Isdin Gel Crema Acniben\u00ae Repair Hidratante Aliviante Y Reparador x 40 mL,48326,16499.00,16499.00
368,Ahumada,N/A,N/A,N/A,N/A
369,Ahumada,N/A,N/A,N/A,N/A
370,Ahumada,N/A,N/A,N/A,N/A
371,Ahumada,N/A,N/A,N/A,N/A
372,Ahumada,N/A,N/A,N/A,N/A
373,Ahumada,Pointts x 80 mL Spray,65453,34495.00,34495.00
374,Ahumada,Sedal Crema Para Peinar Rizos Definidos x 300 mL,81782,2399.00,2399.00
375,Ahumada,"Loreal Serum Rellenador Revitalift 1,5% \u00c1cido Hialur\u00f3nico x 30 mL",87900001,11999.00,11999.00
376,Ahumada,"Loreal Serum Rellenador Revitalift 1,5% \u00c1cido Hialur\u00f3nico x 30 mL",87900001,11999.00,11999.00
377,Ahumada,Bi-O Desodorante Roll On Clarify Femenino x 50 mL,66679,3049.00,3049.00
378,Ahumada,"Loreal Serum Rellenador Revitalift 1,5% \u00c1cido Hialur\u00f3nico x 30 mL",87900001,11999.00,11999.00
379,Ahumada,Elvive Tratamiento Capilar Tratamiento Total 5 x 300 g,73296001,4199.00,4199.00
380,Ahumada,Excellence Tintura 7.11 Rubio Ceniza Profundo x 1 Unidad,32410022,7499.00,7499.00
381,Ahumada,Serum Garnier Express Aclara Vit C 30ml,89689,9099.00,9099.00
382,Ahumada,"L'Or\u00e9al Paris Delineador Liquido Superliner Flash Cat Eye x 2,8 g",87565,7099.00,7099.00
383,Ahumada,Maybelline M\u00e1scara De Pesta\u00f1as Big Shot Waterproof x 9 mL,83713002,8499.00,8499.00
384,Ahumada,Nutrisse Cor Intensa Tintura 8.1 Rubio Claro Ceniza x 1 Unidad,72894019,2899.00,2899.00
385,Ahumada,Shampoo Original Remedies 300 Ml Delicatesse Avena,89150,5499.00,5499.00
386,Ahumada,Loreal Crema Men Expert Rostro Hydra Energetic x 50 mL,88108,8399.00,8399.00
387,Ahumada,N/A,N/A,N/A,N/A
388,Ahumada,EUCERIN ANTI-PIGMENT SERUM DUAL 30ML,86727,36399.00,36399.00
389,Ahumada,Elmex Enjuague Bucal Sensitive x 400 mL,87645,7799.00,7799.00
390,Ahumada,Avene Gel De Limpieza Cara Y Cuerpo Cleanance x 400 mL,85654,18699.00,18699.00
391,Ahumada,Avene Gel De Limpieza Cara Y Cuerpo Cleanance x 400 mL,85654,18699.00,18699.00
392,Ahumada,Pampers Premium Care G 9-13 kg x 148 Unidad,87193,37899.00,37899.00
393,Ahumada,TOP COAT SECADO R\u00c1PIDO INSTA DRI SALLY HANSEN,85133,6299.00,6299.00
394,Ahumada,Maybelline M\u00e1scara De Pesta\u00f1as Big Shot Waterproof x 9 mL,83713002,8499.00,8499.00
395,Ahumada,Nido Leche En Polvo Etapa 1 Bolsa x 800 g,50182,8149.00,8149.00
396,Ahumada,Chupete Avent Air Nocturno Ni\u00bfA 0-6m 2un,87963,10699.00,10699.00
397,Ahumada,Pa\u00f1al babysec super premium Grande 68 Unidades,88969,23299.00,23299.00
398,Ahumada,Loreal Crema UV Defender Hidratacion Intensa FPS50+ x 40 g,88643,9399.00,9399.00
399,Ahumada,Cicatricure Crema Gold Lift D\u00eda x 50 g,86980,21099.00,21099.00
400,Ahumada,Dove Shampoo Oleo Nutricion x 400 mL,72189004,3999.00,3999.00
401,Ahumada,Dove Men Desodorante Spray Clean Comfort Men x 150 mL,69857001,3099.00,3099.00
402,Ahumada,crema uriage tolederm light crema 40ml,89695,18999.00,18999.00
403,Ahumada,La Roche Posay Protector Anthielios Shaka Fluide FPS +50 x 50 mL,87025,21699.00,21699.00
404,Ahumada,"Pa\u00f1al Merries  Premium, L 36 Unidades",89844,13349.00,13349.00
405,Ahumada,hidratante facial neutrogena\u00ae hydro boost\u00ae water gel x 50 gr.,83466,10649.00,10649.00
406,Ahumada,Proflora 5 mL x 10 Mini Botellas Suspension Bebible Oral,87805,13995.00,13995.00
407,Ahumada,Pedialyte 60 Sabor Uva x 500 mL Solucion Oral,71573,5195.00,5195.00
408,Ahumada,Prudence Ultra Sensible x 12 Unidades,66612,7595.00,7595.00
409,Ahumada,Gelicart Colageno Hidrolizado x 30 Sobres,73419,25695.00,25695.00
410,Ahumada,Elmex Enjuague Bucal Sensitive x 400 mL,87645,7799.00,7799.00
411,Ahumada,Elmex Enjuague Bucal Anticaries x 400 mL,87643,7799.00,7799.00
412,Ahumada,"Hair, Skin & Nails Formula x 60 Capsulas",47155,15895.00,15895.00
413,Ahumada,N/A,N/A,N/A,N/A
414,Ahumada,No 7 Base Stay Perfect Calico x 30 mL,81233009,21999.00,21999.00
415,Ahumada,Goicoechea Crema Diabet TX Plus 10% Urea x 250 g,86467,11799.00,11799.00
416,Ahumada,Babysec Pants Super Premium Xxg48,89317,22599.00,22599.00
417,Ahumada,Similac Formula Etapa 3 x 900 g,77922,12599.00,12599.00
418,Ahumada,N/A,N/A,N/A,N/A
419,Ahumada,N/A,N/A,N/A,N/A
420,Ahumada,N/A,N/A,N/A,N/A
421,Ahumada,N/A,N/A,N/A,N/A
422,Ahumada,N/A,N/A,N/A,N/A
423,Ahumada,Biolev 50mg. Caja 30 Comp. Rec.,72696,47295.00,47295.00
424,Ahumada,Biolev 50mg. Caja 30 Comp. Rec.,72696,47295.00,47295.00
425,Ahumada,N/A,N/A,N/A,N/A
426,Ahumada,N/A,N/A,N/A,N/A
427,Ahumada,N/A,N/A,N/A,N/A
428,Ahumada,La Roche Posay Serum Retinol B3 x 30 mL,87901,37199.00,37199.00
429,Ahumada,La Roche Posay Serum Retinol B3 x 30 mL,87901,37199.00,37199.00
430,Ahumada,La Roche Posay Protector Anthielios Shaka Fluide FPS +50 x 50 mL,87025,21699.00,21699.00
431,Ahumada,La Roche Posay Gel Effaclar x 400 mL,77546,18999.00,18999.00
432,Ahumada,La Roche Posay Serum Retinol B3 x 30 mL,87901,37199.00,37199.00
433,Ahumada,La Roche-Posay Lipikar Baume AP+M Tratamiento Relipidizante Para Pieles Secas Y At\u00f3picas x 400 mL,88124,27399.00,27399.00
434,Ahumada,La Roche Posay Crema Toleriane Sensitive x 40 mL,85016,18899.00,18899.00
435,Ahumada,Agua Micel Bif\u00bfS L-Roche P Phys 400ml,88864,18599.00,18599.00
436,Ahumada,La Roche Posay Protector Anthielios Shaka Fluide FPS +50 x 50 mL,87025,21699.00,21699.00
437,Ahumada,La Roche Posay Protector Solar Anthelios Xl Gel Crema Toque Seco Con Color Fps50 x 50 mL,82402,19999.00,19999.00
438,Ahumada,Anthelios Age Correct Fps 50 La Roche Posay 50ml,89341,21899.00,21899.00
439,Ahumada,La Roche Posay Protector Solar Spray Anthelios Shaka Adultos FPS 50+ x 200 mL,88406,21099.00,21099.00
440,Ahumada,La Roche Posay Protector Solar Anthelios Dermopediatrics Fps50+ x 250 mL,83722,17799.00,17799.00
441,Ahumada,Cerave Crema Hidratante Piel Seca x 454 mL,85463,15199.00,15199.00
442,Ahumada,Protector Solar Vichy Capital Soleil Uv Age Fpd 50 40ml,89289,21799.00,21799.00
443,Ahumada,Vichy Crema Liftactiv Collagen Specialist x 50 mL,86524,36299.00,36299.00
444,Ahumada,Vichy Liftactiv H.A Epidermic Filler,89074,33699.00,33699.00
445,Ahumada,Vichy Crema Liftactive Collagen specialist FPS 30 x 50 mL,87747,37699.00,37699.00
446,Ahumada,Vichy Serum Mineral 89 x 50 mL,83549,25099.00,25099.00
447,Ahumada,Vichy Tratamiento Normaderm Phytosolution Doble Acci\u00f3n x 50 mL,87021,20399.00,20399.00
448,Ahumada,Vichy Shampoo Dercos Energizante Antica\u00ed\u00adda x 400 mL,82286,18699.00,18699.00
449,Ahumada,Vichy Purete Thermale Desmaquillante Bif\u00e1sico x 100 mL,87755,10699.00,10699.00
450,Ahumada,Vichy Liftactiv H.A Epidermic Filler,89074,33699.00,33699.00
451,Ahumada,Cerave Crema Hidratante Piel Seca x 454 mL,85463,15199.00,15199.00
452,Ahumada,Cerave Crema Hidratante Piel Seca x 454 mL,85463,15199.00,15199.00
453,Ahumada,Cerave Loci\u00f3n Hidratante Piel Seca A Muy Seca x 473 mL,85379,13699.00,13699.00
454,Ahumada,Cerave SA Crema Alisadora Anti-Rugosidades x 340 g,87934,15199.00,15199.00
455,Ahumada,Cerave Loci\u00f3n Limpiadora Hidratante Piel Normal A Seca x 473 mL,85390,12699.00,12699.00
456,Ahumada,Cerave Crema Contorno De Ojos Reparadora x 15 mL,85385,12499.00,12499.00
457,Ahumada,Cerave Loci\u00f3n Facial Hidratante SPF 25 x 52 mL,85414,12699.00,12699.00
458,Ahumada,Similac Formula Etapa 3 x 900 g,77922,12599.00,12599.00
459,Ahumada,Avene Agua Termal Spray x 300 mL,17793,15899.00,15899.00
460,Ahumada,Cetaphil Limpiador Facial Piel Grasa x 273 mL,50095,26599.00,26599.00
461,Ahumada,Crema Facial Antiarrugas Eucerin Hyaluron-FILLER Noche 50 ML,50705,29599.00,29599.00
462,Ahumada,Isdin Gel Crema Acniben\u00ae Repair Hidratante Aliviante Y Reparador x 40 mL,48326,16499.00,16499.00
463,Ahumada,La Roche-Posay Effaclar Serum Ultra-Concentrado 30ml,89156,32799.00,32799.00
464,Ahumada,Vichy Liftactiv H.A Epidermic Filler,89074,33699.00,33699.00
465,Ahumada,Banana Boat Protector Solar Hipoalergenico Baby FPS 50 x 118 mL,62812,9399.00,9399.00
466,Ahumada,Excellence Tintura 7.11 Rubio Ceniza Profundo x 1 Unidad,32410022,7499.00,7499.00
467,Ahumada,Hawaiian Tropic Protector Solar Carrot FPS 10 x 240 mL,20073,11499.00,11499.00
468,Ahumada,toallitas desmaquillantes neutrogena\u00ae night calming x 25 un.,72171,3349.00,3349.00
469,Ahumada,DESMAQUILLANTE DE OJOS BIFASICO NIVEA 125ML,70601,5199.00,5199.00
470,Ahumada,Simonds Jab\u00f3n L\u00edquido De Glicerina Hipoalerg\u00e9nico x 750 mL,79149,2649.00,2649.00
471,Ahumada,Huggies Pa\u00f1al Natural Care P x 34 Unidades,87431,9599.00,9599.00
472,Ahumada,Nan Formula Optipro Etapa 3 Tarro x 800 g,67140,13099.00,13099.00
473,Ahumada,Nidal F\u00f3rmula Nidal Etapa 2 Tarro 6 A 12 Meses x 800 g,70204,10799.00,10799.00
474,Ahumada,Pampers Pa\u00f1al Premium Care P x 36 Unidades,83207001,9599.00,9599.00
475,Ahumada,Similac Formula Etapa 3 x 900 g,77922,12599.00,12599.00
476,Ahumada,N/A,N/A,N/A,N/A
477,Ahumada,Colgate Cepillo Dental Slimsoft Black x 2 Unidades,78550,4349.00,4349.00
478,Ahumada,Cotidian Pants Ultraprotect G x 30 Unidades,87940,19895.00,19895.00
479,Ahumada,Dove Jabon Liquido Recarga x 700 mL,70730,3499.00,3499.00
480,Ahumada,Pantene Pack Micelar Purifica & Hidrata Shampoo 400 mL+ Acondicionador 400 mL x 400 mL,86481,5199.00,5199.00
481,Ahumada,Plenitud Pa\u00f1al Desechable Adulto Protect G x 22 Unidades,82507,18895.00,18895.00
482,Ahumada,Rexona Desodorante Clinical Soft Solid Men x 48 g,64466,5499.00,5499.00
483,Ahumada,Bion 3 x 30 Comprimidos Recubiertos,38354,10795.00,10795.00
484,Ahumada,Cartilar x 30 Sobres Polvo Para Soluci\u00f3n Oral,80394,24295.00,24295.00
485,Ahumada,Ensure Vainilla x 850 g Polvo,78697,20495.00,20495.00
486,Ahumada,Multi Oil USA x 120 C\u00e1psulas,28986,12995.00,12995.00
487,Ahumada,Multiflora Advance x 60 Capsulas,88578,31995.00,31995.00
488,Ahumada,Pediasure Complete Chocolate x 900 g Polvo,72810,20695.00,20695.00
489,Ahumada,Pampers Premium Care G 9-13 kg x 148 Unidad,87193,37899.00,37899.00
490,Ahumada,La Roche Posay Protector Anthielios Shaka Fluide FPS +50 x 50 mL,87025,21699.00,21699.00
491,Ahumada,PROTECTOR SOLAR FACIAL GEL CREMA OIL CONTROL FPS 50+ 50ML ,79924,18099.00,18099.00
492,Ahumada,Cetaphil Loci\u00f3n Sun Kids SPF 50 x 150 mL,77259,22599.00,22599.00
493,Ahumada,lubriderm prevencion uv30 x 750 ml,85487,8399.00,8399.00
494,Ahumada,N/A,N/A,N/A,N/A
495,Ahumada,Head & Shoulders Pack Shampoo Limpieza Renovadora 375 mL x 2 Unidades,81445,6299.00,6299.00
496,Ahumada,Balsamo Pantene Bamb\u00bf 400ml,88807,4199.00,4199.00
497,Ahumada,Fructis Tratamiento Capilar Super Oleo 8 x 100 mL,75595,5399.00,5399.00
498,Ahumada,Jab\u00f3n Humectante L\u00edquido Botella 700ml,89198,2699.00,2699.00
499,Ahumada,Le Sancy Pack Jabon Avena Y Aceite De Almendras 150 g x 1 Pack,75198002,2799.00,2799.00
500,Ahumada,DESODORANTE ROLL ON NIVEA INVISIBLE BLACK & WHITE PURE 50ML,70523,3099.00,3099.00
501,Ahumada,Bi-O Desodorante Barra Masculino Invisible x 50 mL,83262003,3299.00,3299.00
502,Ahumada,Dove Men Desodorante Spray Clean Comfort Men x 150 mL,69857001,3099.00,3099.00
503,Ahumada,Speed Stick Antitranspirante Spray Waterproof Fresh x 150 mL,84183001,3649.00,3649.00
504,Ahumada,Huggies Pa\u00f1al Natural Care XG x 56 Unidades,81787005,24299.00,24299.00
505,Ahumada,Pa\u00f1al babysec super premium Grande 68 Unidades,88969,23299.00,23299.00
506,Ahumada,Pampers Premium Care G 9-13 kg x 148 Unidad,87193,37899.00,37899.00
507,Ahumada,Nido Leche En Polvo Etapa 1 Bolsa x 800 g,50182,8149.00,8149.00
508,Ahumada,La Roche-Posay Lipikar Baume AP+M Tratamiento Relipidizante Para Pieles Secas Y At\u00f3picas x 400 mL,88124,27399.00,27399.00
509,Ahumada,La Roche-Posay Lipikar Baume AP+M Tratamiento Relipidizante Para Pieles Secas Y At\u00f3picas x 400 mL,88124,27399.00,27399.00
510,Ahumada,N/A,N/A,N/A,N/A
511,Ahumada,M\u00e1scara De Pesta\u00f1as Colossal 36hr Very Black Maybelline,89814,8799.00,8799.00
512,Ahumada,N/A,N/A,N/A,N/A
513,Ahumada,N/A,N/A,N/A,N/A
514,Ahumada,N/A,N/A,N/A,N/A
515,Ahumada,N/A,N/A,N/A,N/A
516,Ahumada,N/A,N/A,N/A,N/A
517,Ahumada,N/A,N/A,N/A,N/A
518,Ahumada,N/A,N/A,N/A,N/A
519,Ahumada,EUCERIN ANTI-PIGMENT SERUM DUAL 30ML,86727,36399.00,36399.00
520,Ahumada,Alledryl-D 5\/120 mg x 20 C\u00e1psulas con Gr\u00e1nulos de Liberaci\u00f3n Prolongada,44771,12895.00,12895.00
521,Ahumada,N/A,N/A,N/A,N/A
522,Ahumada,N/A,N/A,N/A,N/A
523,Ahumada,N/A,N/A,N/A,N/A
524,Ahumada,N/A,N/A,N/A,N/A
525,Ahumada,N/A,N/A,N/A,N/A
526,Ahumada,N/A,N/A,N/A,N/A
527,Ahumada,N/A,N/A,N/A,N/A
528,Ahumada,N/A,N/A,N/A,N/A
529,Ahumada,N/A,N/A,N/A,N/A
530,Ahumada,Ducray Tratamiento Anacaps Activ+ x 30 C\u00e1psulas,80526,17999.00,17999.00
531,Ahumada,N/A,N/A,N/A,N/A
532,Ahumada,N/A,N/A,N/A,N/A
533,Ahumada,Gesidol Paracetamol Bioe.1gr X 20comp,88024,8395.00,8395.00
534,Ahumada,N/A,N/A,N/A,N/A
535,Ahumada,"OZEMPIC SEMAGLUTIDA 2\/1,5ML JERINGA PRELLENADA",88319,164395.00,164395.00
536,Ahumada,Cerave Crema Hidratante Piel Seca x 454 mL,85463,15199.00,15199.00
537,Ahumada,Sensodyne Pasta Dental Sensibilidad Y Encias x 100 G,88708,6599.00,6599.00
538,Ahumada,Sensodyne Pasta Dental Sensibilidad Y Encias x 100 G,88708,6599.00,6599.00
539,Ahumada,Loreal Crema Revitalift Acido Hialur\u00f3nico Contorno Ojos x 15 mL,86904,10599.00,10599.00
540,Ahumada,Crema Facial Antiarrugas Eucerin Hyaluron-FILLER Noche 50 ML,50705,29599.00,29599.00
541,Ahumada,Sensodyne Pasta Dental Sensibilidad Y Encias x 100 G,88708,6599.00,6599.00
542,Ahumada,Crema Adhesiva Ultra Corega Maximo Sellado   70g,89536,16899.00,16899.00
543,Ahumada,"Pa\u00f1al Merries  Premium, L 36 Unidades",89844,13349.00,13349.00
544,Ahumada,Isdin\u00ae Fotoprotector Fusion Water Color FPS 50 x 50 mL,85871,19299.00,19299.00
545,Ahumada,Chupete Avent Air Nocturno Ni\u00bfA 0-6m 2un,87963,10699.00,10699.00
546,Ahumada,BABY BA\u00d1O & SHAMPOO EUCERIN  400 ML,82079,16099.00,16099.00
547,Ahumada,Soap & Glory Mascarilla Facial Under Eye x 1 Unidad,85183,12999.00,12999.00
548,Ahumada,Pampers Pa\u00f1al Premium Care P x 36 Unidades,83207001,9599.00,9599.00
549,Ahumada,Babysec Pants Super Premium Xxg48,89317,22599.00,22599.00
550,Ahumada,N/A,N/A,N/A,N/A
551,Ahumada,Leblon Protector Solar Antioxidante FPS 50 x 50 g,87159,1649.00,1649.00
552,Ahumada,Gillette Repuesto Skinguard Sensitive x 2 Unidades,87640,8299.00,8299.00
553,Ahumada,Maam Crema Reafirmante Intensivo x 200 g,6496,17199.00,17199.00
554,Ahumada,CONTORNO DE OJOS Q10 POWER NIVEA 15ML,7417,10199.00,10199.00
555,Ahumada,Loreal Crema Revitalift Acido Hialur\u00f3nico Contorno Ojos x 15 mL,86904,10599.00,10599.00
556,Ahumada,Loreal Crema Revitalift Acido Hialur\u00f3nico Dia FPS 20 x 50 mL,86957001,10599.00,10599.00
557,Ahumada,Loreal Crema Revitalift Acido Hialur\u00f3nico Dia FPS 20 x 50 mL,86957001,10599.00,10599.00
558,Ahumada,"Loreal Serum Rellenador Revitalift 1,5% \u00c1cido Hialur\u00f3nico x 30 mL",87900001,11999.00,11999.00
559,Ahumada,Bi-O Desodorante Roll On Clarify Femenino x 50 mL,66679,3049.00,3049.00
560,Ahumada,"Loreal Serum Rellenador Revitalift 1,5% \u00c1cido Hialur\u00f3nico x 30 mL",87900001,11999.00,11999.00
561,Ahumada,Maybelline Polvo Compacto Super Natural Matificante 230 Natural Buff x 12 g,83153001,4399.00,4399.00
562,Ahumada,Fructis Mascara Hair Food Aloe Vera x 350 mL,87591,4499.00,4499.00
563,Ahumada,"Loreal Serum Rellenador Revitalift 1,5% \u00c1cido Hialur\u00f3nico x 30 mL",87900001,11999.00,11999.00
564,Ahumada,Crema Facial Antiarrugas Eucerin Hyaluron-FILLER Noche 50 ML,50705,29599.00,29599.00
565,Ahumada,BABY BA\u00d1O & SHAMPOO EUCERIN  400 ML,82079,16099.00,16099.00
566,Ahumada,EUCERIN DERMOCAPILLAIRE SHAMPOO ANTICASPA GEL 250 ML,74062,13099.00,13099.00
567,Ahumada,LOCI\u00d3N  CORPORAL LIGERA EUCERIN pH5 400 ML,86200,20399.00,20399.00
568,Ahumada,Crema Facial Antiarrugas Eucerin Hyaluron-FILLER Noche 50 ML,50705,29599.00,29599.00
569,Ahumada,PROTECTOR SOLAR FACIAL GEL CREMA OIL CONTROL FPS 50+ 50ML ,79924,18099.00,18099.00
570,Ahumada,Crema Facial Antiarrugas Eucerin Hyaluron-FILLER Noche 50 ML,50705,29599.00,29599.00
571,Ahumada,La Roche Posay Protector Anthielios Shaka Fluide FPS +50 x 50 mL,87025,21699.00,21699.00
572,Ahumada,Pointts x 80 mL Spray,65453,34495.00,34495.00
573,Ahumada,Colgate Cepillo Dental Slimsoft Black x 2 Unidades,78550,4349.00,4349.00
574,Ahumada,Sensodyne Pasta Dental True White Menta x 100 g,81010,6599.00,6599.00
575,Ahumada,Pilexil Anticaida x 15 Ampollas,75235,34095.00,34095.00
576,Ahumada,Gesidol Infantil 100 mg\/mL x 15 mL Solucion para Gotas Orales,88023,3995.00,3995.00
577,Ahumada,Vitakron Mujer x 60 Comprimidos Recubiertos,87498,15595.00,15595.00
578,Ahumada,N/A,N/A,N/A,N/A
579,Ahumada,N/A,N/A,N/A,N/A
580,Ahumada,Multi Oil USA x 120 C\u00e1psulas,28986,12995.00,12995.00
581,Ahumada,"Hair, Skin & Nails Formula x 60 Capsulas",47155,15895.00,15895.00
582,Ahumada,ESMALTE XTREME WEAR MAUVE OVER SALLY HANSEN,87232005,2999.00,2999.00
583,Ahumada,Dove Shampoo Hidratacion Intensa x 400 mL,85152,3999.00,3999.00
584,Ahumada,Crema Facial Antiarrugas Eucerin Hyaluron-FILLER Noche 50 ML,50705,29599.00,29599.00
585,Ahumada,Sensodyne Pasta Dental True White Menta x 100 g,81010,6599.00,6599.00
586,Ahumada,Bi-O Desodorante Spray Clarify Afina x 150 mL,76409,3099.00,3099.00
587,Ahumada,N/A,N/A,N/A,N/A
588,Ahumada,Goicoechea Crema Corporal Arnica Y Manzanilla x 400 mL,84173002,7799.00,7799.00
589,Ahumada,Goicoechea Crema Diabet TX Plus 10% Urea x 250 g,86467,11799.00,11799.00
590,Ahumada,Excellence Tintura 9.1 Rubio Muy Claro Ceniza x 1 Unidad,32410032,7499.00,7499.00
591,Ahumada,Head & Shoulders Shampoo Alivio Refrescante x 375 mL,80162,4599.00,4599.00
592,Ahumada,Cetaphil Loci\u00f3n Sun Kids SPF 50 x 150 mL,77259,22599.00,22599.00
593,Ahumada,Shampoo Isdin Baby Naturals Gel 400ml,89231,13499.00,13499.00
594,Ahumada,Fructis Acondicionador Aloe Hidra Bomb x 350 mL,32017016,3199.00,3199.00
595,Ahumada,Sedal Shampoo Rizos Definidos x 340 mL,81708009,2949.00,2949.00
596,Ahumada,Edp Millionaire Gold Delux 100ml,83147,10999.00,10999.00
597,Ahumada,Fin Shampoo - Aloe Vera 400ml,89175,7599.00,7599.00
598,Ahumada,Hask Acondicionador Coconut Revitalizador E Hidratante x 355 mL,84469002,7999.00,7999.00
599,Ahumada,Lechuga Crema Corporal Reafirmante x 350 mL,86906,3699.00,3699.00
600,Ahumada,Veet Crema Depilatoria Axila\/Bikini x 100 mL,75663,8199.00,8199.00
601,Ahumada,Crema Dermocream Diabetic Skin 750 Ml,89601,8799.00,8799.00
602,Ahumada,Pa\u00f1al babysec super premium Grande 68 Unidades,88969,23299.00,23299.00
603,Ahumada,Pampers Premiun Care Pants XXG x 52 Unidades,85785005,24699.00,24699.00
604,Ahumada,N/A,N/A,N/A,N/A
605,Ahumada,No 7 Crema Protect & Perfect Serum Intense Advanced x 15 mL,81307,19999.00,19999.00
606,Ahumada,Elite Pa\u00f1uelo Desechable Tripack Caja x 3 Unidades,44981,3449.00,3449.00
607,Ahumada,Pantene Shampoo Micelar x 400 mL,85264,4199.00,4199.00
608,Ahumada,TOALLITAS DESMAQUILLANTES MICELARES NIVEA ROSE CARE 25 UNDS,88488,2699.00,2699.00
609,Ahumada,Botanics Crema Contorno De Ojos Organic x 15 mL,81199,9499.00,9499.00
610,Ahumada,Calcefor D Forte x 60 C\u00e1psulas,40950,11495.00,11495.00
611,Ahumada,N/A,N/A,N/A,N/A
612,Ahumada,XRAY COLAGENO HIDROLIZADO 60 COMPRIMIDOS,89096,32995.00,32995.00
613,Ahumada,Pediasure Complete Chocolate x 900 g Polvo,72810,20695.00,20695.00
614,Ahumada,Pharmaton Mujer 30comp,89254,14295.00,14295.00
615,Ahumada,Kitadol 1 g x 18 Comprimidos,66871,8395.00,8395.00
616,Ahumada,Bion 3 x 30 Comprimidos Recubiertos,38354,10795.00,10795.00
617,Ahumada,Kitadol 1 g x 18 Comprimidos,66871,8395.00,8395.00
618,Ahumada,Muscletech Nitro Tech Cookies 4lb 1818gr,84766,54995.00,54995.00
619,Ahumada,Genacol Xtra Colageno y Vitaminas x 90 C\u00e1psulas,85591,25695.00,25695.00
620,Ahumada,Cerave Crema Hidratante Piel Seca x 454 mL,85463,15199.00,15199.00
621,Ahumada,Crema Facial Antiarrugas Eucerin Hyaluron-FILLER D\u00eda P.Seca 50 ML,50706,29099.00,29099.00
622,Ahumada,Vichy Serum Mineral 89 x 50 mL,83549,25099.00,25099.00
623,Ahumada,LOCI\u00d3N  CORPORAL LIGERA EUCERIN pH5 400 ML,86200,20399.00,20399.00
624,Ahumada,EUCERIN ANTI-PIGMENT SERUM DUAL 30ML,86727,36399.00,36399.00
625,Ahumada,LOCI\u00d3N  CORPORAL LIGERA EUCERIN pH5 400 ML,86200,20399.00,20399.00
626,Ahumada,PROTECTOR SOLAR FACIAL GEL CREMA OIL CONTROL FPS 50+ 50ML ,79924,18099.00,18099.00
627,Ahumada,Uriage Agua Micelar Termal Pieles Sensibles x 250 mL,87508,11499.00,11499.00
628,Ahumada,La Roche Posay Serum Retinol B3 x 30 mL,87901,37199.00,37199.00
629,Ahumada,CREMA FACIAL ANTIARRUGAS EUCERIN ELASTICITY+FILLER DIA 50 ML,83204,30999.00,30999.00
630,Ahumada,Elixir Anti-Arrugas Q10 Power NIVEA 30ML,87398,12499.00,12499.00
631,Ahumada,Vichy Crema Liftactiv Supreme x 50 mL,78839,32799.00,32799.00
632,Ahumada,Avene Eau Thermale Aqua-Creme Alisadora A-Oxitive D\u00eda x 30 mL,87787,31299.00,31299.00
633,Ahumada,La Roche Posay Serum Retinol B3 x 30 mL,87901,37199.00,37199.00
634,Ahumada,Contorno De Ojos Gel Boots Vit C 15 Ml,88540,3349.00,3349.00
635,Ahumada,Vichy Liftactiv H.A Epidermic Filler,89074,33699.00,33699.00
636,Ahumada,Isdin Crema Isdinceutics K-Ox Eyes x 15 mL,87666,32499.00,32499.00
637,Ahumada,Avene Serum Physiolift Suavizante x 30 mL,86730,33399.00,33399.00
638,Ahumada,Crema Gel Bari\u00e9derm-Cica Daily 40ml,89543,19799.00,19799.00
639,Ahumada,La Roche Posay Serum Hyalu B5 x 30 mL,84997,37499.00,37499.00
640,Ahumada,Crema Facial Antiarrugas Eucerin Hyaluron-FILLER D\u00eda P.Seca 50 ML,50706,29099.00,29099.00
641,Ahumada,"Loreal Serum Rellenador Revitalift 1,5% \u00c1cido Hialur\u00f3nico x 30 mL",87900001,11999.00,11999.00
642,Ahumada,Nivea Crema Hyaluron Cellular Filler D\u00eda x 50 mL,87399,14699.00,14699.00
643,Ahumada,hidratante facial neutrogena\u00ae hydro boost\u00ae water gel x 50 gr.,83466,10649.00,10649.00
644,Ahumada,EUCERIN ANTI-PIGMENT SERUM DUAL 30ML,86727,36399.00,36399.00
645,Ahumada,La Roche Posay Protector Solar Anthelios Xl Gel Crema Toque Seco Con Color Fps50 x 50 mL,82402,19999.00,19999.00
646,Ahumada,La Roche-Posay Effaclar Serum Ultra-Concentrado 30ml,89156,32799.00,32799.00
647,Ahumada,GEL FACIAL EUCERIN HYALURON FILLER HYDRATING BOOSTER 30ML,87917,16099.00,16099.00
648,Ahumada,Isdin Gel Crema Acniben\u00ae Repair Hidratante Aliviante Y Reparador x 40 mL,48326,16499.00,16499.00
649,Ahumada,Uriage Tratamiento anti-acne Hyseac 3-Regul x 40 ml,87531,18799.00,18799.00
650,Ahumada,Vichy Serum Mineral 89 x 50 mL,83549,25099.00,25099.00
651,Ahumada,Cerave Crema Hidratante Piel Seca x 454 mL,85463,15199.00,15199.00
652,Ahumada,Maam Crema Reafirmante Intensivo x 200 g,6496,17199.00,17199.00
653,Ahumada,Goicoechea Crema Diabet TX Plus 10% Urea x 250 g,86467,11799.00,11799.00
654,Ahumada,lubriderm\u00ae piel normal x 750 ml,47100,7399.00,7399.00
655,Ahumada,EUCERIN AQUAPHOR LABIOS 10ML,88247,5999.00,5999.00
656,Ahumada,Lee Stafford Shampoo Coco Loco x 250 mL,82173,8499.00,8499.00
657,Ahumada,Hask Acondicionador Coconut Revitalizador E Hidratante x 355 mL,84469002,7999.00,7999.00
658,Ahumada,Fin Shampoo - Coconut 400ml,89176,7599.00,7599.00
659,Ahumada,Revie Mascara Revitalizador De Brillo 170ml ( 3mm),89041,4799.00,4799.00
660,Ahumada,Vichy Dercos Technique Kera-Solution Acondicionador Reparador x 200 mL,87579,15299.00,15299.00
661,Ahumada,Revie Shampoo Regeneraci\u00f3n Profunda 350ml,89015,4799.00,4799.00
662,Ahumada,Hask Shampoo Argan x 355 mL,84468001,7999.00,7999.00
663,Ahumada,Fin Shampoo - Aloe Vera 400ml,89175,7599.00,7599.00
664,Ahumada,Revie Acondicionador Detox Carbon,89019,4799.00,4799.00
665,Ahumada,Vichy Shampoo Dercos Anticaspa Grasa x 390 mL,83905,18699.00,18699.00
666,Ahumada,EUCERIN DERMOCAPILLAIRE SHAMPOO ANTICASPA GEL 250 ML,74062,13099.00,13099.00
667,Ahumada,Uriage Shampoo Anticaspa DS Hair x 200 mL,87538,11699.00,11699.00
668,Ahumada,N/A,N/A,N/A,N/A
669,Ahumada,"Tears Naturale Free Dispensador x 32 Dispensadores 0,8 mL Solucion Oftalmica",8299,26495.00,26495.00
670,Ahumada,Sensodyne Pasta Dental Rapido Alivio x 100 g,69849,6599.00,6599.00
671,Ahumada,Elmex Enjuague Bucal Anticaries x 400 mL,87643,7799.00,7799.00
672,Ahumada,Elmex Enjuague Bucal Anticaries x 400 mL,87643,7799.00,7799.00
673,Ahumada,PHB Cepillo Dental Super 8 Medio x 1 Unidad,11618,4449.00,4449.00
674,Ahumada,Oral B Pack Cepillo Dental Expert Medio Limpieza x 2 Unidades,88731,6399.00,6399.00
675,Ahumada,N/A,N/A,N/A,N/A
676,Ahumada,Colgate Pasta Dental Alivio Repara Esmalte x 110 g,77650,6699.00,6699.00
677,Ahumada,N/A,N/A,N/A,N/A
678,Ahumada,Vitis Pasta Dental Sensible x 100 mL,80505,5249.00,5249.00
679,Ahumada,Elmex Enjuague Bucal Sensitive x 400 mL,87645,7799.00,7799.00
680,Ahumada,"Enjuague Bucal Active Oralgene tratamiento 0,10% 250ml",89298,6999.00,6999.00
681,Ahumada,Colgate Enjuague Bucal Periogard X 250 Ml,61154,7999.00,7999.00
682,Ahumada,Vitis Enjuague Bucal Encias x 500 mL,62528,7749.00,7749.00
683,Ahumada,Halita Enjuague Bucal Sin Alcohol x 500 mL,19361,9799.00,9799.00
684,Ahumada,Halita Enjuague Bucal Sin Alcohol x 500 mL,19361,9799.00,9799.00
685,Ahumada,Xeros Pasta Dental Manzana x 75 mL,85431,5699.00,5699.00
686,Ahumada,Pasta Dental Hello Carb\u00f3n Con Fl\u00faor 113ml,89583,5499.00,5499.00
687,Ahumada,Be Eco Cepillo Interdental x 6 Unidad,88056,4999.00,4999.00
688,Ahumada,Interprox Cepillo Interdental Plus Micro x 6 Unidades,47333,5999.00,5999.00
689,Ahumada,Vitis Repuesto Cepillo El\u00e9ctrico Sonic S10\/S20 Encias x 2 Unidades,87062,13999.00,13999.00
690,Ahumada,Phillips Repuesto Cepillo El\u00e9ctrico Sonicare x 2 Unidades,87650,15299.00,15299.00
691,Ahumada,Cepillo Electrico Power Princess 1 Un,89230,15699.00,15699.00
692,Ahumada,Vitis Pasta Dental Orthodontic x 100 mL,65391,5499.00,5499.00
693,Ahumada,Aquafresh Cepillo Dental Little Teeth x 1 Unidad,79179,3649.00,3649.00
694,Ahumada,Plax Kids Enjuague Bucal Bob Esponja x 250 mL,48048,5099.00,5099.00
695,Ahumada,Sensodyne Pasta Dental Sensibilidad Y Encias x 100 G,88708,6599.00,6599.00
696,Ahumada,Cerave Crema Hidratante Piel Seca x 454 mL,85463,15199.00,15199.00
697,Ahumada,Cerave Crema Hidratante Piel Seca x 454 mL,85463,15199.00,15199.00
698,Ahumada,Acondicionador Hidratante Coconut Milk Bio: Renew,84814002,7299.00,7299.00
699,Ahumada,Huggies Pa\u00f1al Natural Care XG x 56 Unidades,81787005,24299.00,24299.00
700,Ahumada,Pampers Premiun Care Pants XXG x 52 Unidades,85785005,24699.00,24699.00
701,Ahumada,Avent Chupete Silicona Transparente 0 A 6 Meses x 2 Unidades,72904,11299.00,11299.00
702,Ahumada,Pharmaton x 30 Comprimidos Recubiertos,83600,11695.00,11695.00
703,Ahumada,Shot B Total 60 Comprimidos,89352,14995.00,14995.00
704,Ahumada,Gelicart Colageno Hidrolizado x 30 Sobres,73419,25695.00,25695.00
705,Ahumada,Gelicart Action x 30 Sobres,83596,37995.00,37995.00
706,Ahumada,Similac Formula Etapa 3 x 900 g,77922,12599.00,12599.00
707,Ahumada,PRESERVATIVO TROJAN FIRE & ICE 10 UN,89083,9995.00,9995.00
708,Ahumada,Sensodyne Pasta Dental Rapido Alivio x 100 g,69849,6599.00,6599.00
709,Ahumada,Isdin Gel Crema Acniben\u00ae Repair Hidratante Aliviante Y Reparador x 40 mL,48326,16499.00,16499.00
710,Ahumada,N/A,N/A,N/A,N/A
711,Ahumada,N/A,N/A,N/A,N/A
712,Ahumada,N/A,N/A,N/A,N/A
713,Ahumada,N/A,N/A,N/A,N/A
714,Ahumada,N/A,N/A,N/A,N/A
715,Ahumada,N/A,N/A,N/A,N/A
716,Ahumada,Cerave Crema Hidratante Piel Seca x 454 mL,85463,15199.00,15199.00
717,Ahumada,La Roche Posay Serum Retinol B3 x 30 mL,87901,37199.00,37199.00
718,Ahumada,La Roche Posay Protector Anthielios Shaka Fluide FPS +50 x 50 mL,87025,21699.00,21699.00
719,Ahumada,La Roche Posay Gel Effaclar x 400 mL,77546,18999.00,18999.00
720,Ahumada,La Roche Posay Serum Retinol B3 x 30 mL,87901,37199.00,37199.00
721,Ahumada,La Roche-Posay Lipikar Baume AP+M Tratamiento Relipidizante Para Pieles Secas Y At\u00f3picas x 400 mL,88124,27399.00,27399.00
722,Ahumada,Agua Micel Bif\u00bfS L-Roche P Phys 400ml,88864,18599.00,18599.00
723,Ahumada,La Roche Posay Protector Anthielios Shaka Fluide FPS +50 x 50 mL,87025,21699.00,21699.00
724,Ahumada,La Roche Posay Protector Anthielios Shaka Fluide FPS +50 x 50 mL,87025,21699.00,21699.00
725,Ahumada,La Roche Posay Anthelios Mineral One 50+ T04 x 30 mL,87918,19799.00,19799.00
726,Ahumada,La Roche Posay Protector Solar Anthelios Xl Gel Crema Toque Seco Con Color Fps50 x 50 mL,82402,19999.00,19999.00
727,Ahumada,La Roche Posay Protector Solar Spray Anthelios Shaka Adultos FPS 50+ x 200 mL,88406,21099.00,21099.00
728,Ahumada,La Roche Posay Protector Solar Anthelios Dermopediatrics Fps50+ x 250 mL,83722,17799.00,17799.00
729,Ahumada,Vichy Liftactiv H.A Epidermic Filler,89074,33699.00,33699.00
730,Ahumada,Cerave Crema Hidratante Piel Seca x 454 mL,85463,15199.00,15199.00
731,Ahumada,hidratante facial neutrogena\u00ae hydro boost\u00ae water gel x 50 gr.,83466,10649.00,10649.00
732,Ahumada,Crema Facial Antiarrugas Eucerin Hyaluron-FILLER Noche 50 ML,50705,29599.00,29599.00
733,Ahumada,NIVEA Cellular Luminous Serum Anti Manchas 30ml,89236,18799.00,18799.00
734,Ahumada,Vichy Tratamiento Normaderm Phytosolution Doble Acci\u00f3n x 50 mL,87021,20399.00,20399.00
735,Ahumada,Vichy Serum Mineral 89 x 50 mL,83549,25099.00,25099.00
736,Ahumada,"Loreal Serum Rellenador Revitalift 1,5% \u00c1cido Hialur\u00f3nico x 30 mL",87900001,11999.00,11999.00
737,Ahumada,Bi-O Desodorante Roll On Clarify Femenino x 50 mL,66679,3049.00,3049.00
738,Ahumada,Casting Tintura Creme Gloss 300 Casta\u00f1o x 1 Unidad,62036018,6999.00,6999.00
739,Ahumada,"Loreal Serum Rellenador Revitalift 1,5% \u00c1cido Hialur\u00f3nico x 30 mL",87900001,11999.00,11999.00
740,Ahumada,Elvive Hidra Hialuronico Sh 370ml,89828,4299.00,4299.00
741,Ahumada,L'Oreal Tintura Men Expert Excell 5 Tono 4 x 134 g,87991003,11399.00,11399.00
742,Ahumada,Excellence Tintura 7.11 Rubio Ceniza Profundo x 1 Unidad,32410022,7499.00,7499.00
743,Ahumada,Fructis Mascara Hair Food Aloe Vera x 350 mL,87591,4499.00,4499.00
744,Ahumada,N/A,N/A,N/A,N/A
745,Ahumada,Serum Garnier Express Aclara Vit C 30ml,89689,9099.00,9099.00
746,Ahumada,"L'Or\u00e9al Paris Delineador Liquido Superliner Flash Cat Eye x 2,8 g",87565,7099.00,7099.00
747,Ahumada,Maybelline M\u00e1scara De Pesta\u00f1as Big Shot Waterproof x 9 mL,83713002,8499.00,8499.00
748,Ahumada,Nutrisse Tintura 4.0 Casta\u00f1o Profundo x 1 Unidad,32409005,6099.00,6099.00
749,Ahumada,Loreal Crema Men Expert Rostro Hydra Energetic x 50 mL,88108,8399.00,8399.00
750,Ahumada,Shampoo Original Remedies 300 Ml Delicatesse Avena,89150,5499.00,5499.00
751,Ahumada,Studio Line Gel Capilar Fix Ultra Forte x 370 mL,72170,6299.00,6299.00
752,Ahumada,Loreal Autobronceante Sublime Bronze Bruma Seca x 150 mL,62762,10599.00,10599.00
753,Ahumada,Cerave Crema Hidratante Piel Seca x 454 mL,85463,15199.00,15199.00
754,Ahumada,hidratante facial neutrogena\u00ae hydro boost\u00ae water gel x 50 gr.,83466,10649.00,10649.00
755,Ahumada,"Loreal Serum Rellenador Revitalift 1,5% \u00c1cido Hialur\u00f3nico x 30 mL",87900001,11999.00,11999.00
756,Ahumada,Cerave Crema Hidratante Piel Seca x 454 mL,85463,15199.00,15199.00
757,Ahumada,Pa\u00f1al babysec super premium Grande 68 Unidades,88969,23299.00,23299.00
758,Ahumada,Crema Facial Antiarrugas Eucerin Hyaluron-FILLER Noche 50 ML,50705,29599.00,29599.00
759,Ahumada,N/A,N/A,N/A,N/A
760,Ahumada,N/A,N/A,N/A,N/A
761,Ahumada,Elvive Hidra Hialuronico Sh 370ml,89828,4299.00,4299.00
762,Ahumada,Serum Garnier Express Aclara Vit C 30ml,89689,9099.00,9099.00
763,Ahumada,Maybelline M\u00e1scara De Pesta\u00f1as Big Shot Waterproof x 9 mL,83713002,8499.00,8499.00
764,Ahumada,Loreal Crema Revitalift Acido Hialur\u00f3nico Contorno Ojos x 15 mL,86904,10599.00,10599.00
765,Ahumada,N/A,N/A,N/A,N/A
766,Ahumada,N/A,N/A,N/A,N/A
767,Ahumada,UNG\u00dcENTO REPARADOR EUCERIN AQUAPHOR 50 ML,68121,10199.00,10199.00
768,Ahumada,"Loreal Serum Rellenador Revitalift 1,5% \u00c1cido Hialur\u00f3nico x 30 mL",87900001,11999.00,11999.00
769,Ahumada,Goicoechea Crema Diabet TX Plus 10% Urea x 250 g,86467,11799.00,11799.00
770,Ahumada,Eminence Fragancia Sport Con Atomizador x 100 mL,19310,8899.00,8899.00
771,Ahumada,Isdin Fotoprotector Fusion Water Sin Color SPF 50 Daily Protection x 50 mL,88481,19299.00,19299.00
772,Ahumada,Avene Agua Termal Spray x 300 mL,17793,15899.00,15899.00
773,Ahumada,Uriage Desodorante Roll On Power3 x 50 mL,87649,9499.00,9499.00
774,Ahumada,Gelicart Colageno Hidrolizado x 30 Sobres,73419,25695.00,25695.00
775,Ahumada,Victoza 6 mg\/mL x 1 Dispositivo Prellenado Solucion Inyectable,74783,84595.00,84595.00
776,Ahumada,Cerave Crema Hidratante Piel Seca x 454 mL,85463,15199.00,15199.00
777,Ahumada,Crema Facial Antiarrugas Eucerin Hyaluron-FILLER Noche 50 ML,50705,29599.00,29599.00
778,Ahumada,Vichy Liftactiv H.A Epidermic Filler,89074,33699.00,33699.00
779,Ahumada,"Loreal Serum Rellenador Revitalift 1,5% \u00c1cido Hialur\u00f3nico x 30 mL",87900001,11999.00,11999.00
780,Ahumada,Rexona Desodorante Clinical Soft Solid Men x 48 g,64466,5499.00,5499.00
781,Ahumada,Avene Agua Termal Spray x 300 mL,17793,15899.00,15899.00
782,Ahumada,Vichy Liftactiv H.A Epidermic Filler,89074,33699.00,33699.00
783,Ahumada,La Roche Posay Serum Retinol B3 x 30 mL,87901,37199.00,37199.00
784,Ahumada,Similac Formula Etapa 3 x 900 g,77922,12599.00,12599.00
785,Ahumada,Protector Solar EUCERIN Sun Kids Trigger Sensitive Protect FPS 50+ 300ML,87097,19899.00,19899.00
786,Ahumada,Isdin\u00ae Fotoprotector Fusion Water Color FPS 50 x 50 mL,85871,19299.00,19299.00
787,Ahumada,"Pa\u00f1al Merries  Premium, L 36 Unidades",89844,13349.00,13349.00
788,Ahumada,Chupete Avent Air Nocturno Ni\u00bfA 0-6m 2un,87963,10699.00,10699.00
789,Ahumada,N/A,N/A,N/A,N/A
790,Ahumada,lubriderm\u00ae piel normal x 750 ml,47100,7399.00,7399.00
791,Ahumada,BABY BA\u00d1O & SHAMPOO EUCERIN  400 ML,82079,16099.00,16099.00
792,Ahumada,Similac Formula Etapa 3 x 900 g,77922,12599.00,12599.00
793,Ahumada,Soap & Glory Mascarilla Facial Under Eye x 1 Unidad,85183,12999.00,12999.00
794,Ahumada,Pampers Pa\u00f1al Premium Care P x 36 Unidades,83207001,9599.00,9599.00
795,Ahumada,Babysec Pants Super Premium Xxg48,89317,22599.00,22599.00
796,Ahumada,N/A,N/A,N/A,N/A
797,Ahumada,Leblon Protector Solar Antioxidante FPS 50 x 50 g,87159,1649.00,1649.00
798,Ahumada,Gillette Repuesto Skinguard Sensitive x 2 Unidades,87640,8299.00,8299.00
799,Ahumada,Maam Crema Reafirmante Intensivo x 200 g,6496,17199.00,17199.00
800,Ahumada,CONTORNO DE OJOS Q10 POWER NIVEA 15ML,7417,10199.00,10199.00
801,Ahumada,Loreal Crema Revitalift Acido Hialur\u00f3nico Contorno Ojos x 15 mL,86904,10599.00,10599.00
802,Ahumada,La Roche Posay Crema Cicaplast Baume B5 x 15 mL,84163,3449.00,3449.00
803,Ahumada,Edp Millionaire Gold Delux 100ml,83147,10999.00,10999.00
804,Ahumada,EUCERIN PH5 ADVANCED REPAIR TARRO 450G,88704,29299.00,29299.00
805,Ahumada,Cerave Gel Limpiador Espumoso Piel Normal A Grasa x 473 mL,85388,12699.00,12699.00
806,Ahumada,Calcefor D Forte x 60 C\u00e1psulas,40950,11495.00,11495.00
807,Ahumada,PROTECTOR SOLAR FACIAL GEL CREMA OIL CONTROL FPS 50+ 50ML ,79924,18099.00,18099.00
808,Ahumada,Pa\u00f1al babysec super premium Grande 68 Unidades,88969,23299.00,23299.00
809,Ahumada,Ducray Tratamiento Anacaps Activ+ x 30 C\u00e1psulas,80526,17999.00,17999.00
810,Ahumada,Shampoo Isdin Baby Naturals Gel 400ml,89231,13499.00,13499.00
811,Ahumada,Victoza 6 mg\/mL x 1 Dispositivo Prellenado Solucion Inyectable,74783,84595.00,84595.00
812,Ahumada,PROTECTOR SOLAR FACIAL GEL CREMA OIL CONTROL FPS 50+ 50ML ,79924,18099.00,18099.00
813,Ahumada,PROTECTOR SOLAR KIDS SPRAY EUCERIN FPS 50+ 200 ML,65734,16699.00,16699.00
814,Ahumada,PROTECTOR SOLAR KIDS SPRAY EUCERIN FPS 50+ 200 ML,65734,16699.00,16699.00
815,Ahumada,PROTECTOR SOLAR SPRAY TRANSPARENTE TOQUE SECO EUCERIN 50ML,79925,18799.00,18799.00
816,Ahumada,PROTECTOR SOLAR FACIAL GEL CREMA OIL CONTROL FPS 50+ 50ML ,79924,18099.00,18099.00
817,Ahumada,Metformina LP 750 mg x 30 Comprimidos De Liberaci\u00f3n Prolongada,86303,9595.00,9595.00
818,Ahumada,Metformina LP 750 mg x 30 Comprimidos De Liberaci\u00f3n Prolongada,86303,9595.00,9595.00
819,Ahumada,lubriderm\u00ae reparaci\u00f3n intensiva x 750 ml,84481,8399.00,8399.00
820,Ahumada,Metformina LP 750 mg x 30 Comprimidos De Liberaci\u00f3n Prolongada,86303,9595.00,9595.00
821,Ahumada,Escitalopram 10 mg x 30 Comprimidos Recubiertos,60229,8195.00,8195.00
822,Ahumada,N/A,N/A,N/A,N/A
823,Ahumada,N/A,N/A,N/A,N/A
824,Ahumada,N/A,N/A,N/A,N/A
825,Ahumada,N/A,N/A,N/A,N/A
826,Ahumada,N/A,N/A,N/A,N/A
827,Ahumada,Cerave SA Crema Alisadora Anti-Rugosidades x 340 g,87934,15199.00,15199.00
828,Ahumada,Elvive Tratamiento Capilar Tratamiento Total 5 x 300 g,73296001,4199.00,4199.00
829,Ahumada,N/A,N/A,N/A,N/A
830,Ahumada,"Calz\u00f3n Menstrual High Waist Flujo Intenso Negro, S",89904,19990.00,19990.00
831,Ahumada,BOOSTER ANTI EDAD EUCERIN HYALURON FILLER VITAMINA C 8ML,87916,16799.00,16799.00
832,Ahumada,Pack P. Dent. Aquafresh Advan. 2un.,83811,3599.00,3599.00
833,Ahumada,N/A,N/A,N/A,N/A
834,Ahumada,Prot Sol Vichy Cap Sol Ecomilk Fp50 200m,89797,16499.00,16499.00
835,Ahumada,Crema Neutrogena Bright Boost 50ml,89933,11999.00,11999.00
836,Ahumada,Crema Facial Antiarrugas Eucerin Hyaluron-FILLER Noche 50 ML,50705,29599.00,29599.00
837,Ahumada,Phillips Maquina De Afeitar Electrica Oneblade x 1 Unidad,87593,20199.00,20199.00
838,Ahumada,N/A,N/A,N/A,N/A
839,Ahumada,N/A,N/A,N/A,N/A
840,Ahumada,N/A,N/A,N/A,N/A
841,Ahumada,Natuvit Caramelo Mentol x 10 Comprimidos,74397,1495.00,1495.00
842,Ahumada,Pilexil Champu Anticaida x 300 mL Shampoo,75237,20995.00,20995.00
843,Ahumada,Recovery K Tape Negra 5m.,79779,9795.00,9795.00
844,Ahumada,N/A,N/A,N/A,N/A
845,Ahumada,Techlab Ripped Extreme x 60 Capsulas,86741,15595.00,15595.00
846,Ahumada,Avene Crema B\u00e1sica DermAbsolu Dia x 40 mL,86518,33599.00,33599.00
847,Ahumada,Elvive Hidra Hialuronico Sh 370ml,89828,4299.00,4299.00
848,Ahumada,protector solar vichy agua bronce fps 50 200ml,89799,13099.00,13099.00
849,Ahumada,La Roche Posay Protector Anthielios Shaka Fluide FPS +50 x 50 mL,87025,21699.00,21699.00
850,Ahumada,Uriage Desodorante Roll On Power3 x 50 mL,87649,9499.00,9499.00
851,Ahumada,Multi Oil USA x 120 C\u00e1psulas,28986,12995.00,12995.00
852,Ahumada,Rexona Desodorante Clinical Soft Solid Men x 48 g,64466,5499.00,5499.00
853,Ahumada,L'Or\u00e9al Paris CC Cream C'Est Magic Antiredness Green x 30 mL,88357,8999.00,8999.00
854,Ahumada,PROTECTOR SOLAR FACIAL GEL CREMA OIL CONTROL FPS 50+ 50ML ,79924,18099.00,18099.00
855,Ahumada,"Loreal Serum Rellenador Revitalift 1,5% \u00c1cido Hialur\u00f3nico x 30 mL",87900001,11999.00,11999.00
856,Ahumada,Pointts x 80 mL Spray,65453,34495.00,34495.00
857,Ahumada,EUCERIN ATOPI CONTROL BALSAMO TEXTURA LIGERA 400ML,89419,24999.00,24999.00
858,Ahumada,Avene Protector Solar Flu\u00eddo Sin Color Ultra-Matificante 50 + x 50 mL,85657,18999.00,18999.00
859,Ahumada,Rayito De Sol Protector Solar FPS 50 Ozono x 190 g,77934,6299.00,6299.00
860,Ahumada,Huggies Pa\u00f1al Natural Care XG x 56 Unidades,81787005,24299.00,24299.00
861,Ahumada,Nivea Crema Hyaluron Cellular Filler Noche x 50 mL,87400,14699.00,14699.00
862,Ahumada,"Pa\u00f1al Merries  Premium, L 36 Unidades",89844,13349.00,13349.00
863,Ahumada,Avent Mamadera anti c\u00f3licos x 330 mL,40924,12699.00,12699.00
864,Ahumada,TOP COAT SECADO R\u00c1PIDO INSTA DRI SALLY HANSEN,85133,6299.00,6299.00
865,Ahumada,Millionaire Eau de Toilette Red Edition x 95 mL,81997,10999.00,10999.00
866,Ahumada,Kitadol 1 g x 18 Comprimidos,66871,8395.00,8395.00
867,Ahumada,Nutrex Lipo 6 UC Her x 60 C\u00e1psulas,83916,34995.00,34995.00
868,Ahumada,Bebida Electrolit Hidrat. Frutilla 625ml,90031,2295.00,2295.00
869,Ahumada,Pilexil Champu Anticaida x 300 mL Shampoo,75237,20995.00,20995.00
870,Ahumada,Pampers Pa\u00f1al Premium Care P x 36 Unidades,83207001,9599.00,9599.00
871,Ahumada,Serum Garnier Express Aclara Vit C 30ml,89689,9099.00,9099.00
872,Ahumada,LOCI\u00d3N  CORPORAL LIGERA EUCERIN pH5 400 ML,86200,20399.00,20399.00
873,Ahumada,Pack P. Dent. Aquafresh Advan. 2un.,83811,3599.00,3599.00
874,Ahumada,Bandas Limpieza Profunda Biore Nariz 8un,72955,5899.00,5899.00
875,Ahumada,Cachantun Bebida Botella Gasificada x 500 mL,17448,1149.00,1149.00
876,Ahumada,Dove Super Acondicionador Factor 80 X 400 mL,88216,4099.00,4099.00
877,Ahumada,EUCERIN ATOPI CONTROL BALSAMO TEXTURA LIGERA 400ML,89419,24999.00,24999.00
878,Ahumada,Fructis Acondicionador Aloe Hidra Bomb x 350 mL,32017016,3199.00,3199.00
879,Ahumada,Tena Pants Ropa Interior Desechable Unisex Talla M x 10 Unidades,82421002,10095.00,10095.00
880,Ahumada,Head & Shoulders Shampoo 3 En 1 x 375 mL,74536,4599.00,4599.00
881,Ahumada,Loreal Agua Micelar Maquillaje Waterproof Hidra-Total 5 x 200 mL,85454,5299.00,5299.00
882,Ahumada,Maybelline Labial Super Stay 24H Continuous Coral x 1 Unidad,70950007,6899.00,6899.00
883,Ahumada,CREMA CORPORAL NIVEA SOFT MILK PIEL SECA 400ML,64962,6299.00,6299.00
884,Ahumada,Crema facial NIVEA Rose Care en Gel 50ml,88860,6899.00,6899.00
885,Ahumada,Nutrisse Tintura 4.0 Casta\u00f1o Profundo x 1 Unidad,32409005,6099.00,6099.00
886,Ahumada,Piero Butti Fragancia For Men x 100 mL,68116,11499.00,11499.00
887,Ahumada,Soap & Glory Exfoliante Corporal Tropical x 300 mL,87677,10299.00,10299.00
888,Ahumada,N/A,N/A,N/A,N/A
889,Ahumada,Toma Presion Omron HEM 7120 x 1 Unidad,81794,52295.00,52295.00
890,Ahumada,Tabletas Phillips x 30 Comprimidos Masticables,7707,7295.00,7295.00
891,Ahumada,Avene Protector Solar Cleanance SPF 50+ Pieles Grasas Con Imperfecciones x 50 mL,85655,19799.00,19799.00
892,Ahumada,Isdin Fotoprotector Age Repair Water Fps50 X 50 Ml,85672,21199.00,21199.00
893,Ahumada,Anthelios Age Correct Fps 50 La Roche Posay 50ml,89341,21899.00,21899.00
894,Ahumada,Prot Sol Ult Isdin Act Unif S\/Color 50ml,88478,19999.00,19999.00
895,Ahumada,Pro Sol Fac Hidra Dermocream Spf50 120ml,88671,11999.00,11999.00
896,Ahumada,Isdin Protector Labial FPS 50 x 4 g,87404,6099.00,6099.00
897,Ahumada,protector solar vichy agua bronce fps 50 200ml,89799,13099.00,13099.00
898,Ahumada,Australian Gold Protector Solar Spray Bronze FPS 15 x 237 mL,68851,11499.00,11499.00
899,Ahumada,Monoi Tiki Tahiti Bronceador SPF 3 Coco x 120 mL,85778,10399.00,10399.00
900,Ahumada,Jergens Crema Autobronceante Mousse Tono Oscuro x 177 mL,81456,9399.00,9399.00
901,Ahumada,Soap & Glory Crema Locion Corporal Tropical x 500 mL,81129004,12999.00,12999.00
902,Ahumada,EUCERIN HYALURON FILLER SERUM & PEELING NOCHE 2X15ML,85929,35199.00,35199.00
903,Ahumada,N/A,N/A,N/A,N/A
904,Ahumada,Enjuague Bucal Phb Fresh Care 500ml,89982,5599.00,5599.00
905,Ahumada,PROTECTOR SOLAR FACIAL GEL CREMA OIL CONTROL FPS 50+ 50ML ,79924,18099.00,18099.00
906,Ahumada,PROTECTOR SOLAR FACIAL GEL CREMA OIL CONTROL FPS 50+ 50ML ,79924,18099.00,18099.00
907,Ahumada,N/A,N/A,N/A,N/A
908,Ahumada,N/A,N/A,N/A,N/A
909,Ahumada,N/A,N/A,N/A,N/A
910,Ahumada,N/A,N/A,N/A,N/A
911,Ahumada,N/A,N/A,N/A,N/A
912,Ahumada,N/A,N/A,N/A,N/A
913,Ahumada,N/A,N/A,N/A,N/A
914,Ahumada,Bebida Electrolit Hidrat. Frutilla 625ml,90031,2295.00,2295.00
915,Ahumada,N/A,N/A,N/A,N/A
916,Ahumada,N/A,N/A,N/A,N/A
917,Ahumada,N/A,N/A,N/A,N/A
918,Ahumada,N/A,N/A,N/A,N/A
919,Ahumada,N/A,N/A,N/A,N/A
920,Ahumada,N/A,N/A,N/A,N/A
921,Ahumada,N/A,N/A,N/A,N/A
922,Ahumada,N/A,N/A,N/A,N/A
923,Ahumada,N/A,N/A,N/A,N/A
924,Ahumada,N/A,N/A,N/A,N/A
925,Ahumada,N/A,N/A,N/A,N/A
926,Ahumada,N/A,N/A,N/A,N/A
927,Ahumada,Pylobiotic 30 Capsulas,90403,16595.00,16595.00
928,Ahumada,Shampoo Isdin Baby Naturals Gel 400ml,89231,13499.00,13499.00
929,Ahumada,N/A,N/A,N/A,N/A
930,Ahumada,protector solar vichy agua bronce fps 50 200ml,89799,13099.00,13099.00
931,Ahumada,protector solar vichy agua bronce fps 50 200ml,89799,13099.00,13099.00
932,Ahumada,protector solar vichy agua bronce fps 50 200ml,89799,13099.00,13099.00
933,Ahumada,N/A,N/A,N/A,N/A
934,Ahumada,"Pa\u00f1al Merries Premium, S 54 Unidades",89890,13349.00,13349.00
935,Ahumada,N/A,N/A,N/A,N/A
936,Ahumada,N/A,N/A,N/A,N/A
937,Ahumada,N/A,N/A,N/A,N/A
938,Ahumada,N/A,N/A,N/A,N/A
939,Ahumada,N/A,N/A,N/A,N/A
940,Ahumada,N/A,N/A,N/A,N/A
941,Ahumada,N/A,N/A,N/A,N/A
942,Ahumada,Victoza 6 mg\/mL x 1 Dispositivo Prellenado Solucion Inyectable,74783,84595.00,84595.00
943,Ahumada,Victoza 6 mg\/mL x 1 Dispositivo Prellenado Solucion Inyectable,74783,84595.00,84595.00
944,Ahumada,Vichy Liftactiv H.A Epidermic Filler,89074,33699.00,33699.00
945,Ahumada,"Loreal Serum Rellenador Revitalift 1,5% \u00c1cido Hialur\u00f3nico x 30 mL",87900001,11999.00,11999.00
946,Ahumada,Vichy Liftactiv H.A Epidermic Filler,89074,33699.00,33699.00
947,Ahumada,Victoza 6 mg\/mL x 1 Dispositivo Prellenado Solucion Inyectable,74783,84595.00,84595.00
948,Ahumada,XRAY COLAGENO HIDROLIZADO 60 COMPRIMIDOS,89096,32995.00,32995.00
949,Ahumada,Victoza 6 mg\/mL x 1 Dispositivo Prellenado Solucion Inyectable,74783,84595.00,84595.00
950,Ahumada,Toma Presion Omron HEM 7120 x 1 Unidad,81794,52295.00,52295.00
951,Ahumada,Victoza 6 mg\/mL x 1 Dispositivo Prellenado Solucion Inyectable,74783,84595.00,84595.00
