,Farmacia,Producto,SKU,Normal,Oferta
0,Ahumada,Pack P. Dent. Aquafresh Advan. 2un.,83811,3599.00,3599.00
1,Ahumada,Sedal Crema Para Peinar Rizos Definidos x 300 mL,81782,2399.00,2399.00
2,Ahumada,Cerave Crema Hidratante Piel Seca x 454 mL,85463,15199.00,15199.00
3,Ahumada,Cerave Gel Limpiador Espumoso Piel Normal A Grasa x 473 mL,85388,12699.00,12699.00
4,Ahumada,Cerave Crema Contorno De Ojos Reparadora x 15 mL,85385,12499.00,12499.00
5,Ahumada,"OZEMPIC SEMAGLUTIDA 2\/1,5ML JERINGA PRELLENADA",88319,164395.00,164395.00
6,Ahumada,Abrilar 35 mg\/5 mL x 100 mL Jarabe,26896,4595.00,4595.00
7,Ahumada,Bilidren 20 mg x 30 Comprimidos,72499,19795.00,19795.00
8,Ahumada,Bilidren 20 mg x 30 Comprimidos,72499,19795.00,19795.00
9,Ahumada,Caristop Sensitive Pasta Dental x 100 g,63258,7099.00,7099.00
10,Ahumada,Calmatol x 60 mL Jarabe,5165,8599.00,8599.00
11,Ahumada,Calmatol x 60 mL Jarabe,5165,8599.00,8599.00
12,Ahumada,Gillette Maquina De Afeitar Prestobarba 3 x 6 Unidades,84733,6999.00,6999.00
13,Ahumada,Gillette Maquina De Afeitar Prestobarba 3 x 6 Unidades,84733,6999.00,6999.00
14,Ahumada,Gillette Crema Para Afeitar Piel Sensible x 312 g,64449,7899.00,7899.00
15,Ahumada,Maybelline M\u00e1scara De Pesta\u00f1as Big Shot Waterproof x 9 mL,83713002,8499.00,8499.00
16,Ahumada,No 7 Base Stay Perfect Calico x 30 mL,81233009,21999.00,21999.00
17,Ahumada,No 7 Base Stay Perfect Calico x 30 mL,81233009,21999.00,21999.00
18,Ahumada,Red Bull Lata Energ\u00e9tica Sugar Free x 250 mL,67791,1999.00,1999.00
19,Ahumada,Red Bull Lata Energ\u00e9tica Sugar Free x 250 mL,67791,1999.00,1999.00
20,Ahumada,Gatorade Jugo Botella Cool Blue x 750 mL,74882002,1999.00,1999.00
21,Ahumada,Gatorade Jugo Botella Cool Blue x 750 mL,74882002,1999.00,1999.00
22,Ahumada,Vitamina C 1000 Mg. 100 Comprimidos,89473,11995.00,11995.00
23,Ahumada,Vitamina C 1000 Mg. 100 Comprimidos,89473,11995.00,11995.00
24,Ahumada,Gatorade Jugo Botella Cool Blue x 750 mL,74882002,1999.00,1999.00
25,Ahumada,Gatorade Jugo Botella Cool Blue x 750 mL,74882002,1999.00,1999.00
26,Ahumada,AB 5 mg Antiseptico Bucal x 12 Comprimidos Masticables,9088,3095.00,3095.00
27,Ahumada,Tetralysal 300 mg x 28 C\u00e1psulas,75535,37295.00,37295.00
28,Ahumada,Tobradex x 5 mL Suspensi\u00f3n Oft\u00e1lmica,8078,26695.00,26695.00
29,Ahumada,Similac Formula Etapa 3 x 900 g,77922,12599.00,12599.00
30,Ahumada,Babysec Toallitas Humedas Super Premium x 40 Unidades,86725,1649.00,1649.00
31,Ahumada,Mustela Gel De Ba\u00f1o x 500 mL,88586,9399.00,9399.00
32,Ahumada,Maybelline M\u00e1scara De Pesta\u00f1as Big Shot Waterproof x 9 mL,83713002,8499.00,8499.00
33,Ahumada,TOA HIG.LADYSOFT NOCT ULTRA DELG.24U,88135,4749.00,4749.00
34,Ahumada,TOA HIG.LADYSOFT NOCT ULTRA DELG.24U,88135,4749.00,4749.00
35,Ahumada,TOA HIG.LADYSOFT NOCT ULTRA DELG.24U,88135,4749.00,4749.00
36,Ahumada,Prestat 75 mg x 40 Comprimidos,75541,12895.00,12895.00
37,Ahumada,Kitadol 1 g x 18 Comprimidos,66871,8395.00,8395.00
38,Ahumada,Kitadol 1 g x 18 Comprimidos,66871,8395.00,8395.00
39,Ahumada,Cerave Gel Limpiador Espumoso Piel Normal A Grasa x 473 mL,85388,12699.00,12699.00
40,Ahumada,Crema Facial Antiarrugas Eucerin Hyaluron-FILLER Noche 50 ML,50705,29599.00,29599.00
41,Ahumada,Crema Facial Antiarrugas Eucerin Hyaluron-FILLER Noche 50 ML,50705,29599.00,29599.00
42,Ahumada,Similac Formula Etapa 3 x 900 g,77922,12599.00,12599.00
43,Ahumada,Nestle Picado Etapa 3 Carne\/Verdura\/Fideos x 215 g,32323002,2349.00,2349.00
44,Ahumada,Nestle Picado Etapa 3 Carne\/Verdura\/Fideos x 215 g,32323002,2349.00,2349.00
45,Ahumada,Pack P. Dent. Aquafresh Advan. 2un.,83811,3599.00,3599.00
46,Ahumada,Pack P. Dent. Aquafresh Advan. 2un.,83811,3599.00,3599.00
47,Ahumada,Aquafresh Pasta Dental Big Teeth Kids x 110 g,79187,2799.00,2799.00
48,Ahumada,Biogaia x 5 mL Soluci\u00f3n Oral Para Gotas,64660,22195.00,22195.00
49,Ahumada,Ginemaxim 40 mg x 60 Comprimidos,46659,14295.00,14295.00
50,Ahumada,N/A,N/A,N/A,N/A
51,Ahumada,N/A,N/A,N/A,N/A
52,Ahumada,Aquafresh Cepillo Dental Little Teeth x 1 Unidad,79179,3649.00,3649.00
53,Ahumada,Oral B Cepillo Dental Electrico Vitality x 1 Unidad,71903,25099.00,25099.00
54,Ahumada,Rexona Desodorante Clinical Soft Solid Men x 48 g,64466,5499.00,5499.00
55,Ahumada,Desodorante Spray Men Clean,87421,4199.00,4199.00
56,Ahumada,N/A,N/A,N/A,N/A
57,Ahumada,Liberat 120 mg x 90 C\u00e1psulas,61742,45795.00,45795.00
58,Ahumada,Antiax x 6 Comprimidos Masticables,76231,2695.00,2695.00
59,Ahumada,Antiax x 6 Comprimidos Masticables,76231,2695.00,2695.00
60,Ahumada,Cerave Crema Hidratante Piel Seca x 454 mL,85463,15199.00,15199.00
61,Ahumada,Cerave Crema Hidratante Piel Seca x 454 mL,85463,15199.00,15199.00
62,Ahumada,Cicatricure Gel Para Cicatrices x 60 g,70064,13199.00,13199.00
63,Ahumada,Variplex x 60 Comprimidos,46675,14095.00,14095.00
64,Ahumada,"Losapres D 50 mg\/12,5 mg x 30 Comprimidos Recubiertos",18296,26095.00,26095.00
65,Ahumada,"Losapres D 50 mg\/12,5 mg x 30 Comprimidos Recubiertos",18296,26095.00,26095.00
66,Ahumada,Cerave Gel Limpiador Espumoso Piel Normal A Grasa x 473 mL,85388,12699.00,12699.00
67,Ahumada,Cerave Gel Limpiador Espumoso Piel Normal A Grasa x 473 mL,85388,12699.00,12699.00
68,Ahumada,Gillette Maquina De Afeitar Prestobarba 3 x 6 Unidades,84733,6999.00,6999.00
69,Ahumada,Pack P. Dent. Aquafresh Advan. 2un.,83811,3599.00,3599.00
70,Ahumada,Avene Agua Termal Spray x 300 mL,17793,15899.00,15899.00
71,Ahumada,Avene Agua Termal Spray x 300 mL,17793,15899.00,15899.00
72,Ahumada,Trelegy Ellipta 92 \/55\/22 mcg\/dosis x 30 Dosis Polvo para Inhalacion Oral,86704,117895.00,117895.00
73,Ahumada,Trelegy Ellipta 92 \/55\/22 mcg\/dosis x 30 Dosis Polvo para Inhalacion Oral,86704,117895.00,117895.00
74,Ahumada,Melipass x 60 Capsulas,46665,5295.00,5295.00
75,Ahumada,N/A,N/A,N/A,N/A
76,Ahumada,N/A,N/A,N/A,N/A
77,Ahumada,Desodorante Spray Men Clean,87421,4199.00,4199.00
78,Ahumada,Soap & Glory Brillo Labial Smp Plums x 1 Unidad,81176006,8299.00,8299.00
79,Ahumada,No 7 Labial Moisture Drench Soft Earth x 1 Unidad,81924014,13999.00,13999.00
80,Ahumada,Pointts x 80 mL Spray,65453,34495.00,34495.00
81,Ahumada,Toma Presion Omron HEM 7120 x 1 Unidad,81794,52295.00,52295.00
82,Ahumada,Tapones de oido desechables,1530,5095.00,5095.00
83,Ahumada,Tapones de oido desechables,1530,5095.00,5095.00
84,Ahumada,Vivo Galletas 4 Semillas x 153 g,81623,1199.00,1199.00
85,Ahumada,Trencito Chocolate De Leche x 150 g,2886,3699.00,3699.00
86,Ahumada,Trencito Chocolate De Leche x 150 g,2886,3699.00,3699.00
87,Ahumada,Xarelto 20 mg x 28 Comprimidos Recubiertos,72279,78095.00,78095.00
88,Ahumada,Piclokare 75mg. Caja 28 Comp. Rec.,69835,14495.00,14495.00
89,Ahumada,Piclokare 75mg. Caja 28 Comp. Rec.,69835,14495.00,14495.00
90,Ahumada,Asventol 4 mg x 30 Sobres Granulado Oral En Sobres,87109,26395.00,26395.00
91,Ahumada,Asventol 4 mg x 30 Sobres Granulado Oral En Sobres,87109,26395.00,26395.00
92,Ahumada,Pointts x 80 mL Spray,65453,34495.00,34495.00
93,Ahumada,All Out Piojos Loci\u00f3n x 150 mL Loci\u00f3n T\u00f3pica,82303,12395.00,12395.00
94,Ahumada,All Out Piojos Loci\u00f3n x 150 mL Loci\u00f3n T\u00f3pica,82303,12395.00,12395.00
95,Ahumada,Suncare Protector Solar Gel FPS 50+ x 90 g Gel T\u00f3pico,65751,19499.00,19499.00
96,Ahumada,Suncare Protector Solar Gel FPS 50+ x 90 g Gel T\u00f3pico,65751,19499.00,19499.00
97,Ahumada,Tetralysal 300 mg x 28 C\u00e1psulas,75535,37295.00,37295.00
98,Ahumada,"Iliadin 0,05 % x 10 mL Soluci\u00f3n Para Nebulizacion Nasal",9077,11595.00,11595.00
99,Ahumada,"Iliadin 0,05 % x 10 mL Soluci\u00f3n Para Nebulizacion Nasal",9077,11595.00,11595.00
100,Ahumada,Dove Jabon Liquido Recarga x 700 mL,70730,3499.00,3499.00
101,Ahumada,Dove Jabon Liquido Recarga x 700 mL,70730,3499.00,3499.00
102,Ahumada,Dove Pack Jabon 90 g x 1 Pack,24236,3299.00,3299.00
103,Ahumada,Soap & Glory Polvo Compacto One Heck Of A Blot x 1 Unidad,81172002,12999.00,12999.00
104,Ahumada,Launol x 60 mL Shampoo,243,6695.00,6695.00
105,Ahumada,SALICORT LOCION CAPILAR 30ML,84493,15395.00,15395.00
106,Ahumada,SALICORT LOCION CAPILAR 30ML,84493,15395.00,15395.00
107,Ahumada,"OZEMPIC SEMAGLUTIDA 2\/1,5ML JERINGA PRELLENADA",88319,164395.00,164395.00
108,Ahumada,Insulina Tresiba Flex 100 UI\/mL Solucion Inyectable x 1 Dispositivo,78280,34695.00,34695.00
109,Ahumada,Insulina Tresiba Flex 100 UI\/mL Solucion Inyectable x 1 Dispositivo,78280,34695.00,34695.00
110,Ahumada,Muxol Adulto 30 mg\/5 mL x 100 mL Jarabe,9257,5295.00,5295.00
111,Ahumada,Muxol Adulto 30 mg\/5 mL x 100 mL Jarabe,9257,5295.00,5295.00
112,Ahumada,YES! OHH YESS GEL LUBRICANTE 40ML.,90030,8095.00,8095.00
113,Ahumada,YES! OHH YESS GEL LUBRICANTE 40ML.,90030,8095.00,8095.00
114,Ahumada,YES! OHH YESS GEL LUBRICANTE 40ML.,90030,8095.00,8095.00
115,Ahumada,Brintellix 10 mg x 28 Comprimidos Recubiertos,78300,63895.00,63895.00
116,Ahumada,Brintellix 10 mg x 28 Comprimidos Recubiertos,78300,63895.00,63895.00
117,Ahumada,JABON INTIMO NIVEA SUAVE 250ML,81095,6499.00,6499.00
118,Ahumada,Avene Gel De Limpieza Cara Y Cuerpo Cleanance x 400 mL,85654,18699.00,18699.00
119,Ahumada,Recovery K Tape Negra 5m.,79779,9795.00,9795.00
120,Ahumada,Recovery K Tape Negra 5m.,79779,9795.00,9795.00
121,Ahumada,N/A,N/A,N/A,N/A
122,Ahumada,"Red Off 0,0125% x 15 mL Solucion Oftalmica",165,3349.00,3349.00
123,Ahumada,Simbrinza x 5 mL Suspensi\u00f3n Oft\u00e1lmica,81754,37195.00,37195.00
124,Ahumada,Simbrinza x 5 mL Suspensi\u00f3n Oft\u00e1lmica,81754,37195.00,37195.00
125,Ahumada,Vichy Base Vichy Dermablend Correctora 25 x 30 mL,50439004,30399.00,30399.00
126,Ahumada,Vichy Base Vichy Dermablend Correctora 25 x 30 mL,50439004,30399.00,30399.00
127,Ahumada,Vichy Base Vichy Dermablend Correctora 25 x 30 mL,50439004,30399.00,30399.00
128,Ahumada,"Strepfen Miel Y Lim\u00f3n 8,75 mg x 8 Pastillas De Disoluci\u00f3n Bucal",72984,4945.00,4945.00
129,Ahumada,"Strepfen Miel Y Lim\u00f3n 8,75 mg x 8 Pastillas De Disoluci\u00f3n Bucal",72984,4945.00,4945.00
130,Ahumada,"Strepfen Miel Y Lim\u00f3n 8,75 mg x 8 Pastillas De Disoluci\u00f3n Bucal",72984,4945.00,4945.00
131,Ahumada,Goicoechea Crema Diabet TX Plus 10% Urea x 250 g,86467,11799.00,11799.00
132,Ahumada,Neostrata Skin Active Cellular Restoration x 50 g Crema Restauradora Facial Noche,75901,65999.00,65999.00
133,Ahumada,Neostrata Skin Active Cellular Restoration x 50 g Crema Restauradora Facial Noche,75901,65999.00,65999.00
134,Ahumada,Limpieza Cerave Aceite Espumoso Hidratacion 473ml,90195,12699.00,12699.00
135,Ahumada,Limpieza Cerave Aceite Espumoso Hidratacion 473ml,90195,12699.00,12699.00
136,Ahumada,CREMA CORPORAL EUCERIN pH5 450ML,84790,24599.00,24599.00
137,Ahumada,ESMALTE XTREME WEAR LACEY LILAC SALLY HANSEN,77946002,3199.00,3199.00
138,Ahumada,ESMALTE XTREME WEAR LACEY LILAC SALLY HANSEN,77946002,3199.00,3199.00
139,Ahumada,Vitamina C 1000 Mg. 100 Comprimidos,89473,11995.00,11995.00
140,Ahumada,Boost Powder Senior Coffee Milk 370gr,86710,10095.00,10095.00
141,Ahumada,Rexona Desodorante Clinical Soft Solid Men x 48 g,64466,5499.00,5499.00
142,Ahumada,Dove Men Desodorante Roll On Invisible Dry Men x 50 mL,76148,3699.00,3699.00
143,Ahumada,Cachantun Bebida Botella Gasificada x 500 mL,17448,1149.00,1149.00
144,Ahumada,Cachantun Bebida Botella Sin Gas x 500 mL,17487,1149.00,1149.00
145,Ahumada,Cardioplus 40mg. Caja 40 Comp. Rec.,89620,18995.00,18995.00
146,Ahumada,Cardioplus 40mg. Caja 40 Comp. Rec.,89620,18995.00,18995.00
147,Ahumada,"Jardiance Duo 12,5 mg\/1000 mg x 60 Comprimidos Recubiertos",83634,48395.00,48395.00
148,Ahumada,"Losapres D 50 mg\/12,5 mg x 30 Comprimidos Recubiertos",18296,26095.00,26095.00
149,Ahumada,Betaloc Zok 100 mg x 30 Comprimidos De Liberaci\u00f3n Prolongada,63450,42995.00,42995.00
150,Ahumada,Betaloc Zok 100 mg x 30 Comprimidos De Liberaci\u00f3n Prolongada,63450,42995.00,42995.00
151,Ahumada,Rexulti 1 mg x 28 Comprimidos Recubiertos,87927,44495.00,44495.00
152,Ahumada,Rexulti 1 mg x 28 Comprimidos Recubiertos,87927,44495.00,44495.00
153,Ahumada,Bion 3 x 30 Comprimidos Recubiertos,38354,10795.00,10795.00
154,Ahumada,Nestle Colado Etapa 3 Verdura\/Carne x 215 g,43756001,2349.00,2349.00
155,Ahumada,Nestle Colado Etapa 3 Verdura\/Carne x 215 g,43756001,2349.00,2349.00
156,Ahumada,Dove Shampoo Oleo Nutricion x 400 mL,72189004,3999.00,3999.00
157,Ahumada,Dove Shampoo Oleo Nutricion x 400 mL,72189004,3999.00,3999.00
158,Ahumada,Ladysoft Toalla Higienica Ultra Delgada Tela Ultraseca Con Alas x 8 Unidades,49331,1649.00,1649.00
159,Ahumada,Dolorub Hilos De Cobre x 1 Parche,80662,2595.00,2595.00
160,Ahumada,La Prepie Parche Gel Frio 4un,85191,1595.00,1595.00
161,Ahumada,Compresa Grande Fr\u00edo\/Calor,6341,12495.00,12495.00
162,Ahumada,Similac Formula Etapa 3 x 900 g,77922,12599.00,12599.00
163,Ahumada,Similac Formula Etapa 2 x 900 g,66516,16999.00,16999.00
164,Ahumada,Shampoo Isdin Baby Naturals Gel 400ml,89231,13499.00,13499.00
165,Ahumada,Engystol x 50 Comprimidos,49937,19295.00,19295.00
166,Ahumada,N/A,N/A,N/A,N/A
167,Ahumada,Isdin Gel Crema Acniben\u00ae Repair Hidratante Aliviante Y Reparador x 40 mL,48326,16499.00,16499.00
168,Ahumada,Nexium 40 mg x 28 Comprimidos Con Recubrimiento Ent\u00e9rico,35826,46395.00,46395.00
169,Ahumada,Nexium 40 mg x 28 Comprimidos Con Recubrimiento Ent\u00e9rico,35826,46395.00,46395.00
170,Ahumada,Sedal Crema Para Peinar Rizos Definidos x 300 mL,81782,2399.00,2399.00
171,Ahumada,Acondicionador Hidratante Coconut Milk Bio: Renew,84814002,7299.00,7299.00
172,Ahumada,Suncare Protector Solar Gel FPS 50+ x 90 g Gel T\u00f3pico,65751,19499.00,19499.00
173,Ahumada,Suncare Protector Solar Gel FPS 50+ x 90 g Gel T\u00f3pico,65751,19499.00,19499.00
174,Ahumada,Ferbex 200 mg x 30 C\u00e1psulas,85239,23595.00,23595.00
175,Ahumada,Ferbex 200 mg x 30 C\u00e1psulas,85239,23595.00,23595.00
176,Ahumada,Ferbex 200 mg x 30 C\u00e1psulas,85239,23595.00,23595.00
177,Ahumada,"Cetraxal 0,3 % x 10 mL Solucion para Gotas Oticas",77827,18995.00,18995.00
178,Ahumada,Ducray Tratamiento Anacaps Activ+ x 30 C\u00e1psulas,80526,17999.00,17999.00
179,Ahumada,EUCERIN DERMOCAPILLAIRE SHAMPOO ANTICASPA GEL 250 ML,74062,13099.00,13099.00
180,Ahumada,EUCERIN DERMOCAPILLAIRE SHAMPOO ANTICASPA GEL 250 ML,74062,13099.00,13099.00
181,Ahumada,Exelring 120 mcg\/ 15 mcg x 3 Anillos Vaginales,87050,40895.00,40895.00
182,Ahumada,SLINDA COMP X 28 COMP REC,88401,21295.00,21295.00
183,Ahumada,Accu-Chek Instant Cintas x 50 Unidades,84495,42695.00,42695.00
184,Ahumada,N/A,N/A,N/A,N/A
185,Ahumada,N/A,N/A,N/A,N/A
186,Ahumada,Neilmed Sinus Rinse Kit Inicio x 60 Sachet,85031,23495.00,23495.00
187,Ahumada,Aerochamber Plus Child x 1 Unidad,87388,33195.00,33195.00
188,Ahumada,N/A,N/A,N/A,N/A
189,Ahumada,Colgate Pack Seda Dental 50 m x 1 Pack,66540,5849.00,5849.00
190,Ahumada,Phb Aplicador Hilo Dental Flosser x 30 Unidades,85537,4599.00,4599.00
191,Ahumada,Dvida x 10 mL Soluci\u00f3n Oral Para Gotas,72865,19395.00,19395.00
192,Ahumada,Alcohol Desnaturalizado 70% x 1000 mL Solucion Topica,88379,3995.00,3995.00
193,Ahumada,Alcohol Desnaturalizado 70% x 1000 mL Solucion Topica,88379,3995.00,3995.00
194,Ahumada,"Eliquis 2,5 mg x 60 Comprimidos Recubiertos",87441,85995.00,85995.00
195,Ahumada,N/A,N/A,N/A,N/A
196,Ahumada,N/A,N/A,N/A,N/A
197,Ahumada,N/A,N/A,N/A,N/A
198,Ahumada,Cerave Loci\u00f3n Hidratante Piel Seca A Muy Seca x 473 mL,85379,13699.00,13699.00
199,Ahumada,Dove Men Shampoo Fuerza Extrema x 400 mL,76391002,4849.00,4849.00
200,Ahumada,Multi Oil USA x 120 C\u00e1psulas,28986,12995.00,12995.00
201,Ahumada,Pampers Pa\u00f1al Premium Care P x 36 Unidades,83207001,9599.00,9599.00
202,Ahumada,Pampers Pa\u00f1al Premium Care P x 36 Unidades,83207001,9599.00,9599.00
203,Ahumada,Pampers Pa\u00f1al Premium Care P x 36 Unidades,83207001,9599.00,9599.00
204,Ahumada,Alledryl D  x 120 mL Jarabe,43934,7595.00,7595.00
205,Ahumada,Alledryl D  x 120 mL Jarabe,43934,7595.00,7595.00
206,Ahumada,Cerave Loci\u00f3n Facial Hidratante SPF 25 x 52 mL,85414,12699.00,12699.00
207,Ahumada,Viternum Vitaminado x 125 mL Solucion Para Preparacion Extemporanea,8935,23695.00,23695.00
208,Ahumada,Bonavid 300.000 UI\/2 mL x 2 mL Soluci\u00f3n Oral para Gotas,85267,18795.00,18795.00
209,Ahumada,Bonavid 300.000 UI\/2 mL x 2 mL Soluci\u00f3n Oral para Gotas,85267,18795.00,18795.00
210,Ahumada,Fructis Mascara Hair Food Aloe Vera x 350 mL,87591,4499.00,4499.00
211,Ahumada,VANITY ESPONJA DE MALLA 50 GR,87817,2099.00,2099.00
212,Ahumada,Boots Cepillo De Pelo Estilo Ventilado x 1 Unidad,86103,3799.00,3799.00
213,Ahumada,N/A,N/A,N/A,N/A
214,Ahumada,N/A,N/A,N/A,N/A
215,Ahumada,Tol 12 Forte 10000 UI x 3 Ampollas Soluci\u00f3n Inyectable,8516,7195.00,7195.00
216,Ahumada,Tol 12 Forte x 20 Capsulas,8477,20195.00,20195.00
217,Ahumada,Arnikaderm Gel 10 % x 50 g Gel T\u00f3pico,46658,10345.00,10345.00
218,Ahumada,Clidan Gel Dermico 1% Dos Pomos 15gr.,82693,18795.00,18795.00
219,Ahumada,Clidan Gel Dermico 1% Dos Pomos 15gr.,82693,18795.00,18795.00
220,Ahumada,Pigeon Extractor Leche Con Manilla B\u00e1sico 1 x 1 Unidad,86881,33399.00,33399.00
221,Ahumada,Mamadera Pigeon Vidrio Estandar 50ml,86884,9099.00,9099.00
222,Ahumada,Chupete Mam Rep 2 Un. Ult Vent Flu3,68027,9799.00,9799.00
223,Ahumada,Suncare 100 Fluid Color Fps 50 Pomo 60ml,85887,21399.00,21399.00
224,Ahumada,Suncare 100 Fluid Color Fps 50 Pomo 60ml,85887,21399.00,21399.00
225,Ahumada,Zomel HP Triterapia 1 g\/500 mg\/20 mg  x 14 Blister,75761,47795.00,47795.00
226,Ahumada,Preservativo Skyn Large X 6,89068,9295.00,9295.00
227,Ahumada,Preservativo Skyn Large X 6,89068,9295.00,9295.00
228,Ahumada,Preservativo Skyn Large X 6,89068,9295.00,9295.00
229,Ahumada,N/A,N/A,N/A,N/A
230,Ahumada,N/A,N/A,N/A,N/A
231,Ahumada,Pedialyte 60 Sabor Uva x 500 mL Solucion Oral,71573,5195.00,5195.00
232,Ahumada,Glucosa 5 % x 500 mL Soluci\u00f3n Inyectable,62957,1795.00,1795.00
233,Ahumada,Aloelax x 50 C\u00e1psulas,46663,13295.00,13295.00
234,Ahumada,Aloelax x 50 C\u00e1psulas,46663,13295.00,13295.00
235,Ahumada,Deaten 40 mg x 30 Comprimidos,46169,63495.00,63495.00
236,Ahumada,Deaten 40 mg x 30 Comprimidos,46169,63495.00,63495.00
237,Ahumada,Rexona Desodorante Spray Invisible For Men x 150 mL,75393003,3299.00,3299.00
238,Ahumada,Ribolac 200 mg x 10 Comprimidos Recubiertos,80286,12095.00,12095.00
239,Ahumada,Ribolac 200 mg x 10 Comprimidos Recubiertos,80286,12095.00,12095.00
240,Ahumada,Gillette Gel De Afeitar Fusion 2 En 1 Glid +  Smooth Hidratante x 1 Unidad,73766002,7899.00,7899.00
241,Ahumada,Eminence Fragancia Sport Con Atomizador x 100 mL,19310,8899.00,8899.00
242,Ahumada,N/A,N/A,N/A,N/A
243,Ahumada,Sustenan 250 Caja 1 Amp. 1 Ml.,7128,36245.00,36245.00
244,Ahumada,N/A,N/A,N/A,N/A
245,Ahumada,Medicasp 1% x 400 mL Shampoo,87009,17295.00,17295.00
246,Ahumada,Medicasp 1% x 400 mL Shampoo,87009,17295.00,17295.00
247,Ahumada,Gillette Pack Maquina Afeitar Venus Tropical x 3 Unidades,82305,6299.00,6299.00
248,Ahumada,Gillette Pack Maquina Afeitar Venus Tropical x 3 Unidades,82305,6299.00,6299.00
249,Ahumada,Rexona Clinical Desodorante Crema Extra Dry x 48 g,76162001,5999.00,5999.00
250,Ahumada,Trim Tijera Cortau\u00f1as x 1 Unidad,85200,6549.00,6549.00
251,Ahumada,Trim Tijera Cortau\u00f1as x 1 Unidad,85200,6549.00,6549.00
252,Ahumada,Aerochamber Plus Adult Azul x 1 Unidad,87386,33195.00,33195.00
253,Ahumada,Epi Derm EDG 499 2 cm x 2 cm x 1 Unidad,19080,11795.00,11795.00
254,Ahumada,"Parches Hidrocoloide, Curaci\u00f3n Avanzada",73874,6095.00,6095.00
255,Ahumada,Colgate Enjuague Bucal Canguro Luminous x 750 mL,84212,8749.00,8749.00
256,Ahumada,Elmex Enjuague Bucal Sensitive x 400 mL,87645,7799.00,7799.00
257,Ahumada,Speed Stick Desodorante Gel Stress Defense x 85 g,78893,5099.00,5099.00
258,Ahumada,Blunding Cabestrillo Talla 8-10 Verde x 1 Unidad,87040,5995.00,5995.00
259,Ahumada,Blunding Cabestrillo Brazo Adulto M x 1 Unidad,87132,5995.00,5995.00
260,Ahumada,Petrizzio Crema Nutritiva x 50 mL,45349,4199.00,4199.00
261,Ahumada,Caristop Sensitive Pasta Dental x 100 g,63258,7099.00,7099.00
262,Ahumada,Caristop Sensitive Pasta Dental x 100 g,63258,7099.00,7099.00
263,Ahumada,No 7 Paleta De Sombras De Ojos Nude 8 x 1 g,84465001,13499.00,13499.00
264,Ahumada,Bladuril 200 mg x 20 Comprimidos Recubiertos,7227,19995.00,19995.00
265,Ahumada,Bladuril 200 mg x 20 Comprimidos Recubiertos,7227,19995.00,19995.00
266,Ahumada,Repelente Off Family 170ml,90237,5995.00,5995.00
267,Ahumada,Repelente Off Family 170ml,90237,5995.00,5995.00
268,Ahumada,Repelente Off Family 170ml,90237,5995.00,5995.00
269,Ahumada,Lamictal 100 mg x 30 Comprimidos,12267,52395.00,52395.00
270,Ahumada,Lamictal 100 mg x 30 Comprimidos,12267,52395.00,52395.00
271,Ahumada,Suncare Kids FPS 50+ x 180 g Spray Solucion Topica,87138,20199.00,20199.00
272,Ahumada,Suncare Kids FPS 50+ x 180 g Spray Solucion Topica,87138,20199.00,20199.00
273,Ahumada,Similac Formula Total Comfort Etapa 1 Y 2 x 1400 g,82770,34199.00,34199.00
274,Ahumada,Soap & Glory Brillo Labial Smp Plums x 1 Unidad,81176006,8299.00,8299.00
275,Ahumada,Ferbex 200 mg x 30 C\u00e1psulas,85239,23595.00,23595.00
276,Ahumada,Ferbex 200 mg x 30 C\u00e1psulas,85239,23595.00,23595.00
277,Ahumada,Ferbex 200 mg x 30 C\u00e1psulas,85239,23595.00,23595.00
278,Ahumada,"Cloruro De Sodio 0,9 % 10 mL x 5 Ampollas Soluci\u00f3n Inyectable",62898,2695.00,2695.00
279,Ahumada,Agua Bidestilada Inyect.5 Amp. 5ml.,89168,1995.00,1995.00
280,Ahumada,Agua Bidestilada Inyect.5 Amp. 5ml.,89168,1995.00,1995.00
281,Ahumada,Dove Jabon Liquido Recarga x 700 mL,70730,3499.00,3499.00
282,Ahumada,N/A,N/A,N/A,N/A
283,Ahumada,N/A,N/A,N/A,N/A
284,Ahumada,Ensure Vainilla x 850 g Polvo,78697,20495.00,20495.00
285,Ahumada,N/A,N/A,N/A,N/A
286,Ahumada,Calcefor D Forte x 60 C\u00e1psulas,40950,11495.00,11495.00
287,Ahumada,Calcefor D Forte x 60 C\u00e1psulas,40950,11495.00,11495.00
288,Ahumada,Calcefor D Forte x 60 C\u00e1psulas,40950,11495.00,11495.00
289,Ahumada,Nutrisse Cor Intensa Tintura 8.1 Rubio Claro Ceniza x 1 Unidad,72894019,2899.00,2899.00
290,Ahumada,Duo Laca Fijador Extra Fuerte x 330 mL,75795,3099.00,3099.00
291,Ahumada,Hemofolic x 30 C\u00e1psulas Blandas,85540,18895.00,18895.00
292,Ahumada,N/A,N/A,N/A,N/A
293,Ahumada,Infor Coenzima Q10 x 30 C\u00e1psulas Blandas,35942,13895.00,13895.00
294,Ahumada,Infor Coenzima Q10 x 30 C\u00e1psulas Blandas,35942,13895.00,13895.00
295,Ahumada,Vichy Desodorante Roll On Intense Pespirant Treatment x 50 mL,26811,14199.00,14199.00
296,Ahumada,DESODORANTE ROLL ON EUCERIN pH5 50 ML,68214,10099.00,10099.00
297,Ahumada,DESODORANTE ROLL ON EUCERIN pH5 50 ML,68214,10099.00,10099.00
298,Ahumada,Red Bull Lata Energ\u00e9tica Sugar Free x 250 mL,67791,1999.00,1999.00
299,Ahumada,Red Bull Lata Energ\u00e9tica Sugar Free x 250 mL,67791,1999.00,1999.00
300,Ahumada,Tena Toalla Higienica Maxi Incontinencia Leve x 10 Unidades,84317,4499.00,4499.00
301,Ahumada,Maybelline M\u00e1scara De Pesta\u00f1as Big Shot Waterproof x 9 mL,83713002,8499.00,8499.00
302,Ahumada,"Metotrexato 2,5 mg x 100 Comprimidos",87738,19395.00,19395.00
303,Ahumada,"Metotrexato 2,5 mg x 100 Comprimidos",87738,19395.00,19395.00
304,Ahumada,"Metotrexato 2,5 mg x 100 Comprimidos",87738,19395.00,19395.00
305,Ahumada,Nutrisse Cor Intensa Tintura 8.1 Rubio Claro Ceniza x 1 Unidad,72894019,2899.00,2899.00
306,Ahumada,Casting Tintura Creme Gloss 300 Casta\u00f1o x 1 Unidad,62036018,6999.00,6999.00
307,Ahumada,Paltomiel Adulto x 200 mL Jarabe,46668,5545.00,5545.00
308,Ahumada,Paltomiel Adulto x 200 mL Jarabe,46668,5545.00,5545.00
309,Ahumada,Mamadera Pigeon Vidrio Estandar 50ml,86884,9099.00,9099.00
310,Ahumada,Cerave Crema Hidratante Piel Seca x 454 mL,85463,15199.00,15199.00
311,Ahumada,Muno Start x 30 Polvo en Sobres,86690,29145.00,29145.00
312,Ahumada,Protium F x 30 Capsulas,85541,21595.00,21595.00
313,Ahumada,CREMA DE MANOS EUCERIN pH5 75 ML,37984,9699.00,9699.00
314,Ahumada,Infor Pro 3  x 30 Comprimidos Recubiertos,77014,11695.00,11695.00
315,Ahumada,ASEPXIA Gel Secante de Imperfecciones 28g,65400,7399.00,7399.00
316,Ahumada,ASEPXIA Gel Secante de Imperfecciones 28g,65400,7399.00,7399.00
317,Ahumada,Coral Colonia Natural Spray Musk x 100 mL,81981001,4299.00,4299.00
318,Ahumada,Agatha Ruiz de la Prada Eau De Toilette Gotas De Color Bubble x 30 mL,87230,5999.00,5999.00
319,Ahumada,Agatha Ruiz de la Prada Eau De Toilette Gotas De Color Bubble x 30 mL,87230,5999.00,5999.00
320,Ahumada,Rexona Desodorante Clinical Soft Solid Men x 48 g,64466,5499.00,5499.00
321,Ahumada,N/A,N/A,N/A,N/A
322,Ahumada,Gillette Maquina De Afeitar Fusion Proshield x 1 Unidad,82427,8799.00,8799.00
323,Ahumada,Flectane 500 mg\/20 mg x 10 Comprimidos Con Recubrimiento Enterico,85557,6995.00,6995.00
324,Ahumada,LOCI\u00d3N CORPORAL EUCERIN pH5 400 ML,65474,20099.00,20099.00
325,Ahumada,N/A,N/A,N/A,N/A
326,Ahumada,N/A,N/A,N/A,N/A
327,Ahumada,Betaserc 24 mg x 30 Comprimidos,78923,33145.00,33145.00
328,Ahumada,Betaserc 24 mg x 30 Comprimidos,78923,33145.00,33145.00
329,Ahumada,N/A,N/A,N/A,N/A
330,Ahumada,Options P\u00e9talos Desmaquillantes x 80 Unidades,82097,1399.00,1399.00
331,Ahumada,Trim Encrespador De Pesta\u00f1as Easy Hold x 1 Unidad,76368,6799.00,6799.00
332,Ahumada,Vichy Shampoo Dercos Densisolutions x 250 mL,85375,13499.00,13499.00
333,Ahumada,N/A,N/A,N/A,N/A
334,Ahumada,Gillette Repuesto Mach3 x 4 Unidades,16546,10099.00,10099.00
335,Ahumada,Dig-Herbal x 60 Comprimidos,46677,9745.00,9745.00
336,Ahumada,Dig-Herbal x 60 Comprimidos,46677,9745.00,9745.00
337,Ahumada,Dig-Herbal x 60 Comprimidos,46677,9745.00,9745.00
338,Ahumada,Medrol 16 mg x 14 Comprimidos,4347,51895.00,51895.00
339,Ahumada,Medrol 16 mg x 14 Comprimidos,4347,51895.00,51895.00
340,Ahumada,Depomedrol 80mg. Caja 1 Amp.,4230,48995.00,48995.00
341,Ahumada,Levogastrol 25 mg x 30 Comprimidos,83377,25095.00,25095.00
342,Ahumada,Levogastrol 25 mg x 30 Comprimidos,83377,25095.00,25095.00
343,Ahumada,Prestat 75 mg x 40 Comprimidos,75541,12895.00,12895.00
344,Ahumada,Prestat 75 mg x 40 Comprimidos,75541,12895.00,12895.00
345,Ahumada,Lyrica 150 mg x 14 Capsulas,44350,39895.00,39895.00
346,Ahumada,N/A,N/A,N/A,N/A
347,Ahumada,N/A,N/A,N/A,N/A
348,Ahumada,N/A,N/A,N/A,N/A
349,Ahumada,Neilmed Sinus Rinse Kit Inicio x 60 Sachet,85031,23495.00,23495.00
350,Ahumada,Neilmed Sinus Rinse Kit Inicio x 60 Sachet,85031,23495.00,23495.00
351,Ahumada,Vivo Galletas 4 Semillas x 153 g,81623,1199.00,1199.00
352,Ahumada,Vivo Galletas 4 Semillas x 153 g,81623,1199.00,1199.00
353,Ahumada,N/A,N/A,N/A,N/A
354,Ahumada,N/A,N/A,N/A,N/A
355,Ahumada,"No 7 Delineador De Ojos Liquido Stay Perfect Lap Caf\u00e9 x 1,6 g",81241002,9299.00,9299.00
356,Ahumada,Coral Colonia Natural Spray Musk x 100 mL,81981001,4299.00,4299.00
357,Ahumada,Coral Colonia Natural Spray Musk x 100 mL,81981001,4299.00,4299.00
358,Ahumada,Stresam 50 mg x 60 C\u00e1psulas,69491,34995.00,34995.00
359,Ahumada,Stresam 50 mg x 60 C\u00e1psulas,69491,34995.00,34995.00
360,Ahumada,Cachantun Mas Citrus Bebida Botella Con Gas x 500 mL,45547,1399.00,1399.00
361,Ahumada,Tri-Luma x 15 g Crema Topica,41527,39295.00,39295.00
362,Ahumada,Tri-Luma x 15 g Crema Topica,41527,39295.00,39295.00
363,Ahumada,Cotidian Sabanilla Protector Cama x 8 Unidades,77783,5645.00,5645.00
364,Ahumada,Cotidian Sabanilla Protector Cama x 8 Unidades,77783,5645.00,5645.00
365,Ahumada,Cotidian Sabanilla Protector Cama x 8 Unidades,77783,5645.00,5645.00
366,Ahumada,Cotidian Sabanilla Protector Cama x 8 Unidades,77783,5645.00,5645.00
367,Ahumada,Cotidian Sabanilla Protector Cama x 8 Unidades,77783,5645.00,5645.00
368,Ahumada,Cotidian Sabanilla Protector Cama x 8 Unidades,77783,5645.00,5645.00
369,Ahumada,Tol Total x 100 mL Jarabe,9894,12095.00,12095.00
370,Ahumada,Tol Total x 100 mL Jarabe,9894,12095.00,12095.00
371,Ahumada,Loreal Autobronceante Sublime Bronze Bruma Seca x 150 mL,62762,10599.00,10599.00
372,Ahumada,Goicoechea Crema Diabet TX Plus 10% Urea x 250 g,86467,11799.00,11799.00
373,Ahumada,Goicoechea Crema Diabet TX Plus 10% Urea x 250 g,86467,11799.00,11799.00
374,Ahumada,AB 5 mg Antiseptico Bucal x 12 Comprimidos Masticables,9088,3095.00,3095.00
375,Ahumada,AB 5 mg Antiseptico Bucal x 12 Comprimidos Masticables,9088,3095.00,3095.00
376,Ahumada,N/A,N/A,N/A,N/A
377,Ahumada,Blunding Tobillera Elastica Talla M x 1 Unidad,86985,5995.00,5995.00
378,Ahumada,Blunding Tobillera Elastica Talla M x 1 Unidad,86985,5995.00,5995.00
379,Ahumada,"Red Off 0,0125% x 15 mL Solucion Oftalmica",165,3349.00,3349.00
380,Ahumada,"Red Off 0,0125% x 15 mL Solucion Oftalmica",165,3349.00,3349.00
381,Ahumada,"Nevanac 0,1 % x 5 mL Suspensi\u00f3n Oft\u00e1lmica",50042,36695.00,36695.00
382,Ahumada,"Nevanac 0,1 % x 5 mL Suspensi\u00f3n Oft\u00e1lmica",50042,36695.00,36695.00
383,Ahumada,Nutrisse Cor Intensa Tintura 8.1 Rubio Claro Ceniza x 1 Unidad,72894019,2899.00,2899.00
384,Ahumada,Corega Ultra Crema Adhesiva Menta x 40 g,8317,9999.00,9999.00
385,Ahumada,N/A,N/A,N/A,N/A
386,Ahumada,"Patanol 0,1 % x 5 mL Soluci\u00f3n Oft\u00e1lmica",16127,35395.00,35395.00
387,Ahumada,"Patanol 0,1 % x 5 mL Soluci\u00f3n Oft\u00e1lmica",16127,35395.00,35395.00
388,Ahumada,Cerave Crema Reparadora De Manos x 50 mL,87935,4699.00,4699.00
389,Ahumada,Neupro 4 mg\/24 horas x 14 Parches Transdermicos,71969,47795.00,47795.00
390,Ahumada,Prolopa 200 mg\/50 mg x 30 Comprimidos,3486,28695.00,28695.00
391,Ahumada,N/A,N/A,N/A,N/A
392,Ahumada,N/A,N/A,N/A,N/A
393,Ahumada,La Roche Posay M\u00e1scara Pesta\u00f1a Waterproof x 1 Unidad,81057002,21399.00,21399.00
394,Ahumada,La Roche Posay M\u00e1scara Pesta\u00f1a Waterproof x 1 Unidad,81057002,21399.00,21399.00
395,Ahumada,Cetril 10 mg x 50 Comprimidos,44148,31895.00,31895.00
396,Ahumada,Cetril 10 mg x 50 Comprimidos,44148,31895.00,31895.00
397,Ahumada,Lasea 80 mg x 28 C\u00e1psulas Blandas,84164,18195.00,18195.00
398,Ahumada,N/A,N/A,N/A,N/A
399,Ahumada,No 7 Rubor Power Blusher Peach Velvet x 1 Unidad,81227003,11799.00,11799.00
400,Ahumada,Glucagen Hypokit 1mg\/mL x 1 Ampolla Liofilizado Para Solucion Inyectable Con Solvente,14130,59395.00,59395.00
401,Ahumada,Glucagen Hypokit 1mg\/mL x 1 Ampolla Liofilizado Para Solucion Inyectable Con Solvente,14130,59395.00,59395.00
402,Ahumada,Ladysoft Protector Diario Largo x 30 Unidades,86328,1749.00,1749.00
403,Ahumada,"Cloruro De Sodio 0,9 % 10 mL x 5 Ampollas Soluci\u00f3n Inyectable",62898,2695.00,2695.00
404,Ahumada,"Cloruro De Sodio 0,9 % 10 mL x 5 Ampollas Soluci\u00f3n Inyectable",62898,2695.00,2695.00
405,Ahumada,Aquafresh Cepillo Dental Little Teeth x 1 Unidad,79179,3649.00,3649.00
406,Ahumada,Eminence Fragancia Acqua For Men x 100 mL,82156001,11099.00,11099.00
407,Ahumada,N/A,N/A,N/A,N/A
408,Ahumada,Metropast 500 mg x 20 Comprimidos,38064,11095.00,11095.00
409,Ahumada,Clotrimin 500mg. Caja 1 Ovulo Vag.1un.,82422,6795.00,6795.00
410,Ahumada,Care Plus Partidor Porta Comprimidos x 1 Unidad,71896,3095.00,3095.00
411,Ahumada,Care Plus Partidor Porta Comprimidos x 1 Unidad,71896,3095.00,3095.00
412,Ahumada,Thealoz Duo x 10 mL Soluci\u00f3n Oft\u00e1lmica,79655,28895.00,28895.00
413,Ahumada,Thealoz Duo x 10 mL Soluci\u00f3n Oft\u00e1lmica,79655,28895.00,28895.00
414,Ahumada,Thealoz Duo x 10 mL Soluci\u00f3n Oft\u00e1lmica,79655,28895.00,28895.00
415,Ahumada,Nutrend Carbosnack Green Apple x 50 g Gel en Tubo,88766,1995.00,1995.00
416,Ahumada,N/A,N/A,N/A,N/A
417,Ahumada,N/A,N/A,N/A,N/A
418,Ahumada,Ipson-D Forte x 120 mL Suspensi\u00f3n Oral,44448,19995.00,19995.00
419,Ahumada,Mustela Crema Facial Hydra Bebe x 40 mL,88588,5349.00,5349.00
420,Ahumada,Kem Bebida Botella Pi\u00f1a x 500 mL,19176,1599.00,1599.00
421,Ahumada,Pepsi Light Bebida Botella x 500 mL,19875,1699.00,1699.00
422,Ahumada,"OZEMPIC SEMAGLUTIDA 2\/1,5ML JERINGA PRELLENADA",88319,164395.00,164395.00
423,Ahumada,"Jardiance Duo 12,5 mg\/1000 mg x 60 Comprimidos Recubiertos",83634,48395.00,48395.00
424,Ahumada,"Siccafluid 2,5 mg\/g x 10 g Gel Oft\u00e1lmico",62651,22895.00,22895.00
425,Ahumada,"Siccafluid 2,5 mg\/g x 10 g Gel Oft\u00e1lmico",62651,22895.00,22895.00
426,Ahumada,"Jardiance Duo 12,5 mg\/1000 mg x 60 Comprimidos Recubiertos",83634,48395.00,48395.00
427,Ahumada,"Jardiance Duo 12,5 mg\/1000 mg x 60 Comprimidos Recubiertos",83634,48395.00,48395.00
428,Ahumada,"Jardiance Duo 12,5 mg\/1000 mg x 60 Comprimidos Recubiertos",83634,48395.00,48395.00
429,Ahumada,N/A,N/A,N/A,N/A
430,Ahumada,N/A,N/A,N/A,N/A
431,Ahumada,Spasmodox 40 mg x 30 Comprimidos Recubiertos,75416,21495.00,21495.00
432,Ahumada,Spasmodox 40 mg x 30 Comprimidos Recubiertos,75416,21495.00,21495.00
433,Ahumada,Engystol x 50 Comprimidos,49937,19295.00,19295.00
434,Ahumada,Engystol x 50 Comprimidos,49937,19295.00,19295.00
435,Ahumada,Foille x 28 g Ung\u00fcento T\u00f3pico,174,5595.00,5595.00
436,Ahumada,Foille x 28 g Ung\u00fcento T\u00f3pico,174,5595.00,5595.00
437,Ahumada,Flu-Sure Susp. Oft. Fco. 5ml.,81745,22495.00,22495.00
438,Ahumada,Flu-Sure Susp. Oft. Fco. 5ml.,81745,22495.00,22495.00
439,Ahumada,N/A,N/A,N/A,N/A
440,Ahumada,Pedialyte 60 Sabor Uva x 500 mL Solucion Oral,71573,5195.00,5195.00
441,Ahumada,Ivercrem 1 % x 30 g Crema Topica,86914,24995.00,24995.00
442,Ahumada,Ivercrem 1 % x 30 g Crema Topica,86914,24995.00,24995.00
443,Ahumada,N/A,N/A,N/A,N/A
444,Ahumada,N/A,N/A,N/A,N/A
445,Ahumada,Eutirox 75 mcg x 50 Comprimidos,9376,11445.00,11445.00
446,Ahumada,Eutirox 75 mcg x 50 Comprimidos,9376,11445.00,11445.00
447,Ahumada,Agujas Insupen 32 Extreme De 4 Mm X5,89328,995.00,995.00
448,Ahumada,Aguja Penfill Desechable 31G x 5 mm x 5 Unidades,42365,2095.00,2095.00
449,Ahumada,Veet Crema Depilatoria Axila & Bikini Piel Normal 25gr,88664,2299.00,2299.00
450,Ahumada,Neolucid Ultra HR x 50 g Crema,64341,23295.00,23295.00
451,Ahumada,Neolucid Ultra HR x 50 g Crema,64341,23295.00,23295.00
452,Ahumada,jab\u00f3n facial en barra neutrogena antiacn\u00e9 100 g,3769,3999.00,3999.00
453,Ahumada,Simitri 145Mg\/40Mg 30Comp Rec,87196,28795.00,28795.00
454,Ahumada,Simitri 145Mg\/40Mg 30Comp Rec,87196,28795.00,28795.00
455,Ahumada,Vytorin 10 mg\/20 mg x 28 Comprimidos,45023,50895.00,50895.00
456,Ahumada,Vytorin 10 mg\/20 mg x 28 Comprimidos,45023,50895.00,50895.00
457,Ahumada,Gotas Facial Loreal Sublime Bronze 30ml,90042,11399.00,11399.00
458,Ahumada,Pigeon Extractor Leche Con Manilla B\u00e1sico 1 x 1 Unidad,86881,33399.00,33399.00
459,Ahumada,Pigeon Formador De Pez\u00f3n x 1 Unidad,4597,10099.00,10099.00
460,Ahumada,Elemental B x 60 Comprimidos Recubiertos,83401,9495.00,9495.00
461,Ahumada,Ludium 5 mg x 30 Comprimidos Recubiertos,86686,53995.00,53995.00
462,Ahumada,Ludium 5 mg x 30 Comprimidos Recubiertos,86686,53995.00,53995.00
463,Ahumada,Daflon 500 mg x 60 Comprimidos Recubiertos,20348,73095.00,73095.00
464,Ahumada,Daflon 500 mg x 60 Comprimidos Recubiertos,20348,73095.00,73095.00
465,Ahumada,Jeringa De Insulina 30 UI x 10 Unidades,44168,2595.00,2595.00
466,Ahumada,Jeringa De Insulina 30 UI x 10 Unidades,44168,2595.00,2595.00
467,Ahumada,Vitaday 1000 mg x 20 Comprimidos Efervescentes,87793,2895.00,2895.00
468,Ahumada,N/A,N/A,N/A,N/A
469,Ahumada,Citracal Max x 60 Comprimidos Recubiertos,72048,12595.00,12595.00
470,Ahumada,Citracal Max x 60 Comprimidos Recubiertos,72048,12595.00,12595.00
471,Ahumada,Cerelac Cereal 5 Cereales Etapa 2 x 400 g,41876,4249.00,4249.00
472,Ahumada,Cerelac Cereal 5 Cereales Etapa 2 x 400 g,41876,4249.00,4249.00
473,Ahumada,"Watts Nectar Botella Durazno x 1,5 L",32290005,1599.00,1599.00
474,Ahumada,Pasta Lassar Oficinal x 100 g Ung\u00fcento Topico,85346,2445.00,2445.00
475,Ahumada,Vaselina Solida Oficinal x 100 g Uso Topico,85342,1795.00,1795.00
476,Ahumada,Vaselina Solida Oficinal x 100 g Uso Topico,85342,1795.00,1795.00
477,Ahumada,Ambrosoli Gomitas Ambrosito x 100 g,13673,1999.00,1999.00
478,Ahumada,Ambrosoli Gomitas Ambrosito x 100 g,13673,1999.00,1999.00
479,Ahumada,Piascledine x 30 C\u00e1psulas,63574,27695.00,27695.00
480,Ahumada,Piascledine x 30 C\u00e1psulas,63574,27695.00,27695.00
481,Ahumada,Sprainer T4 O x 30 Sachets Soluci\u00f3n Espumosa Para Limpieza De P\u00e1rpados Y Pesta\u00f1as,85613,19195.00,19195.00
482,Ahumada,N/A,N/A,N/A,N/A
483,Ahumada,N/A,N/A,N/A,N/A
484,Ahumada,Options P\u00e9talos Desmaquillantes x 80 Unidades,82097,1399.00,1399.00
485,Ahumada,Options P\u00e9talos Desmaquillantes x 80 Unidades,82097,1399.00,1399.00
486,Ahumada,N/A,N/A,N/A,N/A
487,Ahumada,N/A,N/A,N/A,N/A
488,Ahumada,Abrilar 35 mg\/5 mL x 100 mL Jarabe,26896,4595.00,4595.00
489,Ahumada,Abrilar 35 mg\/5 mL x 100 mL Jarabe,26896,4595.00,4595.00
490,Ahumada,Vichy Desodorante Roll On Intense Pespirant Treatment x 50 mL,26811,14199.00,14199.00
491,Ahumada,Vichy Desodorante Stress Resist x 50 mL,87580,15299.00,15299.00
492,Ahumada,N/A,N/A,N/A,N/A
493,Ahumada,Cetaphil Loci\u00f3n Sun After Sun Repair x 100 mL,77271,14099.00,14099.00
494,Ahumada,N/A,N/A,N/A,N/A
495,Ahumada,N/A,N/A,N/A,N/A
496,Ahumada,Launol x 60 mL Shampoo,243,6695.00,6695.00
497,Ahumada,Launol x 60 mL Shampoo,243,6695.00,6695.00
498,Ahumada,Migranol x 10 Comprimidos Recubiertos,1440,1945.00,1945.00
499,Ahumada,N/A,N/A,N/A,N/A
500,Ahumada,N/A,N/A,N/A,N/A
501,Ahumada,N/A,N/A,N/A,N/A
502,Ahumada,Muno Start x 30 Polvo en Sobres,86690,29145.00,29145.00
503,Ahumada,Vichy Desodorante Roll On Intense Pespirant Treatment x 50 mL,26811,14199.00,14199.00
504,Ahumada,HIGIENE INTIMA EUCERIN 250 ML,41675,10149.00,10149.00
505,Ahumada,Pervioral 500 mg x 42 Comprimidos Recubiertos,85570,50195.00,50195.00
506,Ahumada,Pervioral 500 mg x 42 Comprimidos Recubiertos,85570,50195.00,50195.00
507,Ahumada,N/A,N/A,N/A,N/A
508,Ahumada,N/A,N/A,N/A,N/A
509,Ahumada,N/A,N/A,N/A,N/A
510,Ahumada,"Colchicina 0,5 mg x 40 Comprimidos",534,2595.00,2595.00
511,Ahumada,"Colchicina 0,5 mg x 40 Comprimidos",534,2595.00,2595.00
512,Ahumada,Avent Chupete Silicona Transparente 0 A 6 Meses x 2 Unidades,72904,11299.00,11299.00
513,Ahumada,Nutrend Carbosnack Green Apple x 50 g Gel en Tubo,88766,1995.00,1995.00
514,Ahumada,Nutrend Carbosnack Green Apple x 50 g Gel en Tubo,88766,1995.00,1995.00
515,Ahumada,Vichy Homme Antitranpirante Roll On x 60 mL,64410,14199.00,14199.00
516,Ahumada,Vichy Homme Antitranpirante Roll On x 60 mL,64410,14199.00,14199.00
517,Ahumada,N/A,N/A,N/A,N/A
518,Ahumada,Lertus 75 mg\/3 mL x 5 Ampollas Soluci\u00f3n Inyectable,7279,19095.00,19095.00
519,Ahumada,Pack Sh 400 + Aco 300 Pantene Rest 2un,88233,5199.00,5199.00
520,Ahumada,Isdin Toallitas Acniben\u00ae Minimizador De Imperfecciones Localizadas x 30 Unidades,64623,10999.00,10999.00
521,Ahumada,Isdin Toallitas Acniben\u00ae Minimizador De Imperfecciones Localizadas x 30 Unidades,64623,10999.00,10999.00
522,Ahumada,Vastarel MR x 30 Comprimidos Recubiertos De Liberaci\u00f3n Prolongada,47989,21295.00,21295.00
523,Ahumada,Vastarel MR x 30 Comprimidos Recubiertos De Liberaci\u00f3n Prolongada,47989,21295.00,21295.00
524,Ahumada,Cotidian Toallitas H\u00famedas Extra Grande x 60 Unidades,80550,4845.00,4845.00
525,Ahumada,"Gotely Duo 0,5mg\/0,4 mg x 30 C\u00e1psulas Con Gr\u00e1nulos De Liberaci\u00f3n Sostenida",78934,32695.00,32695.00
526,Ahumada,"Gotely Duo 0,5mg\/0,4 mg x 30 C\u00e1psulas Con Gr\u00e1nulos De Liberaci\u00f3n Sostenida",78934,32695.00,32695.00
527,Ahumada,Vichy Shampoo Dercos Anticaspa Grasa x 390 mL,83905,18699.00,18699.00
528,Ahumada,N/A,N/A,N/A,N/A
529,Ahumada,S-26 Formula Gold Tarro x 900 g,20253,27399.00,27399.00
530,Ahumada,Ap\u00f3sitos Transparentes Tegaderm 10x12cms,6159,14695.00,14695.00
531,Ahumada,Ap\u00f3sitos Transparentes Tegaderm 10x12cms,6159,14695.00,14695.00
532,Ahumada,Memanvitae 10 mg x 56 Comprimidos Recubiertos,82704,27995.00,27995.00
533,Ahumada,Memanvitae 10 mg x 56 Comprimidos Recubiertos,82704,27995.00,27995.00
534,Ahumada,N/A,N/A,N/A,N/A
535,Ahumada,N/A,N/A,N/A,N/A
536,Ahumada,"Flamir 0,3 % x 30 g Gel Topico",73895,24695.00,24695.00
537,Ahumada,Acneral 20mg. Caja 30 Cap. Blandas,61134,43995.00,43995.00
538,Ahumada,N/A,N/A,N/A,N/A
539,Ahumada,N/A,N/A,N/A,N/A
540,Ahumada,Hawaiian Tropic Protector Solar Carrot FPS 10 x 240 mL,20073,11499.00,11499.00
541,Ahumada,Test Covid Antigeno Nasal Kit X 5 Test,90041,49995.00,49995.00
542,Ahumada,Alcohol Desnaturalizado 70% x 1000 mL Solucion Topica,88379,3995.00,3995.00
543,Ahumada,Alcohol Desnaturalizado 70% x 1000 mL Solucion Topica,88379,3995.00,3995.00
544,Ahumada,Alcohol Desnaturalizado 70% x 1000 mL Solucion Topica,88379,3995.00,3995.00
545,Ahumada,Aciclovir 5 % x 5 g Crema D\u00e9rmica,27,1945.00,1945.00
546,Ahumada,Aciclovir 5 % x 5 g Crema D\u00e9rmica,27,1945.00,1945.00
547,Ahumada,No 7 Delineador De Labios Precision Red x 1 Unidad,81246001,9899.00,9899.00
548,Ahumada,Viternum Vitaminado x 125 mL Solucion Para Preparacion Extemporanea,8935,23695.00,23695.00
549,Ahumada,Viternum Vitaminado x 125 mL Solucion Para Preparacion Extemporanea,8935,23695.00,23695.00
550,Ahumada,Colgate Pack Seda Dental 50 m x 1 Pack,66540,5849.00,5849.00
551,Ahumada,Izofran Zydis 4mg. Caja 10 Tab.,41087,81495.00,81495.00
552,Ahumada,Izofran Zydis 4mg. Caja 10 Tab.,41087,81495.00,81495.00
553,Ahumada,Limpieza Cerave Aceite Espumoso Hidratacion 473ml,90195,12699.00,12699.00
554,Ahumada,Claragine x 16 Comprimidos De DiSoluci\u00f3n Bucal,36732,2595.00,2595.00
555,Ahumada,Claragine x 16 Comprimidos De DiSoluci\u00f3n Bucal,36732,2595.00,2595.00
556,Ahumada,Cachantun Bebida Botella Gasificada x 500 mL,17448,1149.00,1149.00
557,Ahumada,N/A,N/A,N/A,N/A
558,Ahumada,N/A,N/A,N/A,N/A
559,Ahumada,Progendo 200 mg x 30 C\u00e1psulas Blandas,47245,23095.00,23095.00
560,Ahumada,Progendo 200 mg x 30 C\u00e1psulas Blandas,47245,23095.00,23095.00
561,Ahumada,Creon 25000 UI x 50 C\u00e1psulas Con Gr\u00e1nulos De Recubrimiento Ent\u00e9rico,71085,74495.00,74495.00
562,Ahumada,Creon 25000 UI x 50 C\u00e1psulas Con Gr\u00e1nulos De Recubrimiento Ent\u00e9rico,71085,74495.00,74495.00
563,Ahumada,Options Quita Esmalte Oleoso Herbal x 110 mL,72565,1599.00,1599.00
564,Ahumada,Ritmocor 300 Mg. Caja 40 Comp.,89625,41495.00,41495.00
565,Ahumada,Ritmocor 300 Mg. Caja 40 Comp.,89625,41495.00,41495.00
566,Ahumada,Diondel 100 mg x 50 Comprimidos,73181,39495.00,39495.00
567,Ahumada,Diondel 100 mg x 50 Comprimidos,73181,39495.00,39495.00
568,Ahumada,Placa Anti-Bruxismo Mandibular x 1 Unidad,72071,22395.00,22395.00
569,Ahumada,Placa Anti-Bruxismo Mandibular x 1 Unidad,72071,22395.00,22395.00
570,Ahumada,Mascarilla 3ply Elite 20un,89370,4995.00,4995.00
571,Ahumada,Placa Anti-Bruxismo Mandibular x 1 Unidad,72071,22395.00,22395.00
572,Ahumada,Placa Anti-Bruxismo Mandibular x 1 Unidad,72071,22395.00,22395.00
573,Ahumada,SOPHIPREN OFTENO 1% FCO.5 ML,50580,20495.00,20495.00
574,Ahumada,Naticare Supra x 30 C\u00e1psulas,85092,16195.00,16195.00
575,Ahumada,Naticare Supra x 30 C\u00e1psulas,85092,16195.00,16195.00
576,Ahumada,Naticare Supra x 30 C\u00e1psulas,85092,16195.00,16195.00
577,Ahumada,Pigeon Aspirador Nasal Con Deposito x 1 Unidad,86875,11999.00,11999.00
578,Ahumada,Pigeon Aspirador Nasal Con Deposito x 1 Unidad,86875,11999.00,11999.00
579,Ahumada,Limpiador de Heridas,72895,4995.00,4995.00
580,Ahumada,Limpiador de Heridas,72895,4995.00,4995.00
581,Ahumada,N/A,N/A,N/A,N/A
582,Ahumada,Leukoplast Tela Adhesiva 2.5cm x 5m 1 Und.,3597,6695.00,6695.00
583,Ahumada,"Cinta Adhesiva Protectora de Pies 2,54cm x 4,57m",82322,4895.00,4895.00
584,Ahumada,"Cinta Adhesiva Micropore Piel 12,5mm x 9,1mts",17345,7495.00,7495.00
585,Ahumada,Medrol 16 mg x 14 Comprimidos,4347,51895.00,51895.00
586,Ahumada,Elixine 80 mg\/15 mL x 250 mL Soluci\u00f3n Oral,8555,23895.00,23895.00
587,Ahumada,Dove Antitranspirante Roll On Invisible Dry x 50 mL,50321,3699.00,3699.00
588,Ahumada,"Avamys 27,5 mcg\/Dosis x 120 Dosis Suspensi\u00f3n Para Nebulizacion Nasal",62070,20595.00,20595.00
589,Ahumada,SAE Adulto x 6 Supositorios,2401,13595.00,13595.00
590,Ahumada,Mecolzine 500 mg x 100 Comprimidos Con Recubrimiento Ent\u00e9rico,72527,76695.00,76695.00
591,Ahumada,Mecolzine 500 mg x 100 Comprimidos Con Recubrimiento Ent\u00e9rico,72527,76695.00,76695.00
592,Ahumada,Ambrosoli Caramelo Full Lim\u00f3n x 27 g,41443,899.00,899.00
593,Ahumada,Ladysoft Tampon Regular Medio x 8 Unidades,76168001,2799.00,2799.00
594,Ahumada,GUANTES DE VINILO TALLA L CS 100 Unidades,89055,12095.00,12095.00
595,Ahumada,N/A,N/A,N/A,N/A
596,Ahumada,Vantux Max x 60 C\u00e1psulas,66047,19195.00,19195.00
597,Ahumada,Vantux Max x 60 C\u00e1psulas,66047,19195.00,19195.00
598,Ahumada,Pantene Espuma Peinado Rizos Definidos x 227 g,71444,4199.00,4199.00
599,Ahumada,Aerochamber Plus Child x 1 Unidad,87388,33195.00,33195.00
600,Ahumada,Huggies Pa\u00f1al Natural Care P x 34 Unidades,87431,9599.00,9599.00
601,Ahumada,VASO ESTER BENTLEY COPA MENSTRUAL 1U,88141,9599.00,9599.00
602,Ahumada,N/A,N/A,N/A,N/A
603,Ahumada,N/A,N/A,N/A,N/A
604,Ahumada,Colonia 451 Fragancia Clasico x 400 mL,6883,4399.00,4399.00
605,Ahumada,Elidel 1 % x 15 g Crema T\u00f3pica,36129,34195.00,34195.00
606,Ahumada,Elidel 1 % x 15 g Crema T\u00f3pica,36129,34195.00,34195.00
607,Ahumada,N/A,N/A,N/A,N/A
608,Ahumada,"Metoject 20 mg\/0,4mL x 1 Jeringa Prellenada Solucion Inyectable",74721,27995.00,27995.00
609,Ahumada,N/A,N/A,N/A,N/A
610,Ahumada,N/A,N/A,N/A,N/A
611,Ahumada,Folipil 1 mg x 90  Comprimidos Recubiertos,65009,40695.00,40695.00
612,Ahumada,Folipil 1 mg x 90  Comprimidos Recubiertos,65009,40695.00,40695.00
613,Ahumada,Metropast 500 mg x 20 Comprimidos,38064,11095.00,11095.00
614,Ahumada,Pilexil Champu Anticaida x 300 mL Shampoo,75237,20995.00,20995.00
615,Ahumada,Pilexil Champu Anticaida x 300 mL Shampoo,75237,20995.00,20995.00
616,Ahumada,"Respirador Aura 9205 3M, 3 unidades",90066,8795.00,8795.00
617,Ahumada,"Respirador Aura 9205 3M, 3 unidades",90066,8795.00,8795.00
618,Ahumada,Mascarilla 3ply Elite 20un,89370,4995.00,4995.00
619,Ahumada,Mascarilla 3ply Elite 20un,89370,4995.00,4995.00
620,Ahumada,JAB\u00d3N SYNDET GEL EUCERIN pH5 400 ML,38005,16099.00,16099.00
621,Ahumada,BABY BA\u00d1O & SHAMPOO EUCERIN  400 ML,82079,16099.00,16099.00
622,Ahumada,Disven 2 mg x 28 Comprimidos Recubiertos,74007,23595.00,23595.00
623,Ahumada,Disven 2 mg x 28 Comprimidos Recubiertos,74007,23595.00,23595.00
624,Ahumada,TOP COAT DOUBLE DUTY SALLY HANSEN,85122,4499.00,4499.00
625,Ahumada,"Letrovitae 2,5 mg x 30 Comprimidos Recubiertos",80008,39595.00,39595.00
626,Ahumada,"Letrovitae 2,5 mg x 30 Comprimidos Recubiertos",80008,39595.00,39595.00
627,Ahumada,"Letrovitae 2,5 mg x 30 Comprimidos Recubiertos",80008,39595.00,39595.00
628,Ahumada,"Ddavp 0,1 mg x 30 Comprimidos",36889,43595.00,43595.00
629,Ahumada,"Ddavp 0,1 mg x 30 Comprimidos",36889,43595.00,43595.00
630,Ahumada,N/A,N/A,N/A,N/A
631,Ahumada,N/A,N/A,N/A,N/A
632,Ahumada,Alopek 5 % x 100 g Espuma T\u00f3pica,84770,33295.00,33295.00
633,Ahumada,Bentley Anillo Double Pleasure x 1 Unidad ,83156,7295.00,7295.00
634,Ahumada,Bentley Anillo Double Pleasure x 1 Unidad ,83156,7295.00,7295.00
635,Ahumada,N/A,N/A,N/A,N/A
636,Ahumada,N/A,N/A,N/A,N/A
637,Ahumada,Clearblue Plus Prueba De Embarazo x 1 Unidad,80968,8895.00,8895.00
638,Ahumada,N/A,N/A,N/A,N/A
639,Ahumada,N/A,N/A,N/A,N/A
640,Ahumada,acondicionador para ni\u00f1os johnson's\u00ae gotas de brillo\u00ae x 400 ml.,86589001,3599.00,3599.00
641,Ahumada,Toallitas Desinfectantes Clorox 30un,90063,2499.00,2499.00
642,Ahumada,Toallitas Desinfectantes Clorox 30un,90063,2499.00,2499.00
643,Ahumada,N/A,N/A,N/A,N/A
644,Ahumada,Ducray Tratamiento Anacaps Activ+ x 30 C\u00e1psulas,80526,17999.00,17999.00
645,Ahumada,Ducray Acondicionador Anaphase+ Fuerza x 200 mL,84819,11799.00,11799.00
646,Ahumada,N/A,N/A,N/A,N/A
647,Ahumada,Domperidona 10mg. Caja 20cap.,2679,1245.00,1245.00
648,Ahumada,Domperidona 10mg. Caja 20cap.,2679,1245.00,1245.00
649,Ahumada,Venda Elastica Coban negra,15019,11795.00,11795.00
650,Ahumada,Resvenox x 60 Capsulas,88172,12595.00,12595.00
651,Ahumada,Kaonol 3 mg x 2 Comprimidos,63975,10195.00,10195.00
652,Ahumada,Kaonol 3 mg x 2 Comprimidos,63975,10195.00,10195.00
653,Ahumada,Kaonol 3 mg x 2 Comprimidos,63975,10195.00,10195.00
654,Ahumada,Proctogel x 30 g Crema Rectal,12317,13595.00,13595.00
655,Ahumada,Proctogel x 30 g Crema Rectal,12317,13595.00,13595.00
656,Ahumada,J. Frieda Blond Sh. Go Blonder Acl 245ml,82140,7399.00,7399.00
657,Ahumada,J. Frieda Blond Sh. Go Blonder Acl 245ml,82140,7399.00,7399.00
658,Ahumada,Blunding Tape Negro 5 cm x 1 m x 1 Unidad,87113,2995.00,2995.00
659,Ahumada,Recovery K Tape Negra 5m.,79779,9795.00,9795.00
660,Ahumada,Blunding Tobillera Elastica Talla L x 1 Unidad,87041,5995.00,5995.00
661,Ahumada,Penicilina Benzat. 1200000 Ui Caja 1vial,1171,1595.00,1595.00
662,Ahumada,Uriage Protector Solar Fluido Ultra Ligero SPF 50+ Bari\u00e9sun x 30 mL,87545,11399.00,11399.00
663,Ahumada,Exelring 120 mcg\/ 15 mcg x 3 Anillos Vaginales,87050,40895.00,40895.00
664,Ahumada,N/A,N/A,N/A,N/A
665,Ahumada,N/A,N/A,N/A,N/A
666,Ahumada,N/A,N/A,N/A,N/A
667,Ahumada,N/A,N/A,N/A,N/A
668,Ahumada,ANTITRANSPIRANTE PUMP SPRAY FORTE HIDROFUGAL 30ML,37996,8899.00,8899.00
669,Ahumada,ANTITRANSPIRANTE PUMP SPRAY FORTE HIDROFUGAL 30ML,37996,8899.00,8899.00
670,Ahumada,Colgate Enjuague Bucal Canguro Luminous x 750 mL,84212,8749.00,8749.00
671,Ahumada,Tena Men Protector Masculino x 12 Unidades,85624,4995.00,4995.00
672,Ahumada,Tena Men Protector Masculino x 12 Unidades,85624,4995.00,4995.00
673,Ahumada,Lysoform Desodorante Ambiental Desinfectante Original x 360 mL,40247,3099.00,3099.00
674,Ahumada,Lysoform Desodorante Ambiental Desinfectante Original x 360 mL,40247,3099.00,3099.00
675,Ahumada,Lysoform Desodorante Ambiental Desinfectante Original x 360 mL,40247,3099.00,3099.00
676,Ahumada,N/A,N/A,N/A,N/A
677,Ahumada,Gasa Est\u00e9ril Suave y Resistente 10x10cm,49703,4495.00,4495.00
678,Ahumada,"Care-Plus 1\/2 x 1 Yarda (45,7 cm x 91,44 cm) x 1 Sobre Gasa Hidr\u00f3fila",77370,1545.00,1545.00
679,Ahumada,Kem Bebida Botella Pi\u00f1a x 500 mL,19176,1599.00,1599.00
680,Ahumada,Viadil Compuesto x 2 Ampollas Solucion Inyectable,9365,5895.00,5895.00
681,Ahumada,Bentley Classic x 50 g Gel T\u00f3pico,39706,4395.00,4395.00
682,Ahumada,Epiduo Pump x 30 g Gel T\u00f3pico,79084,35195.00,35195.00
683,Ahumada,Epiduo Pump x 30 g Gel T\u00f3pico,79084,35195.00,35195.00
684,Ahumada,N/A,N/A,N/A,N/A
685,Ahumada,Drysol 20 % x 35 mL Soluci\u00f3n Antitraspirante,19184,29099.00,29099.00
686,Ahumada,Drysol 20 % x 35 mL Soluci\u00f3n Antitraspirante,19184,29099.00,29099.00
687,Ahumada,nicorette freshmint 2 mg x 30 gums,71288,18495.00,18495.00
688,Ahumada,nicorette freshmint 2 mg x 30 gums,71288,18495.00,18495.00
689,Ahumada,Lerogin x 30 Comprimidos Recubiertos,3966,22895.00,22895.00
690,Ahumada,Lerogin x 30 Comprimidos Recubiertos,3966,22895.00,22895.00
691,Ahumada,Diavital x 30 Comprimidos,81749,10495.00,10495.00
692,Ahumada,N/A,N/A,N/A,N/A
693,Ahumada,Biogenetics ADN Kit Paternidad x 1 Unidad ,83505,7245.00,7245.00
694,Ahumada,Biogenetics ADN Kit Paternidad x 1 Unidad ,83505,7245.00,7245.00
695,Ahumada,Babysec Toallitas Humedas Super Premium x 40 Unidades,86725,1649.00,1649.00
696,Ahumada,Sustenan 250 Caja 1 Amp. 1 Ml.,7128,36245.00,36245.00
697,Ahumada,N/A,N/A,N/A,N/A
698,Ahumada,Paracetamol Infantil 125 mg x 6 Supositorios,2796,1445.00,1445.00
699,Ahumada,Noscapina 20 mg x 20 Comprimidos,1132,2095.00,2095.00
700,Ahumada,Noscapina 20 mg x 20 Comprimidos,1132,2095.00,2095.00
701,Ahumada,Echiprop D6 x 60 Comprimidos,87475,9745.00,9745.00
702,Ahumada,Echiprop D6 x 60 Comprimidos,87475,9745.00,9745.00
703,Ahumada,N/A,N/A,N/A,N/A
704,Ahumada,N/A,N/A,N/A,N/A
705,Ahumada,N/A,N/A,N/A,N/A
706,Ahumada,N/A,N/A,N/A,N/A
707,Ahumada,N/A,N/A,N/A,N/A
708,Ahumada,N/A,N/A,N/A,N/A
709,Ahumada,N/A,N/A,N/A,N/A
710,Ahumada,N/A,N/A,N/A,N/A
711,Ahumada,N/A,N/A,N/A,N/A
712,Ahumada,N/A,N/A,N/A,N/A
713,Ahumada,N/A,N/A,N/A,N/A
714,Ahumada,Pointts x 80 mL Spray,65453,34495.00,34495.00
715,Ahumada,Pointts x 80 mL Spray,65453,34495.00,34495.00
716,Ahumada,Berodual Soluci\u00f3n x 20 mL Soluci\u00f3n Para Inhalaci\u00f3n,964,28795.00,28795.00
717,Ahumada,Williams Crema De Afeitar Mentolada x 100 g,8092,3999.00,3999.00
718,Ahumada,N/A,N/A,N/A,N/A
719,Ahumada,N/A,N/A,N/A,N/A
720,Ahumada,N/A,N/A,N/A,N/A
721,Ahumada,N/A,N/A,N/A,N/A
722,Ahumada,Bioactiv V x 30 mL Solucion Oral Para Gotas,87462,8745.00,8745.00
723,Ahumada,Bioactiv V x 30 mL Solucion Oral Para Gotas,87462,8745.00,8745.00
724,Ahumada,JAB\u00d3N SYNDET GEL EUCERIN pH5 400 ML,38005,16099.00,16099.00
725,Ahumada,JAB\u00d3N SYNDET GEL EUCERIN pH5 400 ML,38005,16099.00,16099.00
726,Ahumada,Sunvitlife Guarana 1200 mg x 60 Comprimidos,86768,10595.00,10595.00
727,Ahumada,N/A,N/A,N/A,N/A
728,Ahumada,N/A,N/A,N/A,N/A
729,Ahumada,N/A,N/A,N/A,N/A
730,Ahumada,Test Covid Antigeno Panbio# 1un.,90292,9995.00,9995.00
731,Ahumada,Test Covid Antigeno Panbio# 1un.,90292,9995.00,9995.00
732,Ahumada,Gillette Aftershave Wave x 100 mL,2009,10599.00,10599.00
733,Ahumada,Nosotras Tampon Super Plus Con Aplicador x 8 Unidades,72769,2749.00,2749.00
734,Ahumada,N/A,N/A,N/A,N/A
735,Ahumada,Jeringa De Insulina 50 UI x 10 Unidades,23225,2195.00,2195.00
736,Ahumada,Leukoplast Tela Adhesiva 2.5cm x 5m 1 Und.,3597,6695.00,6695.00
737,Ahumada,Clearblue Plus Prueba De Embarazo x 1 Unidad,80968,8895.00,8895.00
738,Ahumada,Clearblue Plus Prueba De Embarazo x 1 Unidad,80968,8895.00,8895.00
739,Ahumada,Divanon 100 mg x 7 C\u00e1psulas Blandas Vaginales,24593,22595.00,22595.00
740,Ahumada,N/A,N/A,N/A,N/A
741,Ahumada,N/A,N/A,N/A,N/A
742,Ahumada,N/A,N/A,N/A,N/A
743,Ahumada,N/A,N/A,N/A,N/A
744,Ahumada,Simond's Talco Clasico x 200 g,6922,3249.00,3249.00
745,Ahumada,"Supositorios De Glicerina 3,5 g x 10 Supositorios",3195,5495.00,5495.00
746,Ahumada,"Oftavir 3 % x 3,5 g Unguento Oftalmico ",9140,30095.00,30095.00
747,Ahumada,"Cinta Adhesiva Micropore Blanca 50mm x 9,1mts",6302,13495.00,13495.00
748,Ahumada,N/A,N/A,N/A,N/A
749,Ahumada,N/A,N/A,N/A,N/A
750,Ahumada,Duofilm x 15 mL Soluci\u00f3n T\u00f3pica,3726,27395.00,27395.00
751,Ahumada,Duofilm x 15 mL Soluci\u00f3n T\u00f3pica,3726,27395.00,27395.00
752,Ahumada,Omega Up Vegano Dha 530 Mg X 30 Capsulas,89064,21995.00,21995.00
753,Ahumada,N/A,N/A,N/A,N/A
754,Ahumada,Avene Autobronceador Hidratante Cara Y Cuerpo x 100 mL,48079,17699.00,17699.00
755,Ahumada,Espironolactona 25mg. Caja 20 Comp.,1483,2195.00,2195.00
756,Ahumada,Espironolactona 25mg. Caja 20 Comp.,1483,2195.00,2195.00
757,Ahumada,N/A,N/A,N/A,N/A
758,Ahumada,N/A,N/A,N/A,N/A
759,Ahumada,Vaselina Liquida Oficinal x 200 mL Solucion,85345,2495.00,2495.00
760,Ahumada,Vaselina Liquida Oficinal x 200 mL Solucion,85345,2495.00,2495.00
761,Ahumada,Cerave Crema Renovadora De Pies x 88 mL,85386,12099.00,12099.00
762,Ahumada,PROTECTOR SOLAR KIDS SPRAY EUCERIN FPS 50+ 200 ML,65734,16699.00,16699.00
763,Ahumada,Bepanthol x 50 g Ung\u00fcento,86840,7199.00,7199.00
764,Ahumada,N/A,N/A,N/A,N/A
765,Ahumada,N/A,N/A,N/A,N/A
766,Ahumada,Labial Mentholatum Med Gel 1 Unidad,89940,3195.00,3195.00
767,Ahumada,Labial Mentholatum Med Gel 1 Unidad,89940,3195.00,3195.00
768,Ahumada,Test Covid Antigeno Panbio# 1un.,90292,9995.00,9995.00
769,Ahumada,Test Covid Antigeno Panbio# 1un.,90292,9995.00,9995.00
770,Ahumada,N/A,N/A,N/A,N/A
771,Ahumada,N/A,N/A,N/A,N/A
772,Ahumada,N/A,N/A,N/A,N/A
773,Ahumada,N/A,N/A,N/A,N/A
774,Ahumada,Otoclean 10 % x 10 mL Solucion Para Gotas Oticas,86383,11245.00,11245.00
775,Ahumada,Otoclean 10 % x 10 mL Solucion Para Gotas Oticas,86383,11245.00,11245.00
776,Ahumada,Otoclean 10 % x 10 mL Solucion Para Gotas Oticas,86383,11245.00,11245.00
777,Ahumada,Elite Pack Pa\u00f1uelo Desechable Familiar x 1 Pack,81841,3199.00,3199.00
778,Ahumada,Elite Pack Pa\u00f1uelo Desechable Familiar x 1 Pack,81841,3199.00,3199.00
779,Ahumada,"Sayana Press 104 mg\/0,65 mL x 1 Dosis Suspensi\u00f3n Inyectable",86572,57895.00,57895.00
780,Ahumada,N/A,N/A,N/A,N/A
781,Ahumada,N/A,N/A,N/A,N/A
782,Ahumada,Metorene 50 mg x 30 Comprimidos,79185,11295.00,11295.00
