,Farmacia,Producto,SKU,Normal,Oferta
0,Ahumada,Avene Protector Solar Flu\u00eddo Sin Color Ultra-Matificante 50 + x 50 mL,85657,18999.00,18999.00
1,Ahumada,Avene Autobronceador Hidratante Cara Y Cuerpo x 100 mL,48079,17699.00,17699.00
2,Ahumada,Avene Protector Solar Flu\u00eddo Sin Color Ultra-Matificante 50 + x 50 mL,85657,18999.00,18999.00
3,Ahumada,Avene Protector Solar Cleanance SPF 50+ Pieles Grasas Con Imperfecciones x 50 mL,85655,19799.00,19799.00
4,Ahumada,PROTECTOR SOLAR KIDS SPRAY EUCERIN FPS 50+ 200 ML,65734,16699.00,16699.00
5,Ahumada,N/A,N/A,N/A,N/A
6,Ahumada,N/A,N/A,N/A,N/A
7,Ahumada,Test Covid Antigeno Nasal Kit X 5 Test,90041,49995.00,49995.00
8,Ahumada,Test Covid Antigeno Nasal Kit X 5 Test,90041,49995.00,49995.00
9,Ahumada,N/A,N/A,N/A,N/A
10,Ahumada,Shot C Vitamina C y Zinc x 30 Capsulas,88680,6995.00,6995.00
11,Ahumada,Shot C Vitamina C y Zinc x 30 Capsulas,88680,6995.00,6995.00
12,Ahumada,N/A,N/A,N/A,N/A
13,Ahumada,N/A,N/A,N/A,N/A
14,Ahumada,N/A,N/A,N/A,N/A
15,Ahumada,N/A,N/A,N/A,N/A
16,Ahumada,N/A,N/A,N/A,N/A
17,Ahumada,N/A,N/A,N/A,N/A
18,Ahumada,N/A,N/A,N/A,N/A
19,Ahumada,Alledryl-D 5\/120 mg x 20 C\u00e1psulas con Gr\u00e1nulos de Liberaci\u00f3n Prolongada,44771,12895.00,12895.00
20,Ahumada,PROTECTOR SOLAR FACIAL GEL CREMA OIL CONTROL FPS 50+ 50ML ,79924,18099.00,18099.00
21,Ahumada,N/A,N/A,N/A,N/A
22,Ahumada,N/A,N/A,N/A,N/A
23,Ahumada,N/A,N/A,N/A,N/A
24,Ahumada,N/A,N/A,N/A,N/A
25,Ahumada,N/A,N/A,N/A,N/A
26,Ahumada,Avene Agua Termal Spray x 300 mL,17793,15899.00,15899.00
27,Ahumada,Avene Agua Termal Spray x 300 mL,17793,15899.00,15899.00
28,Ahumada,Avene Agua Termal Spray x 300 mL,17793,15899.00,15899.00
29,Ahumada,Avene Agua Termal Spray x 300 mL,17793,15899.00,15899.00
30,Ahumada,BOOSTER ANTI EDAD EUCERIN HYALURON FILLER VITAMINA C 8ML,87916,16799.00,16799.00
31,Ahumada,Inflader 20 mg x 30 C\u00e1psulas Blandas,72725,36595.00,36595.00
32,Ahumada,Preservativo Skyn Large X 6,89068,9295.00,9295.00
33,Ahumada,N/A,N/A,N/A,N/A
34,Ahumada,N/A,N/A,N/A,N/A
35,Ahumada,N/A,N/A,N/A,N/A
36,Ahumada,N/A,N/A,N/A,N/A
37,Ahumada,N/A,N/A,N/A,N/A
38,Ahumada,Brz Crema Spf 30 Leblon Bronceador 190gr,88504,7299.00,7299.00
39,Ahumada,N/A,N/A,N/A,N/A
40,Ahumada,N/A,N/A,N/A,N/A
41,Ahumada,N/A,N/A,N/A,N/A
42,Ahumada,Accu-Chek Softclix x 25 Lancetas,82138,5995.00,5995.00
43,Ahumada,Pack P. Dent. Aquafresh Advan. 2un.,83811,3599.00,3599.00
44,Ahumada,Boost Powder Senior Coffee Milk 370gr,86710,10095.00,10095.00
45,Ahumada,Bion 3 x 30 Comprimidos Recubiertos,38354,10795.00,10795.00
46,Ahumada,Antiax x 6 Comprimidos Masticables,76231,2695.00,2695.00
47,Ahumada,Pharmaton Mujer 30comp,89254,14295.00,14295.00
48,Ahumada,Bion 3 x 30 Comprimidos Recubiertos,38354,10795.00,10795.00
49,Ahumada,"Centrum Mujer, multivitam\u00ednico, frasco x30 comprimidos",81111,14995.00,14995.00
50,Ahumada,Sal de Fruta Eno Limon  x 100 g Polvo Efervescente,8598,3795.00,3795.00
51,Ahumada,Botanics Contorno De Ojos Roll On All Bright x 15 mL,81196,12499.00,12499.00
52,Ahumada,Ducray Acondicionador Anaphase+ Fuerza x 200 mL,84819,11799.00,11799.00
53,Ahumada,BOOSTER ANTI EDAD EUCERIN HYALURON FILLER VITAMINA C 8ML,87916,16799.00,16799.00
54,Ahumada,Garnier Agua Micelar Express Aclara x 400 mL,87858001,4999.00,4999.00
55,Ahumada,CREMA CORPORAL NIVEA MILK NUTRITIVA PIEL EXTRA SECA 1000ML,80879,7999.00,7999.00
56,Ahumada,No 7 Base Stay Perfect Calico x 30 mL,81233009,21999.00,21999.00
57,Ahumada,Nutrisse Cor Intensa Tintura 8.1 Rubio Claro Ceniza x 1 Unidad,72894019,2899.00,2899.00
58,Ahumada,Pielarmina Crema Manos Casta\u00f1a x 80 g,83570,1999.00,1999.00
59,Ahumada,Revie Shampoo Regeneraci\u00f3n Profunda 350ml,89015,4799.00,4799.00
60,Ahumada,Sedal Crema Para Peinar Rizos Definidos x 300 mL,81782,2399.00,2399.00
61,Ahumada,Soap & Glory Polvo Compacto One Heck Of A Blot x 1 Unidad,81172002,12999.00,12999.00
62,Ahumada,Elcal Flex X 30 Sobres,89110,23595.00,23595.00
63,Ahumada,"Centrum Mujer, multivitam\u00ednico, frasco x30 comprimidos",81111,14995.00,14995.00
64,Ahumada,Bion 3 x 30 Comprimidos Recubiertos,38354,10795.00,10795.00
65,Ahumada,Ensure Vainilla x 850 g Polvo,78697,20495.00,20495.00
66,Ahumada,Boost Powder Senior Coffee Milk 370gr,86710,10095.00,10095.00
67,Ahumada,Suerox Bebida Naranja x 630 mL,87943,2645.00,2645.00
68,Ahumada,Bebida Electrolit Hidrat. Uva 625ml,90032,2295.00,2295.00
69,Ahumada,Sal de Fruta Eno Limon  x 100 g Polvo Efervescente,8598,3795.00,3795.00
70,Ahumada,Elcal Flex X 30 Sobres,89110,23595.00,23595.00
71,Ahumada,Glucerna Vainilla x 850 g Polvo Para Suspensi\u00f3n Oral,86119,20495.00,20495.00
72,Ahumada,Antiax x 6 Comprimidos Masticables,76231,2695.00,2695.00
73,Ahumada,Kitadol 1 g x 18 Comprimidos,66871,8395.00,8395.00
74,Ahumada,BOOSTER ANTI EDAD EUCERIN HYALURON FILLER VITAMINA C 8ML,87916,16799.00,16799.00
75,Ahumada,Pack P. Dent. Aquafresh Advan. 2un.,83811,3599.00,3599.00
76,Ahumada,"Loreal Serum Rellenador Revitalift 1,5% \u00c1cido Hialur\u00f3nico x 30 mL",87900001,11999.00,11999.00
77,Ahumada,Similac Formula Etapa 3 x 900 g,77922,12599.00,12599.00
78,Ahumada,Pack P. Dent. Aquafresh Advan. 2un.,83811,3599.00,3599.00
79,Ahumada,Avene Agua Termal Spray x 300 mL,17793,15899.00,15899.00
80,Ahumada,Avene Agua Termal Spray x 300 mL,17793,15899.00,15899.00
81,Ahumada,Avene Agua Termal Spray x 300 mL,17793,15899.00,15899.00
82,Ahumada,Avene Agua Termal Spray x 300 mL,17793,15899.00,15899.00
83,Ahumada,Ducray Tratamiento Anacaps Activ+ x 30 C\u00e1psulas,80526,17999.00,17999.00
84,Ahumada,Isdin Gel Crema Acniben\u00ae Repair Hidratante Aliviante Y Reparador x 40 mL,48326,16499.00,16499.00
85,Ahumada,La Roche Posay Protector Anthielios Shaka Fluide FPS +50 x 50 mL,87025,21699.00,21699.00
86,Ahumada,Uriage Desodorante Roll On Power3 x 50 mL,87649,9499.00,9499.00
87,Ahumada,Protector Solar Vichy Capital Soleil Uv Age Fpd 50 40ml,89289,21799.00,21799.00
88,Ahumada,Garnier Loci\u00f3n Micelar En Aceite x 400 mL,83567,6499.00,6499.00
89,Ahumada,Nutrex Lipo 6 UC Her x 60 C\u00e1psulas,83916,34995.00,34995.00
90,Ahumada,No 7 Crema Lift & Luminate Triple Acci\u00f3n Noche x 50 mL,81311,20899.00,20899.00
91,Ahumada,N/A,N/A,N/A,N/A
92,Ahumada,Soap & Glory Exfoliante Corporal Sugar Crush x 300 mL,81167003,12899.00,12899.00
93,Ahumada,Pack Vichy Neovadiol Dia 50ml,90170,31199.00,31199.00
94,Ahumada,Pack Eucerin Ap Srm+Mini N Ap+Mini Sunpc,90146,37999.00,37999.00
95,Ahumada,Hawaiian Tropic Loci\u00f3n De Protector Solar FPS 50+ Y Aceite Bronceador SPF 15 x 1 Pack,82466,13599.00,13599.00
96,Ahumada,Pack Navidad Gold Cicatricure\u00a0 1un,88876,31299.00,31299.00
97,Ahumada,EST.LUBRIDERM CREMA 200+CP120,69571,5449.00,5449.00
98,Ahumada,AB DIAV EST VP+DEO A.BANDERAS 2UN,88892,10799.00,10799.00
99,Ahumada,Shakira Dance Edt 50ml + Bl75 Ml,90156,15699.00,15699.00
100,Ahumada,Gillette Repuesto Skinguard Sensitive x 2 Unidades,87640,8299.00,8299.00
101,Ahumada,Gillette Aftershave Wave x 100 mL,2009,10599.00,10599.00
102,Ahumada,Pack Nivea Q10 Dia 50ml + Noche 50ml,90102,11999.00,11999.00
103,Ahumada,Pack Eucerin Ap Srm+Mini N Ap+Mini Sunpc,90146,37999.00,37999.00
104,Ahumada,"Loreal Serum Rellenador Revitalift 1,5% \u00c1cido Hialur\u00f3nico x 30 mL",87900001,11999.00,11999.00
105,Ahumada,Pack Nivea Q10 Dia 50ml + Noche 50ml,90102,11999.00,11999.00
106,Ahumada,Pack Eucerin Ap Srm+Mini N Ap+Mini Sunpc,90146,37999.00,37999.00
107,Ahumada,Loreal Crema Revitalift Acido Hialur\u00f3nico Contorno Ojos x 15 mL,86904,10599.00,10599.00
108,Ahumada,Pediasure Complete Chocolate x 900 g Polvo,72810,20695.00,20695.00
109,Ahumada,"Loreal Serum Rellenador Revitalift 1,5% \u00c1cido Hialur\u00f3nico x 30 mL",87900001,11999.00,11999.00
110,Ahumada,Maybelline M\u00e1scara De Pesta\u00f1as Big Shot Waterproof x 9 mL,83713002,8499.00,8499.00
111,Ahumada,"Loreal Serum Rellenador Revitalift 1,5% \u00c1cido Hialur\u00f3nico x 30 mL",87900001,11999.00,11999.00
112,Ahumada,lubriderm\u00ae piel normal x 750 ml,47100,7399.00,7399.00
113,Ahumada,Goicoechea Crema Diabet TX Plus 10% Urea x 250 g,86467,11799.00,11799.00
114,Ahumada,N/A,N/A,N/A,N/A
115,Ahumada,Crema Neutrogena Bright Boost 50ml,89933,11999.00,11999.00
116,Ahumada,Enjuague Bucal Phb Fresh Care 500ml,89982,5599.00,5599.00
117,Ahumada,Pack P. Dent. Aquafresh Advan. 2un.,83811,3599.00,3599.00
118,Ahumada,ESMALTE XTREME WEAR LACEY LILAC SALLY HANSEN,77946002,3199.00,3199.00
119,Ahumada,Rexona Desodorante Clinical Soft Solid Men x 48 g,64466,5499.00,5499.00
120,Ahumada,Bronc. Accelerator Australian Gold 100ml,90020,7299.00,7299.00
121,Ahumada,BOOSTER ANTI EDAD EUCERIN HYALURON FILLER VITAMINA C 8ML,87916,16799.00,16799.00
122,Ahumada,Elmex Enjuague Bucal Sensitive x 400 mL,87645,7799.00,7799.00
123,Ahumada,Corega Ultra Crema Sin Sabor x 70 g,81085,15099.00,15099.00
124,Ahumada,Avent Mamadera anti c\u00f3licos x 330 mL,40924,12699.00,12699.00
125,Ahumada,Isdin Fotoprotector Fusion Water Sin Color SPF 50 Daily Protection x 50 mL,88481,19299.00,19299.00
126,Ahumada,La Roche Posay Protector Solar Spray Anthelios Shaka Adultos FPS 50+ x 200 mL,88406,21099.00,21099.00
127,Ahumada,PROTECTOR SOLAR FACIAL GEL CREMA OIL CONTROL FPS 50+ 50ML ,79924,18099.00,18099.00
128,Ahumada,Pampers Premium Care G 9-13 kg x 148 Unidad,87193,37899.00,37899.00
129,Ahumada,"Pa\u00f1al Merries  Premium, L 36 Unidades",89844,13349.00,13349.00
130,Ahumada,"Nido 1+ Sin Lactosa 1,56k",89470,15999.00,15999.00
131,Ahumada,Pa\u00f1al babysec super premium Grande 68 Unidades,88969,23299.00,23299.00
132,Ahumada,Crema Dep Facial Boots Smoothcare 40ml,88570,4399.00,4399.00
133,Ahumada,Huggies Pa\u00f1al Natural Care XG x 56 Unidades,81787005,24299.00,24299.00
134,Ahumada,N/A,N/A,N/A,N/A
135,Ahumada,Boost Powder Senior Coffee Milk 370gr,86710,10095.00,10095.00
136,Ahumada,Bion 3 x 30 Comprimidos Recubiertos,38354,10795.00,10795.00
137,Ahumada,Antiax x 6 Comprimidos Masticables,76231,2695.00,2695.00
138,Ahumada,Pharmaton Mujer 30comp,89254,14295.00,14295.00
139,Ahumada,"Centrum Mujer, multivitam\u00ednico, frasco x30 comprimidos",81111,14995.00,14995.00
140,Ahumada,Bion 3 x 30 Comprimidos Recubiertos,38354,10795.00,10795.00
141,Ahumada,Repelex Kids x 80 g Crema,87463,6095.00,6095.00
142,Ahumada,N/A,N/A,N/A,N/A
143,Ahumada,N/A,N/A,N/A,N/A
144,Ahumada,N/A,N/A,N/A,N/A
145,Ahumada,N/A,N/A,N/A,N/A
146,Ahumada,N/A,N/A,N/A,N/A
147,Ahumada,N/A,N/A,N/A,N/A
148,Ahumada,N/A,N/A,N/A,N/A
149,Ahumada,N/A,N/A,N/A,N/A
150,Ahumada,N/A,N/A,N/A,N/A
151,Ahumada,N/A,N/A,N/A,N/A
152,Ahumada,N/A,N/A,N/A,N/A
153,Ahumada,N/A,N/A,N/A,N/A
154,Ahumada,N/A,N/A,N/A,N/A
155,Ahumada,N/A,N/A,N/A,N/A
156,Ahumada,N/A,N/A,N/A,N/A
157,Ahumada,N/A,N/A,N/A,N/A
158,Ahumada,N/A,N/A,N/A,N/A
159,Ahumada,N/A,N/A,N/A,N/A
160,Ahumada,N/A,N/A,N/A,N/A
161,Ahumada,N/A,N/A,N/A,N/A
162,Ahumada,N/A,N/A,N/A,N/A
163,Ahumada,N/A,N/A,N/A,N/A
164,Ahumada,N/A,N/A,N/A,N/A
165,Ahumada,N/A,N/A,N/A,N/A
166,Ahumada,N/A,N/A,N/A,N/A
167,Ahumada,N/A,N/A,N/A,N/A
168,Ahumada,N/A,N/A,N/A,N/A
169,Ahumada,N/A,N/A,N/A,N/A
170,Ahumada,N/A,N/A,N/A,N/A
171,Ahumada,N/A,N/A,N/A,N/A
172,Ahumada,N/A,N/A,N/A,N/A
173,Ahumada,N/A,N/A,N/A,N/A
174,Ahumada,N/A,N/A,N/A,N/A
175,Ahumada,N/A,N/A,N/A,N/A
176,Ahumada,N/A,N/A,N/A,N/A
177,Ahumada,N/A,N/A,N/A,N/A
178,Ahumada,N/A,N/A,N/A,N/A
179,Ahumada,N/A,N/A,N/A,N/A
180,Ahumada,N/A,N/A,N/A,N/A
181,Ahumada,N/A,N/A,N/A,N/A
182,Ahumada,N/A,N/A,N/A,N/A
183,Ahumada,N/A,N/A,N/A,N/A
184,Ahumada,N/A,N/A,N/A,N/A
185,Ahumada,N/A,N/A,N/A,N/A
186,Ahumada,N/A,N/A,N/A,N/A
187,Ahumada,N/A,N/A,N/A,N/A
188,Ahumada,N/A,N/A,N/A,N/A
189,Ahumada,N/A,N/A,N/A,N/A
190,Ahumada,N/A,N/A,N/A,N/A
191,Ahumada,N/A,N/A,N/A,N/A
192,Ahumada,N/A,N/A,N/A,N/A
193,Ahumada,N/A,N/A,N/A,N/A
194,Ahumada,N/A,N/A,N/A,N/A
195,Ahumada,N/A,N/A,N/A,N/A
196,Ahumada,N/A,N/A,N/A,N/A
197,Ahumada,N/A,N/A,N/A,N/A
198,Ahumada,N/A,N/A,N/A,N/A
199,Ahumada,N/A,N/A,N/A,N/A
200,Ahumada,N/A,N/A,N/A,N/A
201,Ahumada,N/A,N/A,N/A,N/A
202,Ahumada,N/A,N/A,N/A,N/A
203,Ahumada,N/A,N/A,N/A,N/A
204,Ahumada,N/A,N/A,N/A,N/A
205,Ahumada,N/A,N/A,N/A,N/A
206,Ahumada,N/A,N/A,N/A,N/A
207,Ahumada,N/A,N/A,N/A,N/A
208,Ahumada,N/A,N/A,N/A,N/A
209,Ahumada,N/A,N/A,N/A,N/A
210,Ahumada,N/A,N/A,N/A,N/A
211,Ahumada,N/A,N/A,N/A,N/A
212,Ahumada,N/A,N/A,N/A,N/A
213,Ahumada,N/A,N/A,N/A,N/A
214,Ahumada,N/A,N/A,N/A,N/A
215,Ahumada,N/A,N/A,N/A,N/A
216,Ahumada,N/A,N/A,N/A,N/A
217,Ahumada,N/A,N/A,N/A,N/A
218,Ahumada,N/A,N/A,N/A,N/A
219,Ahumada,N/A,N/A,N/A,N/A
220,Ahumada,N/A,N/A,N/A,N/A
221,Ahumada,N/A,N/A,N/A,N/A
222,Ahumada,N/A,N/A,N/A,N/A
223,Ahumada,N/A,N/A,N/A,N/A
224,Ahumada,N/A,N/A,N/A,N/A
225,Ahumada,N/A,N/A,N/A,N/A
226,Ahumada,N/A,N/A,N/A,N/A
227,Ahumada,N/A,N/A,N/A,N/A
228,Ahumada,N/A,N/A,N/A,N/A
229,Ahumada,N/A,N/A,N/A,N/A
230,Ahumada,N/A,N/A,N/A,N/A
231,Ahumada,N/A,N/A,N/A,N/A
232,Ahumada,N/A,N/A,N/A,N/A
233,Ahumada,N/A,N/A,N/A,N/A
234,Ahumada,N/A,N/A,N/A,N/A
235,Ahumada,N/A,N/A,N/A,N/A
236,Ahumada,N/A,N/A,N/A,N/A
237,Ahumada,N/A,N/A,N/A,N/A
238,Ahumada,N/A,N/A,N/A,N/A
239,Ahumada,N/A,N/A,N/A,N/A
240,Ahumada,N/A,N/A,N/A,N/A
241,Ahumada,N/A,N/A,N/A,N/A
242,Ahumada,N/A,N/A,N/A,N/A
243,Ahumada,N/A,N/A,N/A,N/A
244,Ahumada,N/A,N/A,N/A,N/A
245,Ahumada,N/A,N/A,N/A,N/A
246,Ahumada,N/A,N/A,N/A,N/A
247,Ahumada,N/A,N/A,N/A,N/A
248,Ahumada,N/A,N/A,N/A,N/A
249,Ahumada,N/A,N/A,N/A,N/A
250,Ahumada,N/A,N/A,N/A,N/A
251,Ahumada,N/A,N/A,N/A,N/A
252,Ahumada,N/A,N/A,N/A,N/A
253,Ahumada,N/A,N/A,N/A,N/A
254,Ahumada,N/A,N/A,N/A,N/A
255,Ahumada,N/A,N/A,N/A,N/A
256,Ahumada,N/A,N/A,N/A,N/A
257,Ahumada,N/A,N/A,N/A,N/A
258,Ahumada,N/A,N/A,N/A,N/A
259,Ahumada,N/A,N/A,N/A,N/A
260,Ahumada,N/A,N/A,N/A,N/A
261,Ahumada,N/A,N/A,N/A,N/A
262,Ahumada,N/A,N/A,N/A,N/A
263,Ahumada,N/A,N/A,N/A,N/A
264,Ahumada,N/A,N/A,N/A,N/A
265,Ahumada,N/A,N/A,N/A,N/A
266,Ahumada,N/A,N/A,N/A,N/A
267,Ahumada,N/A,N/A,N/A,N/A
268,Ahumada,N/A,N/A,N/A,N/A
269,Ahumada,N/A,N/A,N/A,N/A
270,Ahumada,N/A,N/A,N/A,N/A
271,Ahumada,N/A,N/A,N/A,N/A
272,Ahumada,N/A,N/A,N/A,N/A
273,Ahumada,N/A,N/A,N/A,N/A
274,Ahumada,N/A,N/A,N/A,N/A
275,Ahumada,N/A,N/A,N/A,N/A
276,Ahumada,N/A,N/A,N/A,N/A
277,Ahumada,N/A,N/A,N/A,N/A
278,Ahumada,N/A,N/A,N/A,N/A
279,Ahumada,N/A,N/A,N/A,N/A
280,Ahumada,N/A,N/A,N/A,N/A
281,Ahumada,N/A,N/A,N/A,N/A
282,Ahumada,N/A,N/A,N/A,N/A
283,Ahumada,N/A,N/A,N/A,N/A
284,Ahumada,N/A,N/A,N/A,N/A
285,Ahumada,N/A,N/A,N/A,N/A
286,Ahumada,N/A,N/A,N/A,N/A
287,Ahumada,N/A,N/A,N/A,N/A
288,Ahumada,N/A,N/A,N/A,N/A
289,Ahumada,N/A,N/A,N/A,N/A
290,Ahumada,N/A,N/A,N/A,N/A
291,Ahumada,N/A,N/A,N/A,N/A
292,Ahumada,N/A,N/A,N/A,N/A
293,Ahumada,N/A,N/A,N/A,N/A
294,Ahumada,N/A,N/A,N/A,N/A
295,Ahumada,N/A,N/A,N/A,N/A
296,Ahumada,N/A,N/A,N/A,N/A
297,Ahumada,N/A,N/A,N/A,N/A
298,Ahumada,N/A,N/A,N/A,N/A
299,Ahumada,N/A,N/A,N/A,N/A
300,Ahumada,N/A,N/A,N/A,N/A
301,Ahumada,N/A,N/A,N/A,N/A
302,Ahumada,N/A,N/A,N/A,N/A
303,Ahumada,N/A,N/A,N/A,N/A
304,Ahumada,N/A,N/A,N/A,N/A
305,Ahumada,N/A,N/A,N/A,N/A
306,Ahumada,Donnasept Toalla Higienica Buenas Noches x 8 Unidades,9028,1799.00,1799.00
307,Ahumada,Vichy Base Dermablend Sand 34 x 30 mL,81874003,28499.00,28499.00
308,Ahumada,Betina 24 mg x 30 Comprimidos,81428,34595.00,34595.00
309,Ahumada,Colgate Pack Cepillo Dental Slim Soft Black Suave x 1 Pack,83781,6849.00,6849.00
310,Ahumada,Ciruelax  x 600 g Jalea,6435,7795.00,7795.00
311,Ahumada,La Roche-Posay Lipikar Baume AP+M Tratamiento Relipidizante Para Pieles Secas Y At\u00f3picas x 400 mL,88124,27399.00,27399.00
312,Ahumada,Elcal 320 mg x 30 Capsulas,6958,11795.00,11795.00
313,Ahumada,Cetaphil Pro AD\/Limpiador Restoraderm x 295 mL,70682,25599.00,25599.00
314,Ahumada,Ap\u00f3sitos Transparentes Tegaderm 10x12cms,6159,14695.00,14695.00
315,Ahumada,Cachantun Bebida Botella Sin Gas x 500 mL,17487,1149.00,1149.00
316,Ahumada,Congestex x 10 C\u00e1psulas,4746,10795.00,10795.00
317,Ahumada,Knop Arnika Sport x 75 mL Spray,86849,6095.00,6095.00
318,Ahumada,Lovastatina 20 mg x 28 Comprimidos,16247,2195.00,2195.00
319,Ahumada,Sedal Acondicionador Pureza Refrescante x 340 mL,81694010,2949.00,2949.00
320,Ahumada,Talco Fittig x 100 g Polvo Dermico,7972,6095.00,6095.00
321,Ahumada,Lip Ice Menthol Labial FPS 15 Manzana x 1 Balsamo Labial,63113,3699.00,3699.00
322,Ahumada,Vichy Tratamiento Normaderm Phytosolution Doble Acci\u00f3n x 50 mL,87021,20399.00,20399.00
323,Ahumada,Alflorex x 30 C\u00e1psulas,85462,25195.00,25195.00
324,Ahumada,Tampax Pearl Tampon Regular x 8 Unidades,84811,3399.00,3399.00
325,Ahumada,GEL FACIAL EUCERIN HYALURON FILLER HYDRATING BOOSTER 30ML,87917,16099.00,16099.00
326,Ahumada,Veet Cera Depilatoria Corporal Piel Sensible x 12 Unidades,49213,7599.00,7599.00
327,Ahumada,Antabus 500 mg x 24 Comprimidos,5204,33595.00,33595.00
328,Ahumada,"Diclofenaco Sodico 1,5 % x 20 mL Suspensi\u00f3n Oral Para Gotas",82057,5195.00,5195.00
329,Ahumada,"Hair, Skin & Nails Formula x 60 Capsulas",47155,15895.00,15895.00
330,Ahumada,Eutirox 112 mcg x 50 Comprimidos,63872,15395.00,15395.00
331,Ahumada,Nutrisse Cor Intensa Tintura 6.7 Chocolate x 113 g,72894017,2899.00,2899.00
332,Ahumada,Sebolic Jabon x 100 g Barra,28833,11895.00,11895.00
333,Ahumada,Corodin D Forte x 30 Comprimidos Recubiertos,41553,29195.00,29195.00
334,Ahumada,Veet Crema Depilatoria Spa Piel Sensible x 150 mL,65670,11899.00,11899.00
335,Ahumada,Nitrofurantoina Macrocristales 100 mg x 10 Capsulas,86341,2495.00,2495.00
336,Ahumada,Herbal Essences Acondicionador Brillance Camomilla x 400 mL,82623001,4549.00,4549.00
337,Ahumada,enjuague bucal listerine\u00ae control sarro zero alcohol x500 ml,85494,7499.00,7499.00
338,Ahumada,Jean Les Pins Colonia Fresh Green Con Atomizador x 100 mL,61688004,3899.00,3899.00
339,Ahumada,enjuague bucal listerine\u00ae cool mint zero alcohol x 1 lt,76374,7799.00,7799.00
340,Ahumada,Colgate Enjuague Bucal Periogard X 250 Ml,61154,7999.00,7999.00
341,Ahumada,Loreal Crema Age Perfect Renovacion Celular Noche x 50 mL,76595,17099.00,17099.00
342,Ahumada,Celtium 10 mg x 30 Comprimidos Recubiertos,45190,28195.00,28195.00
343,Ahumada,"Bisopril 2,5 mg x 30 Comprimidos Recubiertos",73283,14495.00,14495.00
344,Ahumada,Trioval Dia Y Noche X 20 Comprimidos Recubiertos,14684,7795.00,7795.00
345,Ahumada,Qlaira x 28 Comprimidos Recubiertos,70582,27395.00,27395.00
346,Ahumada,Dahlia x 28 Comprimidos Recubiertos,48728,24395.00,24395.00
347,Ahumada,Botanics Loci\u00f3n T\u00f3nico Suave Organic x 250 mL,81207,9599.00,9599.00
348,Ahumada,Cetaphil Demopediatrics Espuma x 250 mL,80668,14299.00,14299.00
349,Ahumada,No 7 Base Con Serum Lift & Luminate Cool Vanilla x 1 Unidad,85078002,28599.00,28599.00
350,Ahumada,Cefuroxima 500 mg x 14 Comprimidos Recubiertos,87468,39845.00,39845.00
351,Ahumada,Cachantun Bebida Botella Suavemente Gasificada x 500 mL,17461,1549.00,1549.00
352,Ahumada,Antonio Banderas Eau de Toilette The Golden Secret x 50 mL,71409,15099.00,15099.00
353,Ahumada,Corega Ultra Crema Sin Sabor x 20 g,70547,6499.00,6499.00
354,Ahumada,Soap & Glory Crema Locion Corporal Tropical x 500 mL,81129004,12999.00,12999.00
355,Ahumada,Fructis Shampoo Aloe Hidra Bomb x 350 mL,75592004,3199.00,3199.00
356,Ahumada,Viadil Forte 10 mg\/mL x 15 mL Soluci\u00f3n Oral Para Gotas,29028,7995.00,7995.00
357,Ahumada,Supracalm 1 g x 20 Comprimidos Recubiertos,40572,10495.00,10495.00
358,Ahumada,Perenteryl 250 mg x 10 C\u00e1psulas,77177,13495.00,13495.00
359,Ahumada,CREMA MULTIPROPOSITO NIVEA SOFT MIX IT OASIS 50ML,86252001,4399.00,4399.00
360,Ahumada,Euromicina 500 mg x 20 Comprimidos Recubiertos,42301,30995.00,30995.00
361,Ahumada,Bi-O Desodorante Barra Masculino Invisible x 50 mL,83262003,3299.00,3299.00
362,Ahumada,Always Toalla Higienica Infinity FlexFoam Regular Con Alas x 18 Unidades,86286,3999.00,3999.00
363,Ahumada,La Roche Posay Gel Crema Lipikar Syndet x 400 mL,44038,18099.00,18099.00
364,Ahumada,Schick Pack 2 Maquinas De Afeitar Xtreme3 Afeitado Mujer Piel Delicada x 1 Pack,41761,3399.00,3399.00
365,Ahumada,Speed Stick Desodorante Barra Fresh x 50 g,32159007,3449.00,3449.00
366,Ahumada,Boots Exfoliante Facial Cucumber x 1 Unidad,86744,4649.00,4649.00
367,Ahumada,Bentley Lubricante Intimo Control! x 50 g Gel Vaginal,87491,4895.00,4895.00
368,Ahumada,Accu-Chek Guide x 25 Tiras,88240,39095.00,39095.00
369,Ahumada,Hipoglucin LP 1000 mg x 30 Comprimidos Recubiertos Liberaci\u00f3n Prolongada,70217,15495.00,15495.00
370,Ahumada,Aquavis Multiproposito Lentes Blandos x 360 mL Soluci\u00f3n,78740,8295.00,8295.00
371,Ahumada,Nasonex 50 mcg\/dosis x 280 mL Suspensi\u00f3n Nasal Para Nebulizacion,75303,30445.00,30445.00
372,Ahumada,Launol x 60 mL Loci\u00f3n T\u00f3pica,269,7795.00,7795.00
373,Ahumada,Vitis Cepillo Dental Monotip x 1 Unidad,16903,4749.00,4749.00
374,Ahumada,PACK 2X DESODORANTE SPRAY NIVEA ACLARADO NATURAL 150ML,85997,4599.00,4599.00
375,Ahumada,DESODORANTE SPRAY NIVEA BLACK & WHITE TOQUE DE SEDA 150ML,86574,3249.00,3249.00
376,Ahumada,Opti-Free Express x 120 mL,46683,6195.00,6195.00
377,Ahumada,"Anuar 2 mg\/0,035 mg x 21 Comprimidos Recubiertos",12329,20095.00,20095.00
378,Ahumada,Bi-O Desodorante Spray Clarify Femenino x 150 mL,66676,3099.00,3099.00
379,Ahumada,PACK 2X DESODORANTE SPRAY NIVEA MEN SENSITIVE PROTECT 150ML,78458001,4599.00,4599.00
380,Ahumada,Hipoglos x 20 g Pomada,65598,4295.00,4295.00
381,Ahumada,Cefadroxilo 500 mg x 8 C\u00e1psulas,500,1995.00,1995.00
382,Ahumada,Lubriderm Piel Normal x 946 mL,88205,6749.00,6749.00
383,Ahumada,Picoprep x 2 Sachets Polvo Para Soluci\u00f3n Oral,80825,24995.00,24995.00
384,Ahumada,St Ives Crema Avena Y Karite x 1000 mL,68120,7399.00,7399.00
385,Ahumada,Ciclomex CD x 28 Comprimidos Recubiertos,69955,17395.00,17395.00
386,Ahumada,Kombiglyze XR 5 mg\/1000 mg x 28 Comprimidos Recubiertos de Liberaci\u00f3n Extendida,73452,55095.00,55095.00
387,Ahumada,Avene Eau Thermale Crema Contorno De Ojos A-Oxitive x 15 mL,87788,29299.00,29299.00
388,Ahumada,Perfume Antonio Banderas Blue Seduction EDT Hombre,86976,25999.00,25999.00
389,Ahumada,Ducray Shampoo Tratamiento Fisioprotector Sensinol x 200 mL,81414,10999.00,10999.00
390,Ahumada,Banana Boat Protector Solar Spray Adavanced Protection Sport FPS 50 x 170 g,87176,9499.00,9499.00
391,Ahumada,Isdin Gel Facial Glicoisdin\u00ae 15 Antiedad x 50 mL,50189,33599.00,33599.00
392,Ahumada,Loreal Crema Hidra Total 5 Colageno 35 x 50 mL,82003,5399.00,5399.00
393,Ahumada,La Roche Posay Protector Anthielios Shaka Fluide FPS +50 x 50 mL,87025,21699.00,21699.00
394,Ahumada,Sedal Acondicionador Rizos Definidos x 340 mL,81694007,2949.00,2949.00
395,Ahumada,Speed Stick Desodorante Barra Antitranspirante 24\/7 Extra x 50 g,67081,3449.00,3449.00
396,Ahumada,Pepsodent Pack Cepillo Dental Bamboo Soft x 1 Pack,86523,3649.00,3649.00
397,Ahumada,ESMALTE XTREME WEAR REBEL RED SALLY HANSEN,87232006,2999.00,2999.00
398,Ahumada,Petrizzio Agua Micelar x 238 mL,84187,4199.00,4199.00
399,Ahumada,Nutrisse Cor Intensa Tintura 5.0 Casta\u00f1o Claro x 1 Unidad,72894009,2899.00,2899.00
400,Ahumada,Pepsodent Tripack Minipep 50 g x 1 Pack,76511,3749.00,3749.00
401,Ahumada,Maybelline Labial Super Stay 24H Perpetual Plum x 1 Unidad,70950006,6899.00,6899.00
402,Ahumada,Antonio Banderas Eau de Toilette The Secret Con Atomizador x 200 mL,86970,25999.00,25999.00
403,Ahumada,Vichy Desodorante Stress Resist x 50 mL,87580,15299.00,15299.00
404,Ahumada,Dalgiet 2 mg x 28 Comprimidos,80612,19895.00,19895.00
405,Ahumada,Vichy Agua Micelar Mineral Piel Sensible x 400 mL,87751,16699.00,16699.00
406,Ahumada,No 7 Corrector Ojeras Instant Radiance 10 x 1 Unidad,81222001,14749.00,14749.00
407,Ahumada,Feminol x 21 Comprimidos Recubiertos,14365,15195.00,15195.00
408,Ahumada,Nosotras Protector Diario Clasico x 100 Unidades,26068,3399.00,3399.00
409,Ahumada,Bi-O Desodorante Barra Antitranspirante Toque Seco x 45 mL,82191004,3399.00,3399.00
410,Ahumada,Vitis Pasta Dental Kids Gel x 50 mL,85550,3599.00,3599.00
411,Ahumada,Dolospam x 15 Comprimidos,17655,4995.00,4995.00
412,Ahumada,Fluticort 125 mcg\/dosis x 120 Dosis Aerosol para Inhalaci\u00f3n,62615,25195.00,25195.00
413,Ahumada,Neostrata Skin Active Cellular Restoration x 50 g Crema Restauradora Facial Noche,75901,65999.00,65999.00
414,Ahumada,Loreal Crema Revitalift Acido Hialur\u00f3nico Noche x 50 mL,86957002,10599.00,10599.00
415,Ahumada,Dualten 25 mg x 30 Comprimidos,20844,19995.00,19995.00
416,Ahumada,"Merpal D.A.L 1,8 mg\/mL x 120 mL Suspensi\u00f3n Oral",73852,10595.00,10595.00
417,Ahumada,Cutanil 1 % x 30 g Pasta T\u00f3pica,2606,11995.00,11995.00
418,Ahumada,Coxidol 120 mg x 7 Comprimidos Recubiertos,84994,13995.00,13995.00
419,Ahumada,Isdin\u00ae Fotoprotector Fusion Fluid \u00ae Color FPS 50+ x 50 mL,71366,19099.00,19099.00
420,Ahumada,Avene Serum Physiolift Suavizante x 30 mL,86730,33399.00,33399.00
421,Ahumada,Lisur 200 mg x 20 Comprimidos Recubiertos,77440,18095.00,18095.00
422,Ahumada,Ladysoft Toalla Higienica Ultra Delgada Tela Ultraseca Con Alas x 16 Unidades,49332,2599.00,2599.00
423,Ahumada,Plexus x 120 mL Jarabe,3914,13195.00,13195.00
424,Ahumada,Poem x 28 Comprimidos Recubiertos,75689,20295.00,20295.00
425,Ahumada,Tapsin Compuesto Noche 5 g x 6 Sobres Polvo Para Soluci\u00f3n Oral,84865,3495.00,3495.00
426,Ahumada,No 7 Serum Firming Booster Laboratories x 30mL,87674,22799.00,22799.00
427,Ahumada,Cetaphil Loci\u00f3n Limpiadora x 473 mL Loci\u00f3n T\u00f3pica,46716,35399.00,35399.00
428,Ahumada,Insulina Lantus Solostar 100 UI\/mL Solucion Inyectable x 1 Unidad,62526,25795.00,25795.00
429,Ahumada,"Oftavir 3 % x 3,5 g Unguento Oftalmico ",9140,30095.00,30095.00
430,Ahumada,Isdin Protector Labial FPS 50 x 4 g,87404,6099.00,6099.00
431,Ahumada,Insulina Humalog Mix 25 Kiwik Pen 100 UI\/mL Suspension Inyectable x 5 Dispositivos 3 mL,66987,73095.00,73095.00
432,Ahumada,Cerave Crema Renovadora De Pies x 88 mL,85386,12099.00,12099.00
433,Ahumada,"Maybelline M\u00e1scara The Falsies Volume Express Waterproof x 7,5 mL",69987,8299.00,8299.00
434,Ahumada,Bersen 5 mg x 20 Comprimidos,6278,5995.00,5995.00
435,Ahumada,Colgate Pasta Dental Kids Tutti Frutti x 50 g,86563,1849.00,1849.00
436,Ahumada,Speed Stick Desodorante Barra Clinical Stress Defense x 50 g,77453,6199.00,6199.00
437,Ahumada,Simonds Gel Antibacteriano Sin Enjuague x 75 mL,87958,1199.00,1199.00
438,Ahumada,DESODORANTE ROLL ON EUCERIN pH5 50 ML,68214,10099.00,10099.00
439,Ahumada,Pigeon Protector De Pezon x 1 Unidad,4558,8799.00,8799.00
440,Ahumada,Hawaiian Tropic Protector Solar Sheer Touch Ultra Radiance FPS 50+ x 240 mL,71461,8699.00,8699.00
441,Ahumada,Coral Colonia Natural Spray Citrik x 100 mL,81981003,4299.00,4299.00
442,Ahumada,Soap & Glory Crema Loci\u00f3n Corporal Smoothie Star x 500 mL,81129002,12999.00,12999.00
443,Ahumada,Accu-Chek Instant Cintas x 50 Unidades,84495,42695.00,42695.00
444,Ahumada,Deprax 50 mg x 60 Comprimidos Recubiertos,71373,30695.00,30695.00
445,Ahumada,Botanics Loci\u00f3n T\u00f3nico Refrescante Organic Spray x 150 mL,81186,14299.00,14299.00
446,Ahumada,Head & Shoulders Dermo-Acondicionador Hidrataci\u00f3n Aceite De Coco x 300 mL,87578,4599.00,4599.00
447,Ahumada,Dvida x 10 mL Soluci\u00f3n Oral Para Gotas,72865,19395.00,19395.00
448,Ahumada,Brevex x 20 Comprimidos Recubiertos,45188,12195.00,12195.00
449,Ahumada,Plax Kids Enjuague Bucal Bob Esponja x 250 mL,48048,5099.00,5099.00
450,Ahumada,Cortiprex 1 mg\/mL x 100 mL Suspension Oral,22551,13295.00,13295.00
451,Ahumada,Kitadol Forte x 10 Comprimidos Recubiertos,83630,2195.00,2195.00
452,Ahumada,Duofilm x 15 mL Soluci\u00f3n T\u00f3pica,3726,27395.00,27395.00
453,Ahumada,Fixodent Crema Adhesiva Dental Gum Care x 57 g,82342,15249.00,15249.00
454,Ahumada,Hipoglucin 1000 mg x 30 Comprimidos Recubiertos,43447,19195.00,19195.00
455,Ahumada,Microser 16 mg x 30 Comprimidos,49317,42095.00,42095.00
456,Ahumada,Old Spice Desodorante Barra VIP x 50 g,44346004,3299.00,3299.00
457,Ahumada,Brooks Pack Talco 220 g + Talco Spray 45 g x 1 Pack,72752,4999.00,4999.00
458,Ahumada,Oral B Enjuague Bucal Clasico x 500 mL,19587,4099.00,4099.00
459,Ahumada,"B\u00c1LSAMO LABIAL NIVEA MED REPAIR FPS 15 4,8GR",73002,3399.00,3399.00
460,Ahumada,Burts Bees Mama Bee Crema Belly Butter x 185 g,84721,18499.00,18499.00
461,Ahumada,GEL DE AFEITAR NIVEA MEN SENSITIVE 200ML,40590,7399.00,7399.00
462,Ahumada,Protector Solar EUCERIN Sun Kids Trigger Sensitive Protect FPS 50+ 300ML,87097,19899.00,19899.00
463,Ahumada,Uriage Age Protect Multi-Correcci\u00f3n Instant\u00e1nea x 15 mL,87851,27999.00,27999.00
464,Ahumada,Clinomat x 30 Comprimidos Recubiertos,49206,23095.00,23095.00
465,Ahumada,Gillette Maquina De Afeitar Desechable Mach3 Sensitive x 1 Unidad,69882,6449.00,6449.00
466,Ahumada,Maybelline Labial Super Stay 24H Keep Up The Flame x 1 Unidad,70950004,6899.00,6899.00
467,Ahumada,PHB Plus Cepillo Dental Medio x 1 Unidad,77860,4299.00,4299.00
468,Ahumada,Tigina 500 mg x 10 Comprimidos Recubiertos,63769,8595.00,8595.00
469,Ahumada,Exforge 5 mg\/80 mg x 56 Comprimidos Recubiertos,50622,73795.00,73795.00
470,Ahumada,Renu Plus Lubricante Rehumectante Lentes Blandos x 8 mL Soluci\u00f3n,44750,5295.00,5295.00
471,Ahumada,La Roche Posay Gel Effaclar x 200 mL,64538,13899.00,13899.00
472,Ahumada,Tapsin x 30 Comprimidos,88013,3395.00,3395.00
473,Ahumada,Old Spice Desodorante Barra Pure Sport x 50 g,44346001,3299.00,3299.00
474,Ahumada,Avent Mamadera anti c\u00f3licos x 330 mL,40924,12699.00,12699.00
475,Ahumada,Shampoo T\u00edo Nacho  Aclarante 415 Ml,76817002,7999.00,7999.00
476,Ahumada,Ambilan Bid 875 mg\/125 mg x 14 Comprimidos Dispersables,65076,25495.00,25495.00
477,Ahumada,Maybelline Base Fit Me Matte 228 Soft Tan x 1 Unidad,86944006,6599.00,6599.00
478,Ahumada,Uriage Cerato Relipidizante Anti Irritaci\u00f3n Xemose x 200 mL,87552,20999.00,20999.00
479,Ahumada,Colgate Pasta Dental Liga De La Justicia x 100 g,86566,3049.00,3049.00
480,Ahumada,Cymbalta 30 mg x 28 C\u00e1psulas Con Gr\u00e1nulos Con Recubrimiento Ent\u00e9rico,73109,47895.00,47895.00
481,Ahumada,Millionaire Fragancia Black Con Atomizador x 100 mL,78591,10399.00,10399.00
482,Ahumada,Isdin Loci\u00f3n Hidratante Avena Piel Sensible x 400 mL,84904,17299.00,17299.00
483,Ahumada,Nidal Formula Etapa 1 Tarro 0 A 6 Meses x 800 g,71954,13699.00,13699.00
484,Ahumada,Lip Ice Menthol Labial FPS 15 Fresa x 1 Balsamo Labial,63111,3699.00,3699.00
485,Ahumada,Loreal Desmaquillante Bif\u00e1sico x 200 mL,82004,7399.00,7399.00
486,Ahumada,"Sulix 0,4 mg x 30 C\u00e1psulas Con Gr\u00e1nulos De Liberaci\u00f3n Prolongada",62778,11995.00,11995.00
487,Ahumada,Glizflan Emulsion x 40 mL,87603,15095.00,15095.00
488,Ahumada,Dolgex Forte 200 mg\/5 mL x 120 mL Suspensi\u00f3n Oral,68707,11995.00,11995.00
489,Ahumada,On 100 % Whey Gold Extreme Milk Chocalate x 900 g Polvo,68958,34995.00,34995.00
490,Ahumada,Vitis Pasta Dental Sensible x 100 mL,80505,5249.00,5249.00
491,Ahumada,Hask Shampoo Blue Cabellos Rubios x 355 mL,84230,7999.00,7999.00
492,Ahumada,Emuline Tripack Toallitas H\u00famedas x 1 Pack,84943,4299.00,4299.00
493,Ahumada,Vitde 800 UI x 10 mL Solucion Oral Para Gotas,75195,15195.00,15195.00
494,Ahumada,Oticum x 5 mL Soluci\u00f3n Para Gotas Oticas,11393,12595.00,12595.00
495,Ahumada,Winasorb 100 mg\/mL x 25 mL Soluci\u00f3n Oral para Gotas,23339,9495.00,9495.00
496,Ahumada,Trim Removedor De Callos x 1 Unidad,85202,5749.00,5749.00
497,Ahumada,DESODORANTE SPRAY NIVEA PEARL & BEAUTY 150ML,49141,3249.00,3249.00
498,Ahumada,Brokast 60 mg\/10 mL x 120 mL Soluci\u00f3n Oral,85327,8295.00,8295.00
499,Ahumada,LOCI\u00d3N CORPORAL NIVEA ROSA & ACEITE DE ARG\u00c1N 400ML,86562002,5699.00,5699.00
500,Ahumada,Isdin\u00ae Gel Crema Fotoprotector Pediatrics FPS 50+ x 250 mL,85674,16699.00,16699.00
501,Ahumada,No 7 Gel De Limpieza Nutritivo Radiant Results x 150 mL,85064,8799.00,8799.00
502,Ahumada,Uriage Aceite Limpiador Xemose x 500 mL,87502,17799.00,17799.00
503,Ahumada,Corega Ultra Crema Adhesiva Menta x 40 g,8317,9999.00,9999.00
504,Ahumada,Botanics Exfoliante Facial All Bright x 75 mL,81180,6399.00,6399.00
505,Ahumada,Pigeon Extractor Leche Con Manilla B\u00e1sico 1 x 1 Unidad,86881,33399.00,33399.00
506,Ahumada,Muno Start x 30 Polvo en Sobres,86690,29145.00,29145.00
507,Ahumada,Pack T\u00edo Nacho Shampoo + Acondicionador Coco Ultrahidratante 415 Ml,86462,11999.00,11999.00
508,Ahumada,Loreal Crema Revitalift Acido Hialur\u00f3nico Contorno Ojos x 15 mL,86904,10599.00,10599.00
509,Ahumada,Memikare 10 mg x 30 Comprimidos Recubiertos,74246,12295.00,12295.00
510,Ahumada,Progendo 200 mg x 30 C\u00e1psulas Blandas,47245,23095.00,23095.00
511,Ahumada,Accu-Chek Instant x 25 Tiras,84496,23195.00,23195.00
512,Ahumada,Isdin\u00ae Polvo Fotoprotector Compact Matificante Bronce FPS 50+ x 10 g,80457,25599.00,25599.00
513,Ahumada,Cerave Loci\u00f3n Facial Hidratante PN x 52 mL,85413,12699.00,12699.00
514,Ahumada,spray para peinar para ni\u00f1os johnson's\u00ae gotas de brillo\u00ae x 200 ml.,82382,3599.00,3599.00
515,Ahumada,gel de limpieza facial neutrogena\u00ae ultra gentle\u00ae x 354 ml.,81398,8199.00,8199.00
516,Ahumada,DESMAQUILLANTE DE OJOS BIFASICO NIVEA 125ML,70601,5199.00,5199.00
517,Ahumada,Vivo Frutos Secos Nuts Y Semillas x 80 g,86011,2599.00,2599.00
518,Ahumada,Avent Mamadera Natural x 260 mL,40922,11199.00,11199.00
519,Ahumada,"Meloxicam 7,5 mg x 15 Comprimidos",38414,3395.00,3395.00
520,Ahumada,Nebilet 5 mg x 56 Comprimidos,82700,35795.00,35795.00
521,Ahumada,Nutrisse Cor Intensa Tintura Rubio Dorado 7.3 x 113 g,72894021,2899.00,2899.00
522,Ahumada,Maybelline Corrector Ojos Eraser 00 Ivory x 6 mL,85308003,5699.00,5699.00
523,Ahumada,EXFOLIANTE FACIAL EUCERIN DERMOPURE 100ML,79146,13799.00,13799.00
524,Ahumada,Pregalex 75 mg x 30 Comprimidos,62444,20395.00,20395.00
525,Ahumada,Elidel 1 % x 15 g Crema T\u00f3pica,36129,34195.00,34195.00
526,Ahumada,Sinasmal SF 100 mcg\/Dosis x 10 mL Aerosol Para Inhalaci\u00f3n,70239,8595.00,8595.00
527,Ahumada,La Roche Posay Anthelios Mineral One 50+ T04 x 30 mL,87918,19799.00,19799.00
528,Ahumada,EUCERIN HYALURON FILLER SERUM & PEELING NOCHE 2X15ML,85929,35199.00,35199.00
529,Ahumada,Orbit Goma De Mascar Spermint X 14 Unidades,76589002,4149.00,4149.00
530,Ahumada,Pepsodent Cepillo Dental Minipep Splotch x 1 Unidad,6077,3299.00,3299.00
531,Ahumada,"Systane Balance 0,6 % x 10 mL Emulsion Para Gotas Oftalmicas",74442,26445.00,26445.00
532,Ahumada,Aerolin LF 100 mcg x 200 Dosis Aerosol Para Inhalaci\u00f3n,25687,19345.00,19345.00
533,Ahumada,"Concor 2,5 mg x 28 Comprimidos Recubiertos",29455,29995.00,29995.00
534,Ahumada,Care Plus Gasa Hidr\u00f3fila 5 Yardas x 1 Tarro,77371,4645.00,4645.00
535,Ahumada,Pradaxa 150 mg x 60 C\u00e1psulas,78167,84595.00,84595.00
536,Ahumada,JABON BARRA NIVEA ORCHIDEAS 3X85GR,49472,1799.00,1799.00
537,Ahumada,Quetidin 100 mg x 30 Comprimidos Recubiertos,37777,41095.00,41095.00
538,Ahumada,Sunvit Life Multi Senior x 60 Comprimidos,84243,16195.00,16195.00
539,Ahumada,Casting Tintura Creme Gloss Caoba 550 x 1 Unidad,62036007,6999.00,6999.00
540,Ahumada,GEL DE DUCHA NIVEA WATERLILLY&OIL 250ML,86180,2349.00,2349.00
541,Ahumada,Dove Desodorante Barra Invisible Dry x 50 g,73011,3649.00,3649.00
542,Ahumada,Manhae x 30 C\u00e1psulas Blandas,81490,19495.00,19495.00
543,Ahumada,Ciclomex-15 x 28 Comprimidos Recubiertos,24664,14895.00,14895.00
544,Ahumada,Roacnetan 20 mg x 30 C\u00e1psulas Blandas,3603,51995.00,51995.00
545,Ahumada,Exforge 10 mg\/320 mg x 28 Comprimidos Recubiertos,61695,46895.00,46895.00
546,Ahumada,Placa Anti-Bruxismo Mandibular x 1 Unidad,72071,22395.00,22395.00
547,Ahumada,Quetidin 300 mg x 30 Comprimidos Recubiertos,62278,82195.00,82195.00
548,Ahumada,Techlab Ripped Extreme x 60 Capsulas,86741,15595.00,15595.00
549,Ahumada,Trex Forte 400 mg\/5 mL x 30 mL Polvo para Suspensi\u00f3n Oral con Solvente,72198,22695.00,22695.00
550,Ahumada,Nutrisse Cor Intensa Tintura 6.0 Rubio Oscuro x 1 Unidad,72894013,2899.00,2899.00
551,Ahumada,Sunvit Life Calcio\/Magnesio\/Zinc + D x 90 Comprimidos,84232,10995.00,10995.00
552,Ahumada,Pepsodent Pasta Dental White Now Gold x 75 mL,77947,3299.00,3299.00
553,Ahumada,No 7 Corrector Ojeras Instant Radiance 30 x 1 Unidad,81222003,14749.00,14749.00
554,Ahumada,John Frieda Elixir Argan Oil Frizz Fortale x 88 mL,76974,8399.00,8399.00
555,Ahumada,DESODORANTE SPRAY NIVEA ACLARADO NATURAL BEAUTY TOUCH 150ML,76778002,2999.00,2999.00
556,Ahumada,Subelan XR 150 mg x 30 Capsulas Con Comprimidos De Liberacion Prolongada\u00a0,39183,46595.00,46595.00
557,Ahumada,Garnier Crema Hidratante Natural Te Verde x 50 mL,87410003,3799.00,3799.00
558,Ahumada,m\u00e1scara facial de hidrogel neutrogena hydro boost 30ml,86847002,3299.00,3299.00
559,Ahumada,Neostrata Skin Active Triple Firming Neck Cream x 80 g Crema Tonificante para Cuello,84941,55699.00,55699.00
560,Ahumada,Agatha Ruiz De La Eau de Toilette Flor Con Atomizador x 50 mL,27044,17099.00,17099.00
561,Ahumada,PHB Cepillo Dental Super 8 Medio x 1 Unidad,11618,4449.00,4449.00
562,Ahumada,BALSAMO CALMANTE ATOPIC EUCERIN 200 ML,47598,21999.00,21999.00
563,Ahumada,Lertus 75 mg\/3 mL x 5 Ampollas Soluci\u00f3n Inyectable,7279,19095.00,19095.00
564,Ahumada,Oral B Cabezales De Repuesto Pro-Salud Floss Action x 2 Unidades,84938,10599.00,10599.00
565,Ahumada,Sales para Rehidratacion 60 x 8 Sobres Polvo Para Solucion Oral,72501,8795.00,8795.00
566,Ahumada,Garnier Loci\u00f3n Mini Micelar En Aceite x 100 mL,85725,2199.00,2199.00
567,Ahumada,Celecoxib 200 mg x 10 C\u00e1psulas,83024,10595.00,10595.00
568,Ahumada,"Colgate Pasta Dental Total 12 Clean Mint x 97,5 g",18959,2999.00,2999.00
569,Ahumada,Veet Crema Depilatoria Axila\/Bikini x 100 mL,75663,8199.00,8199.00
570,Ahumada,Trim Lima Pies Doble Faz x 1 Unidad,82967,6249.00,6249.00
571,Ahumada,Cariamyl x 130 mL Soluci\u00f3n D\u00e9rmica,21050,8895.00,8895.00
572,Ahumada,Sertac 100 mg x 30 Comprimidos Recubiertos,45101,25695.00,25695.00
573,Ahumada,Dove Antitranspirante Spray Fresh Pepino x 150 mL,83551008,3299.00,3299.00
574,Ahumada,Vichy Protector Solar Ideal Soleil Hidra Bronze FPS 30 x 200 mL,80098,18999.00,18999.00
575,Ahumada,DHS Sal 3% Shampoo x 120 mL,19275,21399.00,21399.00
576,Ahumada,La Roche Posay Crema Pigmentclar Anti Manchas x 40 mL,79326,36799.00,36799.00
577,Ahumada,Ensure Advance Vainilla x 850 g Polvo,79437,21195.00,21195.00
578,Ahumada,Red Bull Lata Energ\u00e9tica Sugar Free x 250 mL,67791,1999.00,1999.00
579,Ahumada,shampoo para ni\u00f1os johnson's\u00ae gotas de brillo\u00ae x 750 ml.,86598003,6099.00,6099.00
580,Ahumada,Speed Stick Desodorante Gel Stress Defense x 85 g,78893,5099.00,5099.00
581,Ahumada,Janumet 50 mg\/1000 mg x 56 Comprimidos Recubiertos,77192,54595.00,54595.00
582,Ahumada,Isdin Serum Isdinceutics Rutina Antioxidante Flavo-C Ultraglican & Melatonin x 20 Ampollas,87657,31299.00,31299.00
583,Ahumada,Dipemina 450\/50 mg x 30 Comprimidos Recubiertos,49635,23295.00,23295.00
584,Ahumada,CREMA MULTIPROPOSITO NIVEA SOFT CARA MANOS CUERPO 50ML,10176,3399.00,3399.00
585,Ahumada,Fittig Talco Cobre Aerosol x 100 g,72174,7395.00,7395.00
586,Ahumada,Agua Brava Fragancia Original x 200 mL,78452,16099.00,16099.00
587,Ahumada,Antonio Banderas Seduction Doses Power Of Seduction For Men 09 x 30 mL,87825,5999.00,5999.00
588,Ahumada,Brexovent LF 50 mcg\/dosis x 120 Dosis Aerosol para Inhalaci\u00f3n,72802,33295.00,33295.00
589,Ahumada,Gillette Repuesto Fusion Proshield x 2 Unidades,82428,9399.00,9399.00
590,Ahumada,Elvive Tratamiento Capilar Extraordinario Oil x 100 mL,74250,5999.00,5999.00
591,Ahumada,Vantux x 100 mL Shampoo Con Microesferas Energizante Antica\u00edda,72425,7995.00,7995.00
592,Ahumada,Loreal Crema Hidra Total 5 Anti Manchas x 50 mL,76251,4799.00,4799.00
593,Ahumada,Acondicionador T\u00edo Nacho  Antida\u00f1o Con Aloe Vera 415ml,87574,7999.00,7999.00
594,Ahumada,"Oralgene 0,12 % Colutorio x 120 mL",15344,7499.00,7499.00
595,Ahumada,Avene Eau Thermale Serum Antioxidante A-Oxitive x 30 mL,87781,32399.00,32399.00
596,Ahumada,Aviatus 30 mg\/5mL x 120 mL Jarabe,77702,10495.00,10495.00
597,Ahumada,Contorno de Ojos Antiarrugas Eucerin Hyaluron-FILLER  15 ML,61872,27599.00,27599.00
598,Ahumada,Similac Formula Total Comfort Etapa 3 x 1400 g,82769,32199.00,32199.00
599,Ahumada,Broncho Vaxom Adulto x 10 C\u00e1psulas,8532,29795.00,29795.00
600,Ahumada,Solactive Gel FPS 50 x 60 g,85884,27699.00,27699.00
601,Ahumada,Kotex Toalla Higienica Ultrafina Con Alas Suave x 16 Unidades,48810,2999.00,2999.00
602,Ahumada,gel de limpieza neutrogena\u00ae oil free clear wash pomelo x 177 ml.,73373,6799.00,6799.00
603,Ahumada,Nutrisse Tintura Ultra Cobertura Rubio Oscuro Profundo 6.0 x 157 g,81692001,6099.00,6099.00
604,Ahumada,Clavinex Duo CD 875 mg\/125 mg x 20 Comprimidos Dispersables,81774,34595.00,34595.00
605,Ahumada,Isdin Crema Isdinceutics A.G.E. Reverse Night x 50 mL,87783,60599.00,60599.00
606,Ahumada,Antiax x 6 Comprimidos Masticables,76231,2695.00,2695.00
607,Ahumada,Sally Hansen Esmalte Miracle Gel Mad Women 500 x 1 Unidad,79042012,8399.00,8399.00
608,Ahumada,Promil Gold Nueva Formula Etapa 2 x 900 g,23234,20399.00,20399.00
609,Ahumada,enjuague bucal listerine\u00ae cool mint zero alcohol x 500 ml,71405,6999.00,6999.00
610,Ahumada,Nastizol Compositum x 10 Comprimidos Recubiertos,2129,5395.00,5395.00
611,Ahumada,Agua Brava Fragancia Original x 50 mL,804,10399.00,10399.00
612,Ahumada,Leche de Magnesia Phillips x 120 mL Suspension Oral,7460,5095.00,5095.00
613,Ahumada,"Bion Bb x 5,1 g Suspensi\u00f3n Oleosa En Gotas",79331,21695.00,21695.00
614,Ahumada,Caprimida D x 30 C\u00e1psulas,46465,5695.00,5695.00
615,Ahumada,"Simonds Protector Solar SPF 50 + Bebe, Ni\u00f1o Y Adultos x 190 mL",62843,6249.00,6249.00
616,Ahumada,CREMA FACIAL ANTIARRUGAS NIVEA CELLULAR NOCHE 50ML,76661,12599.00,12599.00
617,Ahumada,Pampers Pa\u00f1ales Desechables Pants Talla G x 64 Unidades,85785002,24699.00,24699.00
618,Ahumada,CREMA MULTIPROPOSITO NIVEA SOFT MIX IT EXOTIC 50ML,86252002,4399.00,4399.00
619,Ahumada,"Zival 2,5 mg_5 mL x 120 mL Solucion Oral",68864,18695.00,18695.00
620,Ahumada,ElcalKid x 180 mL Suspension Oral,76317,14395.00,14395.00
621,Ahumada,Fructis Acondicionador Liso Coco x 350 mL,32017014,3199.00,3199.00
622,Ahumada,Casting Tintura Creme Gloss 400 Casta\u00f1o Natural x 1 Unidad,62036019,6999.00,6999.00
623,Ahumada,Trim Pinza Para Ceja x 2 Unidades,76422,2799.00,2799.00
624,Ahumada,AGUA MICELAR EUCERIN DERMOPURE 200 ML,37987,14599.00,14599.00
625,Ahumada,Kotex Protector Diario Normal x 40 Unidades,81644,1599.00,1599.00
626,Ahumada,Avent Mamadera Vidrio Natural x 240 mL,79297,15999.00,15999.00
627,Ahumada,Red Bull Lata Energ\u00e9tica Sugar Free x 350 mL,86028,2499.00,2499.00
628,Ahumada,Donabel 2\/1 x 28 Comprimidos Recubiertos,85534,20695.00,20695.00
629,Ahumada,Brintellix 10 mg x 28 Comprimidos Recubiertos,78300,63895.00,63895.00
630,Ahumada,DESODORANTE ROLL ON NIVEA MEN PROTECT & CARE 50ML,83177,3099.00,3099.00
631,Ahumada,Prudence Extreme x 12 Unidades,66613,7595.00,7595.00
632,Ahumada,Nicotears x 5 g Gel Oftalmico,9010,13395.00,13395.00
633,Ahumada,Levorigotax 5 mg\/mL x 20 mL Soluci\u00f3n Oral para Gotas,71510,12195.00,12195.00
634,Ahumada,Valaplex 320 mg x 30 Comprimidos Recubiertos,63719,17995.00,17995.00
635,Ahumada,Fructis Shampoo Hair Food Aguacate x 300 mL,88279007,4299.00,4299.00
636,Ahumada,Benetton Eau de Toilette United Dreams Aim High For Men x 60 mL,86994,15999.00,15999.00
637,Ahumada,Arcoxia 90 mg x 14 Comprimidos Recubiertos,82947,20295.00,20295.00
638,Ahumada,Antonio Banderas Fragancia Blue Seduction Con Atomizador x 50 mL,63416,15099.00,15099.00
639,Ahumada,Nutrex Lipo 6 UC Her x 60 C\u00e1psulas,83916,34995.00,34995.00
640,Ahumada,Banana Boat Protector Solar Aqua Protect FPS 50+ x 170 g,78025,9399.00,9399.00
641,Ahumada,"Oftol Forte 0,5 % x 5 mL Suspensi\u00f3n Oft\u00e1lmica",60622,23695.00,23695.00
642,Ahumada,Colgate Pasta Dental Alivio Repara Esmalte x 110 g,77650,6699.00,6699.00
643,Ahumada,Old Spice Pack Desodorante Barra Fresh x 1 Pack,85362,4899.00,4899.00
644,Ahumada,Isdin\u00ae Fotoprotector SunBrush Mineral FPS 50+ x 4 g,83718,22099.00,22099.00
645,Ahumada,Vaporub x 12 g Ung\u00fcento T\u00f3pico,76832,1395.00,1395.00
646,Ahumada,Millefiori Cera Depilatoria Ba\u00f1o Mar\u00eda Detox x 200 g,87371,6199.00,6199.00
647,Ahumada,Muno x 30 Comprimidos,84881,19095.00,19095.00
648,Ahumada,Prudence Control x 12 Unidades,66614,7595.00,7595.00
649,Ahumada,Prestat 75 mg x 40 Comprimidos,75541,12895.00,12895.00
650,Ahumada,Yasmin x 21 Comprimidos Recubiertos,38706,26245.00,26245.00
651,Ahumada,Anovulatorios x 21 Comprimidos,352,1195.00,1195.00
652,Ahumada,Curaprox Cepillo Dental Soft x 1 Unidad,66932,5199.00,5199.00
653,Ahumada,DHS Zinc 2 % x 240 mL Shampoo,19197,25899.00,25899.00
654,Ahumada,Proaven Locion x 200 mL,63826,12899.00,12899.00
655,Ahumada,"Burts Bees Brillo Labial Cherry x 2,6 g",84627008,6499.00,6499.00
656,Ahumada,"Fisiolimp 0,9 % x 50 mL Soluci\u00f3n Nasal Para Nebulizaci\u00f3n",27520,6795.00,6795.00
657,Ahumada,ESPUMA DE AFEITAR NIVEA MEN DEEP 200 ML,88112,5899.00,5899.00
658,Ahumada,Maybelline Base Instant Anti Age Borrador 48 Sun Beige x 1 Unidad,70373,9499.00,9499.00
659,Ahumada,Similac Formula Total Comfort Etapa 3 x 820 g,73387,23299.00,23299.00
660,Ahumada,Vichy Protector Solar Ideal Soleil Anti Imperfecciones Fps30 x 30 mL,83565,20399.00,20399.00
661,Ahumada,"Venda Elastica Care Plus 7,5 cm x 4,5 m x 1 unidad",73393,3695.00,3695.00
662,Ahumada,Betaloc Zok 200 mg x 30 Comprimidos De Liberacion Prolongada,70901,41995.00,41995.00
663,Ahumada,Calmatol x 60 mL Jarabe,5165,8599.00,8599.00
664,Ahumada,Vitis Repuesto Cepillo El\u00e9ctrico Sonic S10\/20 Medio x 2 Unidades,87063,13999.00,13999.00
665,Ahumada,Le Sancy Jabon Liquido Higenic x 750 mL,65170002,2399.00,2399.00
666,Ahumada,Bropil LF 100 mcg\/dosis x 200 Dosis Aerosol para Inhalaci\u00f3n,62242,9595.00,9595.00
667,Ahumada,Nivea Crema Hyaluron Cellular Filler D\u00eda x 50 mL,87399,14699.00,14699.00
668,Ahumada,Dove Shampoo Oleo Nutricion x 400 mL,72189004,3999.00,3999.00
669,Ahumada,Trilipix 135 mg x 30 Capsulas Con Minicomprimidos De Liberacion Prolongada,80797,23795.00,23795.00
670,Ahumada,Gillette Repuesto Mach3 Barcelona x 8 Unidades,78566,16099.00,16099.00
671,Ahumada,Durex Gel Lubricante Play x 50 mL,81777,8495.00,8495.00
672,Ahumada,Naturaloe Shampoo Hidrataci\u00f3n Y Brillo x 350 mL,84829003,7599.00,7599.00
673,Ahumada,Atenolol 50 mg x 20 Comprimidos,4385,795.00,795.00
674,Ahumada,Ciruelax Minitabs 75 mg x 20 Comprimidos Recubiertos,74215,3895.00,3895.00
675,Ahumada,Excellence Tintura 5.3 Casta\u00f1o Claro Dorado x 1 Unidad,32410045,7499.00,7499.00
676,Ahumada,Colgate Pasta Dental Sensitive Pro Alivio Inmadiato Blanquador x 90 g,87181,5799.00,5799.00
677,Ahumada,Famidal x 60 g Crema Vaginal,6269,23595.00,23595.00
678,Ahumada,Huggies Pa\u00f1al Natural Care XG x 56 Unidades,81787005,24299.00,24299.00
679,Ahumada,Isispharma Keloplast Scars SPF 50+ x 40 mL,76714,22599.00,22599.00
680,Ahumada,Pielarmina Clinical Body Reparaci\u00f3n Intensiva 10% Urea x 350 mL,84188,3999.00,3999.00
681,Ahumada,Nebido 1000 mg\/4 mL x 1 Ampolla Soluci\u00f3n Inyectable,47266,124195.00,124195.00
682,Ahumada,Dove Acondicionador Reconstruccion Completa x 400 mL,72200001,3999.00,3999.00
683,Ahumada,Ducray Shampoo Tratamiento Caspa Severa Kelual DS x 100 mL,73542,15799.00,15799.00
684,Ahumada,Lidocaina Clorhidrato 2 % 5 mL x 5 Ampollas Soluci\u00f3n Inyectable,62955,1545.00,1545.00
685,Ahumada,Vitis Pack Cepillo Dental Junior + Pasta Gel 15 mL x 1 Pack,85552,4049.00,4049.00
686,Ahumada,Colgate Pack Pasta Dental Triple Acci\u00f3n Blancura 125 mL x 1 Pack,86522,3499.00,3499.00
687,Ahumada,Soap & Glory M\u00e1scara Pesta\u00f1as Volume Thick & Fast Negro x 1 Unidad,81143,9999.00,9999.00
688,Ahumada,Gillette Maquina De Afeitar Sistema Venus Spa x 1 Unidad,84004,7399.00,7399.00
689,Ahumada,Isdin Barra Reparadora De Labios x 4 g,87403,6099.00,6099.00
690,Ahumada,Avene Crema YstheAL Intense Concetrado Anti Arrugas Renovado x 30 mL,85105,32499.00,32499.00
691,Ahumada,Vichy Base Dermablend 3D Correction 25 Nude x 30 mL,81874004,28499.00,28499.00
692,Ahumada,Colgate Pack Cepillo Dental Batman Y Mujer Maravilla x 1 Pack,86567,4199.00,4199.00
693,Ahumada,Oftasona N x 3 g Ung\u00fcento Oftalmico,9153,14895.00,14895.00
694,Ahumada,Ginedazol x 10 Ovulos Vaginales,594,23595.00,23595.00
695,Ahumada,Trittico A.C. 150 mg x 20 Comprimidos De Liberaci\u00f3n Prolongada,20244,51595.00,51595.00
696,Ahumada,Calcefor D Forte x 60 C\u00e1psulas,40950,11495.00,11495.00
697,Ahumada,Hawaiian Tropic Loci\u00f3n De Protector Solar FPS 50+ Y Aceite Bronceador SPF 15 x 1 Pack,82466,13599.00,13599.00
698,Ahumada,Uriage Shampoo Equilibrante DS Hair x 200 mL,87537,10799.00,10799.00
699,Ahumada,Options Quita Esmalte Oleoso Floral x 110 mL,72566,1599.00,1599.00
700,Ahumada,Pepsodent Pasta Dental Whitening 90 g x 3 Unidades,64547,3099.00,3099.00
701,Ahumada,Hask Acondicionador Keratin x 355 mL,85622,7999.00,7999.00
702,Ahumada,Moxaval 400 mg x 10 Comprimidos Recubiertos,49686,53095.00,53095.00
703,Ahumada,Tapsin Forte x 30 Comprimidos Recubiertos,88014,3695.00,3695.00
704,Ahumada,Hask Shampoo Monoi Cocconut Oil Revitalizador Hidratante x 355 mL,84468002,7999.00,7999.00
705,Ahumada,Bi-O Desodorante Spray Proteccion 5 Femenino x 150 mL,74433,3099.00,3099.00
706,Ahumada,Cotidian Sabanilla Protector Cama x 8 Unidades,77783,5645.00,5645.00
707,Ahumada,Alexia 120 mg x 30 Comprimidos Recubiertos,18520,28495.00,28495.00
708,Ahumada,Clavinex Duo x 70 mL Polvo Para Suspensi\u00f3n Oral,17127,28095.00,28095.00
709,Ahumada,GEL CORPORAL NIVEA Q10 GOOD BY CELLULITIS 200ML,47766,9899.00,9899.00
710,Ahumada,Ipson-D Forte 400\/60 mg x 10 Comprimidos Recubiertos,46880,7995.00,7995.00
711,Ahumada,Tiriz 5 mg x 30 Comprimidos Recubiertos,76438,5795.00,5795.00
712,Ahumada,Hipoge 1 % x 10 g Unguento Dermico,720,9095.00,9095.00
713,Ahumada,No 7 Base Beautifully Matte Cool Beige x 1 Unidad,85080004,25199.00,25199.00
714,Ahumada,La Roche Posay Crema Effaclar Bb Blur x 30 mL,79118,25699.00,25699.00
715,Ahumada,"Naramig 2,5 mg x 14 Comprimidos Recubiertos",71239,34345.00,34345.00
716,Ahumada,Elmex Cepillo Dental Ultra Suave x 1 Unidad,87668,4299.00,4299.00
717,Ahumada,Excellence Tintura 9.1 Rubio Muy Claro Ceniza x 1 Unidad,32410032,7499.00,7499.00
718,Ahumada,Azarga x 5 mL Suspensi\u00f3n Oft\u00e1lmica,67385,41295.00,41295.00
719,Ahumada,Simonds Baby Shampoo Manzanilla x 610 mL,18209,4399.00,4399.00
720,Ahumada,Maybelline Sombra Mini Palette Rooftop x 1 Unidad,83888002,6499.00,6499.00
721,Ahumada,Always Toalla Higienica Ultrafina Con Alas Nocturna x 16 Unidades,38532,2999.00,2999.00
722,Ahumada,Solactive Fluido FPS 50 x 60 g,85883,27699.00,27699.00
723,Ahumada,Colgate Pack Seda Dental 50 m x 1 Pack,66540,5849.00,5849.00
724,Ahumada,Avene Stick Labios Cold Cream x 4 g,45847,6299.00,6299.00
725,Ahumada,ACELERADOR CRECIMIENTO NAILGROWTH MIRACLE SALLY HANSEN,85125,7099.00,7099.00
726,Ahumada,Actron 400 mg x 10 C\u00e1psulas Blandas,44354,3295.00,3295.00
727,Ahumada,Ricilina 500 mg x 6 Comprimidos Recubiertos,46486,29595.00,29595.00
728,Ahumada,Nistatina 100.000 UI\/mL x 24 mL Suspension Oral ,86573,10995.00,10995.00
729,Ahumada,Actan 20 mg x 60 C\u00e1psulas,9790,39595.00,39595.00
730,Ahumada,Buxon 150 mg x 30 Comprimidos Recubiertos De Liberaci\u00f3n Prolongada,21189,36995.00,36995.00
731,Ahumada,Globifer x 30 Comprimidos Masticables,86958,26995.00,26995.00
732,Ahumada,Deaten 80 mg x 15 Comprimidos,74359,56495.00,56495.00
733,Ahumada,Similac Formula Etapa 2 x 900 g,66516,16999.00,16999.00
734,Ahumada,Trim 300 mg x 30 Comprimidos Recubiertos De Liberaci\u00f3n Prolongada,37775,46895.00,46895.00
735,Ahumada, lubriderm\u00ae piel sensible x 200 ml,25433,4599.00,4599.00
736,Ahumada,Colgate Pasta Dental Alivio W x 110 g,70111,6699.00,6699.00
737,Ahumada,Corega Ultra Polvo Adhesivo Frasco x 50 g,8304,10799.00,10799.00
738,Ahumada,Vichy Dercos Technique Kera-Solution Acondicionador Reparador x 200 mL,87579,15299.00,15299.00
739,Ahumada,Just For Men Tintura Control Gradual For Men 40 x 40 mL,65912,12799.00,12799.00
740,Ahumada,Zyrtec 10 mg\/mL x 10 mL Soluci\u00f3n Oral para Gotas,9995,25395.00,25395.00
741,Ahumada,Pilocarpina Clorhidrato 4% x 10 mL Solucion Oftalmica,8412,11595.00,11595.00
742,Ahumada,Ducray Pack Tratamiento Para Pelo Y U\u00f1as Anacaps Activ + 2+1 x 1 Pack,85374,35499.00,35499.00
743,Ahumada,Vitis Duplo Cepillo Dental Medio Con Pasta Aloe x 1 Unidad,77914,7299.00,7299.00
744,Ahumada,Simond's Jab\u00f3n L\u00edquido Hipoalerg\u00e9nico Dermo Care Hygienic x 1000 mL,45037003,2199.00,2199.00
745,Ahumada,"Gotely Duo 0,5mg\/0,4 mg x 30 C\u00e1psulas Con Gr\u00e1nulos De Liberaci\u00f3n Sostenida",78934,32695.00,32695.00
746,Ahumada,"Xinder 0,05% x 150 g Shampoo",71112,17395.00,17395.00
747,Ahumada,Xarelto 10 mg x 10 Comprimidos Recubiertos,64278,46795.00,46795.00
748,Ahumada,Vivo Galletas Agua x 140 g,81624,1199.00,1199.00
749,Ahumada,Fructis Shampoo Hair Food Aloe x 300 mL,88279003,4299.00,4299.00
750,Ahumada,Isdin B\u00e1lsamo Labial Acniben\u00ae Repair Renovador x 10 mL,64843,8899.00,8899.00
751,Ahumada,Accu-Chek Softclix x 25 Lancetas,82138,5995.00,5995.00
752,Ahumada,Eau Thermale Av\u00e8ne Serum Rehidratante Hydrance Intense x 30 mL,87980,27699.00,27699.00
753,Ahumada,Pepsodent Pasta Dental Triple 90 g x 3 Unidades,72520,2999.00,2999.00
754,Ahumada,Rexona Desodorante Clinical Soft Solid Women x 48 g,64467,5499.00,5499.00
755,Ahumada,Bi-O Desodorante Roll On Clarify Femenino x 50 mL,66679,3049.00,3049.00
756,Ahumada,Piero Butti Eau De Toilette For Men Con Atomizador Titanio x 100 mL,77282,11249.00,11249.00
757,Ahumada,La Roche Posay Crema Hydraphase Contorno De Ojos x 15 mL,44391,24999.00,24999.00
758,Ahumada,Indometacina 25 mg x 30 C\u00e1psulas,86555,4095.00,4095.00
759,Ahumada,Vichy Serum Mineral 89 x 50 mL,83549,25099.00,25099.00
760,Ahumada,Devellol Crema Depilatoria Zonas Delicadas Manzanilla Y Vitamina E x 40 mL,81020,4499.00,4499.00
761,Ahumada,Ruboril Expert FPS 50+ x 30 mL Crema T\u00f3pica,69823,20299.00,20299.00
762,Ahumada,"Tobe 2,5 mg x 30 Comprimidos Recubiertos",37770,26695.00,26695.00
763,Ahumada,Garnier Crema Oil Free Light x 60 mL,74974,7299.00,7299.00
764,Ahumada,"Clob-X 0,05 % x 125 mL Shampoo",66437,40945.00,40945.00
765,Ahumada,Sensodyne Pasta Dental True White Menta x 100 g,81010,6599.00,6599.00
766,Ahumada,Nutrisse Colorissimos 416 Lavanda Intensa x 157 mL,88073001,6099.00,6099.00
767,Ahumada,Loci\u00f3n Limpiadora Facial EUCERIN ULTRASENSITIVE 100 ML,78651,17699.00,17699.00
768,Ahumada,Dominium 20 mg x 60 Comprimidos,7396,25195.00,25195.00
769,Ahumada,Maybelline Base Super Stay 16 Sand Beige x 30 mL,86542001,9199.00,9199.00
770,Ahumada,Kotex Tampon Evolution Regular x 16 Unidades,74724,5249.00,5249.00
771,Ahumada,Metildopa 250 mg x 20 Comprimidos,950,3845.00,3845.00
772,Ahumada,Ripol 50 mg x 5 Comprimidos Recubiertos,35436,4295.00,4295.00
773,Ahumada,Bentley Gel Lubricante Intimo x 120 g Gel T\u00f3pico,73942,6095.00,6095.00
774,Ahumada,Hipoglucin DA 500 mg\/5 mg x 30 Comprimidos Recubiertos,45458,12095.00,12095.00
775,Ahumada,Botanics Contorno De Ojos Roll On All Bright x 15 mL,81196,12499.00,12499.00
776,Ahumada,Head & Shoulders Shampoo 2 En 1 Suave Y Manejable x 375 mL,12405,4599.00,4599.00
777,Ahumada,Rexona Desodorante Barra Active Emotion x 50 g,32156005,3299.00,3299.00
778,Ahumada,Lefkaflam x 50 g Emulsion Topica,46660,7395.00,7395.00
779,Ahumada,Options Quita Esmalte Oleoso Herbal x 110 mL,72565,1599.00,1599.00
780,Ahumada,Ketoprofeno 200 mg x 10 Comprimidos con Recubrimiento Ent\u00e9rico de Liberaci\u00f3n Prolongada,86628,3395.00,3395.00
781,Ahumada,Excellence Tintura 7\/0 x 1 Unidad,32410020,7499.00,7499.00
782,Ahumada,"Sifrol 0,25 mg x 30 Comprimidos",19308,28295.00,28295.00
783,Ahumada,"Escapel-2 0,75 mg x 2 Comprimidos",68733,18595.00,18595.00
784,Ahumada,Uriage Agua Micelar Termal Pieles Sensibles x 250 mL,87508,11499.00,11499.00
785,Ahumada,Ciclidon 20 x 21 Comprimidos Recubiertos,12863,17895.00,17895.00
786,Ahumada,"Vigamox 0,5 % x 5 mL Soluci\u00f3n Oft\u00e1lmica",44681,35295.00,35295.00
787,Ahumada,"Pandel 0,1 % x 15 g Crema T\u00f3pica",9636,24095.00,24095.00
788,Ahumada,"Alcohol Gel Aloe Vera, 340ml",60089,4795.00,4795.00
789,Ahumada,Pentinor 150 mg x 40 Capsulas,87772,21895.00,21895.00
790,Ahumada,Losapres D 100 mg\/25 mg x 30 Comprimidos Recubiertos,44599,24995.00,24995.00
791,Ahumada,Excellence Tintura 9 x 246 g,32410031,7499.00,7499.00
792,Ahumada,Lactulosa 65 % x 1000 mL Solucion Oral,8128,39395.00,39395.00
793,Ahumada,Glaupax XR 500 mg x 30 Comprimidos Recubiertos De Liberaci\u00f3n Prolongada,86619,8995.00,8995.00
794,Ahumada,Nido Leche En Polvo Etapa 1 Tarro x 1600 g,1551,15399.00,15399.00
795,Ahumada,Muscletech Nitro Tech Chocolate x 1818 g,86688,54995.00,54995.00
796,Ahumada,Tamiflu 75 mg x 10 C\u00e1psulas,10574,47495.00,47495.00
797,Ahumada,Trex 500 mg x 6 Comprimidos Recubiertos,18592,21895.00,21895.00
798,Ahumada,CREMA FACIAL HIDRATANTE ACTIVA DIA NIVEA FPS15 PIEL NORMAL 50ML,32101002,5499.00,5499.00
799,Ahumada,Maybelline Base Superstay 24H Nude x 1 Unidad,67225002,9199.00,9199.00
800,Ahumada,Cetaphil Loci\u00f3n Ultra Humectante x 226 g,62448,26399.00,26399.00
801,Ahumada,Australian Gold Pack Protector Solar Spray SPF 15 + Loci\u00f3n Bronceadora x 1 Pack,87170,13499.00,13499.00
802,Ahumada,Uricont 5 mg x 40 Comprimidos,45040,18995.00,18995.00
803,Ahumada,Medela Purelan 100 x 37 g,79776,17799.00,17799.00
804,Ahumada,Vitis Seda Dental Fluor Menta x 50 m x 1 Unidad,11774,4449.00,4449.00
805,Ahumada,Uriage Crema De Agua EAU Thermale x 40 mL,87526,18499.00,18499.00
806,Ahumada,La Roche Posay Agua Micelar Piel Reactiva x 400 mL,83547,15999.00,15999.00
807,Ahumada,Diprotan 60 mg x 30 Capsulas Con Granulos Con Recubrimiento Enterico,87742,19495.00,19495.00
808,Ahumada,Lamictal 200 mg x 30 Comprimidos Dispersables\/Masticables,42866,88195.00,88195.00
809,Ahumada,Micardis 40 mg x 28 Comprimidos,18871,41295.00,41295.00
810,Ahumada,talco para beb\u00e9 johnson's\u00ae antes de dormir x 200 gr.,86604001,2749.00,2749.00
811,Ahumada,Cicatricure Gel Para Cicatrices x 60 g,70064,13199.00,13199.00
812,Ahumada,Muxol Adulto 30 mg\/5 mL x 100 mL Jarabe,9257,5295.00,5295.00
813,Ahumada,Xeros Enjuague Bucal Manzana Menta x 500 mL,85432,8299.00,8299.00
814,Ahumada,Famotidina 20 mg x 20 Comprimidos Recubiertos,2159,1095.00,1095.00
815,Ahumada,Asventol 5 mg x 30 Comprimidos Masticables,49755,42995.00,42995.00
816,Ahumada,Loreal Retocador De Raiz Magic Retouch Rubio Oscuro x 75 g,82166004,8999.00,8999.00
817,Ahumada,Mam Chupete Silicona Start Desde 0 Meses x 2 Unidades,75287,10899.00,10899.00
818,Ahumada,"Exforge D 10 mg\/160 mg\/12,5 mg x 28 Comprimidos Recubiertos",66578,50395.00,50395.00
819,Ahumada,Teatrical Crema Ultra Aclaradora x 200 g,85430,3999.00,3999.00
820,Ahumada,Ducray Serum Melascreen Photo-Viellissement x 30 mL,86734,31299.00,31299.00
821,Ahumada,Dipatropin x 10 Comprimidos,17401,4095.00,4095.00
822,Ahumada,"Tapsin Compuesto Antigripal Caliente D\u00eda Lim\u00f3n, Miel, Jengibre x 1 Sobre Polvo Para Solucion Oral",88322,745.00,745.00
823,Ahumada,Le Sancy Jab\u00f3n Liquido Antibacterial x 1 L,88156,2199.00,2199.00
824,Ahumada,La Roche Posay Agua Micelar Effaclar Pieles Grasas x 400 mL,83548,15999.00,15999.00
825,Ahumada,Medicasp 1 % x 130 mL Shampoo,74786,10195.00,10195.00
826,Ahumada,Simond's Crema Lanolina Medica Natural x 15 g,79056,7199.00,7199.00
827,Ahumada,Loreal Crema Men Expert Rostro Hydra Energetic x 50 mL,88108,8399.00,8399.00
828,Ahumada,Novafem x 1 Jeringa Prellenada Suspensi\u00f3n Inyectable,70463,13395.00,13395.00
829,Ahumada,Trelegy Ellipta 92 \/55\/22 mcg\/dosis x 30 Dosis Polvo para Inhalacion Oral,86704,117895.00,117895.00
830,Ahumada,"PHB Cepillo Interdental Flexi Fino 1,1 mm x 20 Unidades",88044,6399.00,6399.00
831,Ahumada,Diaren x 20 Comprimidos,9621,9895.00,9895.00
832,Ahumada,Options Jab\u00f3n Alcohol Gel x 250 mL,65674,1999.00,1999.00
833,Ahumada,Iltux 20 mg x 28 Comprimidos Recubiertos,67835,16595.00,16595.00
834,Ahumada,Bisopril 5 mg x 30 Comprimidos Recubiertos,73284,16795.00,16795.00
835,Ahumada,Waterpik Set Irrigador Bucal 2300 x 1 Unidad,72233,82499.00,82499.00
836,Ahumada,Ciblex 30 mg x 30 Comprimidos Recubiertos,21557,49695.00,49695.00
837,Ahumada,Simonds Pantalla Solar SPF 50 + Antioxdante x 200 mL,85663,5749.00,5749.00
838,Ahumada,"Parches Hidrocoloide, Curaci\u00f3n Avanzada",73874,6095.00,6095.00
839,Ahumada,"Loceryl 5 % x 1,25 mL Laca para U\u00f1as",82350,17645.00,17645.00
840,Ahumada,Elixine 250 mg x 20 Capsulas Con Granulos De Liberacion Prolongada,8737,25895.00,25895.00
841,Ahumada,JAB\u00d3N SYNDET GEL EUCERIN pH5 250 ML,38008,13999.00,13999.00
842,Ahumada,Lifestyles Climax Control x 12 Unidades,60305,8395.00,8395.00
843,Ahumada,Gillette Aftershave Wave x 100 mL,2009,10599.00,10599.00
844,Ahumada,Nortium 25 mg x 30 Comprimidos Recubiertos,87881,15395.00,15395.00
845,Ahumada,Liberat 120 mg x 60 C\u00e1psulas,61741,34595.00,34595.00
846,Ahumada,Lactafem 75 mcg x 28 Comprimidos Recubiertos,68082,17895.00,17895.00
847,Ahumada,Tramadol 100 mg\/mL x 20 mL Soluci\u00f3n Oral Para Gotas,84545,5495.00,5495.00
848,Ahumada,Atrovent HFA 20 mcg\/Dosis x 200 Dosis Soluci\u00f3n En Aerosol Para Inhalaci\u00f3n,47816,30895.00,30895.00
849,Ahumada,"Oftabiotico Con Bacitracina x 3,5 g Ung\u00fcento Oft\u00e1lmico",11367,14395.00,14395.00
850,Ahumada,Simonds Shampoo Brillitos De Argan x 400 mL,85643,3049.00,3049.00
851,Ahumada,Dublina 100 mg x 30 Comprimidos,69601,32495.00,32495.00
852,Ahumada,Cariamyl x 20 g Crema T\u00f3pica,19887,3795.00,3795.00
853,Ahumada,Maybelline Base Fit Me Matte 235 Pure Beige x 1 Unidad,86944007,6599.00,6599.00
854,Ahumada,Klaricid Pediatrico 250 mg\/5 mL x 60 mL Gr\u00e1nulos Para Suspensi\u00f3n Oral,19483,13795.00,13795.00
855,Ahumada,Vichy Liftactiv Crema Noche x 50 mL,70430,33799.00,33799.00
856,Ahumada,Pielarmina Crema Manos Casta\u00f1a x 80 g,83570,1999.00,1999.00
857,Ahumada,Blunding Termometro Digital Punta Flex x 1 Unidad,88386,7995.00,7995.00
858,Ahumada,Soap & Glory Delineador De Cejas Dark Choate x 1 Unidad,81166001,11899.00,11899.00
859,Ahumada,Nutrisse Cor Intensa Tintura 8.1 Rubio Claro Ceniza x 1 Unidad,72894019,2899.00,2899.00
860,Ahumada,Variplex x 60 Comprimidos,46675,14095.00,14095.00
861,Ahumada,"Xolof 0,3 % x 3,5 g Ung\u00fcento Oft\u00e1lmico",36314,21295.00,21295.00
862,Ahumada,LOCI\u00d3N CORPORAL NIVEA CEREZA & ACEITE DE JOJOBA 400ML,86562003,5699.00,5699.00
863,Ahumada,Isdin Toallitas Acniben\u00ae Minimizador De Imperfecciones Localizadas x 30 Unidades,64623,10999.00,10999.00
864,Ahumada,DESODORANTE BARRA NIVEA MEN SENSITIVE PROTECT 43GR,76674,3199.00,3199.00
865,Ahumada,Vitis Sonic Cepillo Dental S20 El\u00e9ctrico x 1 Unidad,86844,75199.00,75199.00
866,Ahumada,Cachantun Bebida Botella Gasificada x 500 mL,17448,1149.00,1149.00
867,Ahumada,Burts Bees Gel Limpiador Skin Nourishment x 141 g,84665,15099.00,15099.00
868,Ahumada,Old Spice Pack Body Spray 152 g Vip x 1 Pack,80490002,4699.00,4699.00
869,Ahumada,Multi Oil USA x 120 C\u00e1psulas,28986,12995.00,12995.00
870,Ahumada,Glifortex 850 mg x 60 Comprimidos Recubiertos,23026,17695.00,17695.00
871,Ahumada,Arnikaderm Gel 10 % x 50 g Gel T\u00f3pico,46658,10345.00,10345.00
872,Ahumada,Sedal Crema Para Peinar Rizos Definidos x 300 mL,81782,2399.00,2399.00
873,Ahumada,Leti At 4 Crema Facial x 50 mL Crema T\u00f3pica,62986,14395.00,14395.00
874,Ahumada,Uriage Serum Intensivo Anti-Edad Intensivo Multiacci\u00f3n Age Protect  x 30 mL,87541,29399.00,29399.00
875,Ahumada,Maybelline Polvo Compacto Super Natural Matificante 230 Natural Buff x 12 g,83153001,4399.00,4399.00
876,Ahumada,"Blistex Proteccion Ultra Spf 50 x 4,2 g B\u00e1lsamo Labial",86673,4199.00,4199.00
877,Ahumada,Hepta Recombinante 4000 UI x 1 Jeringa Prellenada Solucion Inyectable,68324,12495.00,12495.00
878,Ahumada,Antonio Banderas Seduction Doses King Of Seduction For Men 05 x 30 mL,87826,5999.00,5999.00
879,Ahumada,Shampoo T\u00edo Nacho  Engrosador 415ml,80985002,7999.00,7999.00
880,Ahumada,Asicot 100 mg x 30 Comprimidos Recubiertos,47415,24295.00,24295.00
881,Ahumada,Gentamicina 80 mg\/2 mL x 5 Ampollas Solucion Inyectable ,79428,3495.00,3495.00
882,Ahumada,Insulina Humalog 100 UI\/mL Solucion Inyectable x 1 Frasco Ampolla,19013,39095.00,39095.00
883,Ahumada,Excellence Tintura Extra Profundo Casta\u00f1o 400 x 1 Unidad,86418003,7499.00,7499.00
884,Ahumada,Cialis 20 mg x 2 Comprimidos Recubiertos,41897,36095.00,36095.00
885,Ahumada,La Roche Posay Tonico Micelar Fisiologica x 400 mL,77547,15999.00,15999.00
886,Ahumada,Norvasc 10 mg x 30 Comprimidos,13357,59595.00,59595.00
887,Ahumada,Carboron Retard 400 mg x 30 Comprimidos De Liberaci\u00f3n Prolongada,29912,23595.00,23595.00
888,Ahumada,Gillette Repuesto Maquina Fusion 5 x 2 Unidades,85491,8299.00,8299.00
889,Ahumada,Pampers Pa\u00f1al Premium Care XG x 60 Unidades,83208002,24599.00,24599.00
890,Ahumada,Isdin Crema Emoliente Nutratopic\u00ae Pro-AMP Piel At\u00f3pica x 200 mL,80029,19799.00,19799.00
891,Ahumada,Loreal Retocador De Raiz Magic Retouch Negro x 75 g,82166001,8999.00,8999.00
892,Ahumada,Macrodantina 100 mg x 40 C\u00e1psulas,1432,20395.00,20395.00
893,Ahumada,Avene Crema Reconfortante DermAbsolu Noche x 40 mL,86519,33599.00,33599.00
894,Ahumada,Neupro 6 mg\/24 h x 14 Parches Transdermicos,71980,60095.00,60095.00
895,Ahumada,Vichy Desodorante Roll On Intense Pespirant Treatment x 50 mL,26811,14199.00,14199.00
896,Ahumada,La Roche Posay Crema Cicaplast Baume B5 x 15 mL,84163,3449.00,3449.00
897,Ahumada,Bilz Zero Bebida Botella x 500 mL,72839,1699.00,1699.00
898,Ahumada,St Ives Crema Corporal Col\u00e1geno Y Elastina x 1000 mL,70551,7399.00,7399.00
899,Ahumada, lubriderm revitalizacion x 750 ml,85486,8399.00,8399.00
900,Ahumada,Head & Shoulders Shampoo Limpieza Renovadora x 400 mL,32364003,4599.00,4599.00
901,Ahumada,ANTITRANSPIRANTE SPRAY HIDROFUGAL 150M,65362,6999.00,6999.00
902,Ahumada,Mucivil 1 % x 15 mL Soluci\u00f3n T\u00f3pica,61011,5595.00,5595.00
903,Ahumada,"Cachantun Bebida Botella Gasificada x 1,6 L",17435,1299.00,1299.00
904,Ahumada,Neupro 8 mg\/24 horas x 14 Parches TransD\u00e9rmicos,71981,74895.00,74895.00
905,Ahumada,Bevitex 5 mg\/mL x 20 mL Soluci\u00f3n Oral Para Gotas,46713,5795.00,5795.00
906,Ahumada,Avene Protector Solar FPS 50 + Anti-Edad x 50 mL,83727,19799.00,19799.00
907,Ahumada,Rinomex x 100 mL Jarabe,26395,17795.00,17795.00
908,Ahumada,Colgate Pasta Dental Ultrablanco 90 g x 3 Unidades,65568,3749.00,3749.00
909,Ahumada,"Tobrex 0,3% x 3,5 g Unguento Oftalmico",8013,30895.00,30895.00
910,Ahumada,Eutirox 75 mcg x 50 Comprimidos,9376,11445.00,11445.00
911,Ahumada,Care Plus Algodon Corriente x 100 g,74318,1945.00,1945.00
912,Ahumada,Xuzal 5 mg x 30 Comprimidos Recubiertos,62218,11195.00,11195.00
913,Ahumada,Algiasol Forte 200 mg\/5 mL x 100 mL Suspensi\u00f3n Oral,77693,5795.00,5795.00
914,Ahumada,"Burts Bees Balsamo Labial Ultra Conditioning x 4,25 g",84662001,4699.00,4699.00
915,Ahumada,Pharmaton Omega 50+ x 30 C\u00e1psulas,87832,16195.00,16195.00
916,Ahumada,Drysol 20 % x 35 mL Soluci\u00f3n Antitraspirante,19184,29099.00,29099.00
917,Ahumada,Hidrium x 20 Comprimidos,9231,14795.00,14795.00
918,Ahumada,Isdin Loci\u00f3n Ureadin Rx\u00ae Rd Para Piel Irradiada x 250 mL,48329,21999.00,21999.00
919,Ahumada,Antonio Banderas Eau de Toilette King Of Seduction For Men Con Atomizador x 200 mL,86969,25999.00,25999.00
920,Ahumada,Vichy B\u00e1lsamo Dercos Densi-Solutions Espeso Regenerador x 200 mL,87791,15299.00,15299.00
921,Ahumada,Supositorios De Glicerina 1 g x 20 Supositorios,3143,3595.00,3595.00
922,Ahumada,PHB Cepillo Dental Bolsillo Con Pasta 20 g x 1 Unidad,65920,4649.00,4649.00
923,Ahumada,Colgate Pasta Dental Total 12 Salud Visible x 90 g,84858,2999.00,2999.00
