,Farmacia,Producto,SKU,Normal,Oferta
0,Ahumada,Vichy Crema Idealia Dia x 50 mL,74557,34999.00,34999.00
1,Ahumada,Avene Gel De Limpieza Cara Y Cuerpo Cleanance x 400 mL,85654,18699.00,18699.00
2,Ahumada,BOOSTER ANTI EDAD EUCERIN HYALURON FILLER VITAMINA C 8ML,87916,16799.00,16799.00
3,Ahumada,PHB Cepillo Dental Super 8 Medio x 1 Unidad,11618,4449.00,4449.00
4,Ahumada,ASEPXIA Jab\u00f3n L\u00edquido de Carb\u00f3n Purificante 200 ml,86796,6699.00,6699.00
5,Ahumada,Antitranspirante Nivea Beauty Elixir Sensitive Spray 150ml,87797,2999.00,2999.00
6,Ahumada,Pa\u00f1al babysec super premium Grande 68 Unidades,88969,23299.00,23299.00
7,Ahumada,Pediasure Complete Chocolate x 900 g Polvo,72810,20695.00,20695.00
8,Ahumada,Ensure Advance Frutilla x 850 g,85889,21195.00,21195.00
9,Ahumada,BOOSTER ANTI EDAD EUCERIN HYALURON FILLER VITAMINA C 8ML,87916,16799.00,16799.00
10,Ahumada,N/A,N/A,N/A,N/A
11,Ahumada,N/A,N/A,N/A,N/A
12,Ahumada,Pediasure Complete Chocolate x 900 g Polvo,72810,20695.00,20695.00
13,Ahumada,BOOSTER ANTI EDAD EUCERIN HYALURON FILLER VITAMINA C 8ML,87916,16799.00,16799.00
14,Ahumada,PHB Cepillo Dental Super 8 Medio x 1 Unidad,11618,4449.00,4449.00
15,Ahumada,"Centrum Mujer, multivitam\u00ednico, frasco x30 comprimidos",81111,14995.00,14995.00
16,Ahumada,N/A,N/A,N/A,N/A
17,Ahumada,N/A,N/A,N/A,N/A
18,Ahumada,N/A,N/A,N/A,N/A
19,Ahumada,N/A,N/A,N/A,N/A
20,Ahumada,N/A,N/A,N/A,N/A
21,Ahumada,N/A,N/A,N/A,N/A
22,Ahumada,N/A,N/A,N/A,N/A
23,Ahumada,N/A,N/A,N/A,N/A
24,Ahumada,N/A,N/A,N/A,N/A
25,Ahumada,Ama Compota Organica Manzana-Arandano x 90 g,87206001,1049.00,1049.00
26,Ahumada,MIGRA-NEFERSIL CAJA 10 COMP.m,9989,12195.00,12195.00
27,Ahumada,MIGRA-NEFERSIL CAJA 10 COMP.m,9989,12195.00,12195.00
28,Ahumada,N/A,N/A,N/A,N/A
29,Ahumada,N/A,N/A,N/A,N/A
30,Ahumada,Rexona Desodorante Clinical Soft Solid Women x 48 g,64467,5499.00,5499.00
31,Ahumada,"Chupete soothie +3 meses, Ni\u00f1o",89000001,10999.00,10999.00
32,Ahumada,N/A,N/A,N/A,N/A
33,Ahumada,N/A,N/A,N/A,N/A
34,Ahumada,N/A,N/A,N/A,N/A
35,Ahumada,BOOSTER ANTI EDAD EUCERIN HYALURON FILLER VITAMINA C 8ML,87916,16799.00,16799.00
36,Ahumada,PHB Cepillo Dental Super 8 Medio x 1 Unidad,11618,4449.00,4449.00
37,Ahumada,"Centrum Mujer, multivitam\u00ednico, frasco x30 comprimidos",81111,14995.00,14995.00
38,Ahumada,N/A,N/A,N/A,N/A
39,Ahumada,Sanigermin Carbon Jabon Pan 100 G.,89024,2495.00,2495.00
40,Ahumada,N/A,N/A,N/A,N/A
41,Ahumada,Proctoran 1 % x 30 g Pomada,77174,12195.00,12195.00
42,Ahumada,Plaquinol 200 mg x 30 Comprimidos Recubiertos,38355,52995.00,52995.00
43,Ahumada,Plaquinol 200 mg x 30 Comprimidos Recubiertos,38355,52995.00,52995.00
44,Ahumada,"Centrum Mujer, multivitam\u00ednico, frasco x30 comprimidos",81111,14995.00,14995.00
45,Ahumada,Pediasure Complete Chocolate x 900 g Polvo,72810,20695.00,20695.00
46,Ahumada,Ensure Advance Frutilla x 850 g,85889,21195.00,21195.00
47,Ahumada,AB Antitusivo x 12 Comprimidos Masticables,8568,3095.00,3095.00
48,Ahumada,Pants Active Plus Plenitud G\/Xg,88091,16795.00,16795.00
49,Ahumada,N/A,N/A,N/A,N/A
50,Ahumada,N/A,N/A,N/A,N/A
51,Ahumada,Mascarilla Petrizzio Vit.C Antioxidante,88235,2199.00,2199.00
52,Ahumada,Soap & Glory Crema Manteca Corporal Tropical x 300 mL,81168005,12999.00,12999.00
53,Ahumada,Soap & Glory Gel Ducha Tropical x 500 mL,81126005,8149.00,8149.00
54,Ahumada,Antitranspirante Nivea Beauty Elixir Sensitive Spray 150ml,87797,2999.00,2999.00
55,Ahumada,Rexona Desodorante Clinical Soft Solid Men x 48 g,64466,5499.00,5499.00
56,Ahumada,Dove Antitranspirante Barra Original x 50 g,14171,3649.00,3649.00
57,Ahumada,Kotex Tampon Con Aplicador Regular x 8 Unidades,71572003,2799.00,2799.00
58,Ahumada,protectores diarios carefree\u00ae todos los dias x 100 un.,49564,3899.00,3899.00
59,Ahumada,Acondicionador Brilliant Brunette,72924,7899.00,7899.00
60,Ahumada,John Frieda Shampoo Frizz Ease Flawlessly Straight x 250 mL,84892001,7399.00,7399.00
61,Ahumada,John Frieda Acondicionador Frizz Ease Flawlessly Straight x 250 mL ,84893001,7899.00,7899.00
62,Ahumada,PHB Cepillo Dental Super 8 Medio x 1 Unidad,11618,4449.00,4449.00
63,Ahumada,"Colgate Pasta Dental Total 12 Clean Mint x 97,5 g",18959,2999.00,2999.00
64,Ahumada,enjuague bucal listerine\u00ae cuidado total x 500 ml,63732,7499.00,7499.00
65,Ahumada,Corega Ultra Crema Sin Sabor x 70 g,81085,15099.00,15099.00
66,Ahumada,BABY BA\u00d1O & SHAMPOO EUCERIN  400 ML,82079,16099.00,16099.00
67,Ahumada,Mam Mamadera Silicona 4 A\u00f1os O Mas x 330 mL,75289,11899.00,11899.00
68,Ahumada,Nido Leche En Polvo Etapa 1 Tarro x 1600 g,1551,15399.00,15399.00
69,Ahumada,Huggies Pa\u00f1al Natural Care XG x 56 Unidades,81787005,24299.00,24299.00
70,Ahumada,N/A,N/A,N/A,N/A
71,Ahumada,Althera Con Hmo 400gr,88973,22799.00,22799.00
72,Ahumada,N/A,N/A,N/A,N/A
73,Ahumada,"MODUSIK-A OFTENO SOLUCION 0,1%. 5ML",47812,38795.00,38795.00
74,Ahumada,N/A,N/A,N/A,N/A
75,Ahumada,N/A,N/A,N/A,N/A
76,Ahumada,N/A,N/A,N/A,N/A
77,Ahumada,N/A,N/A,N/A,N/A
78,Ahumada,Mestinon 60 mg x 100 Comprimidos,49350,62095.00,62095.00
79,Ahumada,Mestinon 60 mg x 100 Comprimidos,49350,62095.00,62095.00
80,Ahumada,N/A,N/A,N/A,N/A
81,Ahumada,enjuague bucal listerine\u00ae cool mint x 1000 ml,88720,7799.00,7799.00
82,Ahumada,Crema Lechuga Manos Anti Manchas 75gr,86910,2099.00,2099.00
83,Ahumada,Mamadera Avent Natural 125ml,88591,10699.00,10699.00
84,Ahumada,Mascarilla Petrizzio Vit.C Antioxidante,88235,2199.00,2199.00
85,Ahumada,Edt. Piero Butti Red 100ml.,81700,11249.00,11249.00
86,Ahumada,N/A,N/A,N/A,N/A
87,Ahumada,Bolsas Esterilizadoras Avent 5un,88599,11999.00,11999.00
88,Ahumada,Pezonera Avent 2un,88597,10999.00,10999.00
89,Ahumada,N/A,N/A,N/A,N/A
90,Ahumada,Repuesto Flujo Variable Avent Natural 2u,88594,10999.00,10999.00
91,Ahumada,Repuesto Flujo Espeso Avent Natural 2un,88593,10999.00,10999.00
92,Ahumada,Repuesto Flujo Rapido Avent Natural 2un,88595,10999.00,10999.00
93,Ahumada,Multi Oil USA x 120 C\u00e1psulas,28986,12995.00,12995.00
94,Ahumada,Crema Facial Antiarrugas Eucerin Hyaluron-FILLER Noche 50 ML,50705,29599.00,29599.00
95,Ahumada,"Centrum Mujer, multivitam\u00ednico, frasco x30 comprimidos",81111,14995.00,14995.00
96,Ahumada,Cerave Crema Hidratante Piel Seca x 454 mL,85463,15199.00,15199.00
97,Ahumada,BABY BA\u00d1O & SHAMPOO EUCERIN  400 ML,82079,16099.00,16099.00
98,Ahumada,Gillette Maquina De Afeitar Prestobarba 3 x 6 Unidades,84733,6999.00,6999.00
99,Ahumada,Multi Oil USA x 120 C\u00e1psulas,28986,12995.00,12995.00
100,Ahumada,La Roche Posay Serum Retinol B3 x 30 mL,87901,37199.00,37199.00
101,Ahumada,Loreal Crema Antiarrugas Revitalif Laser X3 D\u00eda x 50 mL,74394,17099.00,17099.00
102,Ahumada,Cerave Crema Hidratante Piel Seca x 454 mL,85463,15199.00,15199.00
103,Ahumada,Cicatricure Crema Gold Lift D\u00eda x 50 g,86980,21099.00,21099.00
104,Ahumada,Muscletech Whey Gold Cookies & Cream x 1000 g,84768,33695.00,33695.00
105,Ahumada,La Roche Posay Serum Retinol B3 x 30 mL,87901,37199.00,37199.00
106,Ahumada,Vichy Serum Mineral 89 x 50 mL,83549,25099.00,25099.00
107,Ahumada,Muscletech Nitro Tech Chocolate x 908 g,78316,33695.00,33695.00
108,Ahumada,Nan Formula Optipro Etapa 3 Tarro x 800 g,67140,13099.00,13099.00
109,Ahumada,Uriage Tratamiento anti-acne Hyseac 3-Regul x 40 ml,87531,18799.00,18799.00
110,Ahumada,BOOSTER ANTI EDAD EUCERIN HYALURON FILLER VITAMINA C 8ML,87916,16799.00,16799.00
111,Ahumada,Avene Gel De Limpieza Cara Y Cuerpo Cleanance x 400 mL,85654,18699.00,18699.00
112,Ahumada,toallitas desmaquillantes neutrogena\u00ae night calming x 25 un.,72171,3349.00,3349.00
113,Ahumada,ASEPXIA Jab\u00f3n L\u00edquido de Carb\u00f3n Purificante 200 ml,86796,6699.00,6699.00
114,Ahumada,Elixir Anti-Arrugas Q10 Power NIVEA 30ML,87398,12499.00,12499.00
115,Ahumada,N/A,N/A,N/A,N/A
116,Ahumada,Soap & Glory Mascarilla Facial Miracle Moisture x 1 Unidad,85181,4999.00,4999.00
117,Ahumada,J. Frieda Blond Sh. Go Blonder Acl 245ml,82140,7399.00,7399.00
118,Ahumada,Aquafresh Pasta Dental Big Teeth Kids x 110 g,79187,2799.00,2799.00
119,Ahumada,Cerave Crema Hidratante Piel Seca x 454 mL,85463,15199.00,15199.00
120,Ahumada,Crema Facial Antiarrugas Eucerin Hyaluron-FILLER Noche 50 ML,50705,29599.00,29599.00
121,Ahumada,Hawaiian Tropic Protector Solar Carrot FPS 10 x 240 mL,20073,11499.00,11499.00
122,Ahumada,Colgate Cepillo Dental Slimsoft Black x 2 Unidades,78550,4349.00,4349.00
123,Ahumada,Elixir Anti-Arrugas Q10 Power NIVEA 30ML,87398,12499.00,12499.00
124,Ahumada,NIVEA NATURALLY GOOD CREMA FACIAL ALOE VERA 50ml,88859,5199.00,5199.00
125,Ahumada,Pielarmina Body Crema Nutritiva Intensiva Con Avena Y Karite x 350 mL,84210002,3799.00,3799.00
126,Ahumada,Maybelline M\u00e1scara De Pesta\u00f1as Big Shot Waterproof x 9 mL,83713002,8499.00,8499.00
127,Ahumada,LOCI\u00d3N  CORPORAL LIGERA EUCERIN pH5 400 ML,86200,20399.00,20399.00
128,Ahumada,Uriage Desodorante Roll On Power3 x 50 mL,87649,9499.00,9499.00
129,Ahumada,Mustela Gel De Ba\u00f1o x 500 mL,88586,9399.00,9399.00
130,Ahumada,XRAY COLAGENO HIDROLIZADO 60 COMPRIMIDOS,89096,32995.00,32995.00
131,Ahumada,Uriage Crema Anti-Edad Multiacci\u00f3n SPF 30 Age Protect x 40 mL,87518,28399.00,28399.00
132,Ahumada,Uriage Hidratante De Labios Secos Xemose x 4 g,87554,7299.00,7299.00
133,Ahumada,Uriage Crema De Agua EAU Thermale x 40 mL,87526,18499.00,18499.00
134,Ahumada,CREMA FACIAL ANTIARRUGAS NOCHE Q10 POWER NIVEA 50ML,19545,10199.00,10199.00
135,Ahumada,GEL LIMPIADOR FACIAL EUCERIN DERMOPURE 400ML,84785,16499.00,16499.00
136,Ahumada,Crema Facial Antiarrugas Eucerin Hyaluron-FILLER Noche 50 ML,50705,29599.00,29599.00
137,Ahumada,EUCERIN ANTI-PIGMENT SERUM DUAL 30ML,86727,36399.00,36399.00
138,Ahumada,Revie Shampoo Regeneraci\u00f3n Profunda 350ml,89015,4799.00,4799.00
139,Ahumada,Influvac Tetra Vac.Ant-Influenza 1jer.Pr,87941,11995.00,11995.00
140,Ahumada,Influvac Tetra Vac.Ant-Influenza 1jer.Pr,87941,11995.00,11995.00
141,Ahumada,Influvac Tetra Vac.Ant-Influenza 1jer.Pr,87941,11995.00,11995.00
142,Ahumada,N/A,N/A,N/A,N/A
143,Ahumada,La Roche Posay Serum Retinol B3 x 30 mL,87901,37199.00,37199.00
144,Ahumada,Babysec Pa\u00f1al Super Premium Talla P x 40 Unidades,83223001,11799.00,11799.00
145,Ahumada,Pampers Premiun Care Pants XXG x 52 Unidades,85785005,24699.00,24699.00
146,Ahumada,Nido Leche En Polvo Etapa 1 Tarro x 1600 g,1551,15399.00,15399.00
147,Ahumada,Huggies Pa\u00f1al Natural Care XG x 56 Unidades,81787005,24299.00,24299.00
148,Ahumada,Pa\u00f1al babysec super premium Grande 68 Unidades,88969,23299.00,23299.00
149,Ahumada,Mustela Shampoo Suave x 200 mL,88585,6349.00,6349.00
150,Ahumada,Colgate Pack Cepillo Dental Smiles Minions Mas De 6 A\u00f1os x 1 Pack,81752,5049.00,5049.00
151,Ahumada,Ladysoft Toalla Higienica Tela Suave Nocturna x 8 Unidades,77540,1849.00,1849.00
152,Ahumada,Aquafresh Cepillo Dental Little Teeth x 1 Unidad,79179,3649.00,3649.00
153,Ahumada,Dove Jabon Liquido Recarga x 700 mL,70730,3499.00,3499.00
154,Ahumada,N/A,N/A,N/A,N/A
155,Ahumada,lubriderm\u00ae men\u2019s 3 en 1 x 400 ml,88201,7249.00,7249.00
156,Ahumada,Garnier Skin Active Mascarilla Express Aclara x 28 g,88202,2099.00,2099.00
157,Ahumada,ASEPXIA Gel Secante de Imperfecciones 28g,65400,7399.00,7399.00
158,Ahumada,Lechuga Crema Corporal Reafirmante x 350 mL,86906,3699.00,3699.00
159,Ahumada,Crema Lechuga Manos Anti Manchas 75gr,86910,2099.00,2099.00
160,Ahumada,Pielarmina Clinical Body Reparaci\u00f3n Intensiva 10% Urea x 350 mL,84188,3999.00,3999.00
161,Ahumada,N/A,N/A,N/A,N/A
162,Ahumada,Gatorade Jugo Botella Cool Blue x 750 mL,74882002,1999.00,1999.00
163,Ahumada,Cachantun Bebida Botella Gasificada x 500 mL,17448,1149.00,1149.00
164,Ahumada,Kem Bebida Botella Pi\u00f1a x 500 mL,19176,1599.00,1599.00
165,Ahumada,Red Bull Lata Energ\u00e9tica Sugar Free x 250 mL,67791,1999.00,1999.00
166,Ahumada,Ducray Acondicionador Anaphase+ Fuerza x 200 mL,84819,11799.00,11799.00
167,Ahumada,Loreal Retocador De Raiz Magic Retouch Casta\u00f1o Claro x 75 g,82166002,8999.00,8999.00
168,Ahumada,Sedal Crema Para Peinar Rizos Definidos x 300 mL,81782,2399.00,2399.00
169,Ahumada,La Coupe Acondicionador Orgnx Brazin Keratin Complex x 300 mL,78819001,8299.00,8299.00
170,Ahumada,Maybelline M\u00e1scara De Pesta\u00f1as Big Shot Waterproof x 9 mL,83713002,8499.00,8499.00
171,Ahumada,Pilexil Champu Anticaida x 300 mL Shampoo,75237,20995.00,20995.00
172,Ahumada,Pants Active Plus Plenitud G\/Xg,88091,16795.00,16795.00
173,Ahumada,N/A,N/A,N/A,N/A
174,Ahumada,"Centrum Mujer, multivitam\u00ednico, frasco x30 comprimidos",81111,14995.00,14995.00
175,Ahumada,N/A,N/A,N/A,N/A
176,Ahumada,N/A,N/A,N/A,N/A
177,Ahumada,N/A,N/A,N/A,N/A
178,Ahumada,N/A,N/A,N/A,N/A
179,Ahumada,N/A,N/A,N/A,N/A
180,Ahumada,N/A,N/A,N/A,N/A
181,Ahumada,N/A,N/A,N/A,N/A
182,Ahumada,N/A,N/A,N/A,N/A
183,Ahumada,Toalla Humeda Babysec Premium X70 Un,88977,1899.00,1899.00
184,Ahumada,Multi Oil USA x 120 C\u00e1psulas,28986,12995.00,12995.00
185,Ahumada,N/A,N/A,N/A,N/A
186,Ahumada,N/A,N/A,N/A,N/A
187,Ahumada,toallitas desmaquillantes neutrogena\u00ae night calming x 25 un.,72171,3349.00,3349.00
188,Ahumada,Cerave Crema Contorno De Ojos Reparadora x 15 mL,85385,12499.00,12499.00
189,Ahumada,N/A,N/A,N/A,N/A
190,Ahumada,N/A,N/A,N/A,N/A
191,Ahumada,Crema Facial Antiarrugas Eucerin Hyaluron-FILLER Noche 50 ML,50705,29599.00,29599.00
192,Ahumada,Babysec Pants Super Premium Xg52,89315,22599.00,22599.00
193,Ahumada,N/A,N/A,N/A,N/A
194,Ahumada,"Pa\u00f1al Merries Premium, M 42 Unidades",89845,13349.00,13349.00
195,Ahumada,Babysec Pants Super Premium Xxg48,89317,22599.00,22599.00
196,Ahumada,Babysec Pants Super Premium Gx64,89316,22599.00,22599.00
197,Ahumada,La Roche-Posay Effaclar Serum Ultra-Concentrado 30ml,89156,32799.00,32799.00
198,Ahumada,NIVEA Cellular Luminous Serum Anti Manchas 30ml,89236,18799.00,18799.00
199,Ahumada,TRATAMIENTO CAPILAR ORIGINAL REMEDIES 300 ML COCO Y CACAO,89142,5499.00,5499.00
200,Ahumada,Uriage Tratamiento anti-acne Hyseac 3-Regul x 40 ml,87531,18799.00,18799.00
201,Ahumada,Avene Serum DermAbsolu x 30 mL,86552,34499.00,34499.00
202,Ahumada,Babysec Pants Super Premium Xxg48,89317,22599.00,22599.00
203,Ahumada,Loreal Crema Revitalift Acido Hialur\u00f3nico Contorno Ojos x 15 mL,86904,10599.00,10599.00
204,Ahumada,Vichy Crema Liftactiv Collagen Specialist x 50 mL,86524,36299.00,36299.00
205,Ahumada,Crema Facial Antiarrugas Eucerin Hyaluron-FILLER Noche 50 ML,50705,29599.00,29599.00
206,Ahumada,N/A,N/A,N/A,N/A
207,Ahumada,Acondicionador Hidratante Coconut Milk Bio: Renew,84814002,7299.00,7299.00
208,Ahumada,Desodorante Spray Men Clean,87421,4199.00,4199.00
209,Ahumada,Mustela Gel De Ba\u00f1o x 500 mL,88586,9399.00,9399.00
210,Ahumada,Pilexil Champu Anticaida x 300 mL Shampoo,75237,20995.00,20995.00
211,Ahumada,Bion 3 x 30 Comprimidos Recubiertos,38354,10795.00,10795.00
212,Ahumada,Vitakron Mujer x 60 Comprimidos Recubiertos,87498,15595.00,15595.00
213,Ahumada,Supradyn Active x 30 Comprimidos Recubiertos,23500,9095.00,9095.00
214,Ahumada,Diavital Probi Kln 30 Cap,89251,18995.00,18995.00
215,Ahumada,Diavital Probi Kln 30 Cap,89251,18995.00,18995.00
216,Ahumada,N/A,N/A,N/A,N/A
217,Ahumada,N/A,N/A,N/A,N/A
218,Ahumada,Levia X 30 Capsulas,89097,17995.00,17995.00
219,Ahumada,Levia X 30 Capsulas,89097,17995.00,17995.00
220,Ahumada,Fin Shampoo - Aloe Vera 400ml,89175,7599.00,7599.00
221,Ahumada,"Hair, Skin & Nails Formula x 60 Capsulas",47155,15895.00,15895.00
222,Ahumada,"Loreal Serum Rellenador Revitalift 1,5% \u00c1cido Hialur\u00f3nico x 30 mL",87900001,11999.00,11999.00
223,Ahumada,"Loreal Serum Rellenador Revitalift 1,5% \u00c1cido Hialur\u00f3nico x 30 mL",87900001,11999.00,11999.00
224,Ahumada,"Loreal Serum Rellenador Revitalift 1,5% \u00c1cido Hialur\u00f3nico x 30 mL",87900001,11999.00,11999.00
225,Ahumada,N/A,N/A,N/A,N/A
226,Ahumada,Omega Up Vegano Dha 530 Mg X 30 Capsulas,89064,21995.00,21995.00
227,Ahumada,N/A,N/A,N/A,N/A
228,Ahumada,Probiotix Hp High Potency 30 Capsulas 12 Cepas 50 Billones Ufc,89062,28495.00,28495.00
229,Ahumada,Mascarilla Reutilizable Negra,89058,3195.00,3195.00
230,Ahumada,"Loreal Serum Rellenador Revitalift 1,5% \u00c1cido Hialur\u00f3nico x 30 mL",87900001,11999.00,11999.00
231,Ahumada,"Loreal Serum Rellenador Revitalift 1,5% \u00c1cido Hialur\u00f3nico x 30 mL",87900001,11999.00,11999.00
232,Ahumada,Elcal Flex X 30 Sobres,89110,23595.00,23595.00
233,Ahumada,Elcal Flex X 30 Sobres,89110,23595.00,23595.00
234,Ahumada,Huggies Pa\u00f1al Natural Care XG x 56 Unidades,81787005,24299.00,24299.00
235,Ahumada,Bion 3 x 30 Comprimidos Recubiertos,38354,10795.00,10795.00
236,Ahumada,Sunvit Life Multi Women x 60 Comprimidos,84241,16195.00,16195.00
237,Ahumada,N/A,N/A,N/A,N/A
238,Ahumada,N/A,N/A,N/A,N/A
239,Ahumada,Plenitud Pa\u00f1al Desechable Adulto Protect G x 22 Unidades,82507,18895.00,18895.00
240,Ahumada,N/A,N/A,N/A,N/A
241,Ahumada,Pants Active Plus Plenitud P\/M,88090,17495.00,17495.00
242,Ahumada,Fresh Mel 5 mg Miel Limon x 12 Comprimidos,65526,3795.00,3795.00
243,Ahumada,AB Antitusivo x 12 Comprimidos Masticables,8568,3095.00,3095.00
244,Ahumada,EUCERIN HYALURON FILLER +ELASTICITY 3D SERUM 30ML,89217,37599.00,37599.00
245,Ahumada,Ensure Advance Frutilla x 850 g,85889,21195.00,21195.00
246,Ahumada,Vichy Crema Liftactiv Collagen Specialist x 50 mL,86524,36299.00,36299.00
247,Ahumada,Crema Facial Antiarrugas Eucerin Hyaluron-FILLER Noche 50 ML,50705,29599.00,29599.00
248,Ahumada,Avene Crema B\u00e1sica DermAbsolu Dia x 40 mL,86518,33599.00,33599.00
249,Ahumada,Loreal Crema Revitalift Acido Hialur\u00f3nico Dia FPS 20 x 50 mL,86957001,10599.00,10599.00
250,Ahumada,toallitas desmaquillantes neutrogena\u00ae night calming x 25 un.,72171,3349.00,3349.00
251,Ahumada,NIVEA Cellular Luminous Fluido Anti Manchas 40ml,89235,16799.00,16799.00
252,Ahumada,NIVEA Cellular Luminous Serum Anti Manchas 30ml,89236,18799.00,18799.00
253,Ahumada,ACONDICIONADOR ORIGINAL REMEDIES 250 ML ELIX. DE ARGAN,89144,5399.00,5399.00
254,Ahumada,Fructis Acondicionador Aloe Hidra Bomb x 350 mL,32017016,3199.00,3199.00
255,Ahumada,N/A,N/A,N/A,N/A
256,Ahumada,N/A,N/A,N/A,N/A
257,Ahumada,Gillette Hoja Mach3 Hercules x 1 Unidad,67738,6249.00,6249.00
258,Ahumada,Antitranspirante Nivea Beauty Elixir Sensitive Spray 150ml,87797,2999.00,2999.00
259,Ahumada,Dove Antitranspirante Spray Invisible Dry x 150 mL,83551003,3299.00,3299.00
260,Ahumada,Rexona Desodorante Clinical Soft Solid Men x 48 g,64466,5499.00,5499.00
261,Ahumada,Dove Jabon Liquido Recarga x 700 mL,70730,3499.00,3499.00
262,Ahumada,Nosotras Toalla Higienica Tela Malla Con Alas x 16 Unidades,50477,2899.00,2899.00
263,Ahumada,Ladysoft Tampon Regular Medio x 8 Unidades,76168001,2799.00,2799.00
264,Ahumada,Nido Leche En Polvo Etapa 1 Bolsa x 800 g,50182,8149.00,8149.00
265,Ahumada,Mustela Gel De Ba\u00f1o x 500 mL,88586,9399.00,9399.00
266,Ahumada,"Chupete soothie +3 meses, Ni\u00f1o",89000001,10999.00,10999.00
267,Ahumada,Pampers Pa\u00f1al Premium Care P x 36 Unidades,83207001,9599.00,9599.00
268,Ahumada,Huggies Pa\u00f1al Natural Care XG x 56 Unidades,81787005,24299.00,24299.00
269,Ahumada,Pampers Pa\u00f1al Premium Care P x 36 Unidades,83207001,9599.00,9599.00
270,Ahumada,Maybelline Labial Super Stay 24H Continuous Coral x 1 Unidad,70950007,6899.00,6899.00
271,Ahumada,N/A,N/A,N/A,N/A
272,Ahumada,N/A,N/A,N/A,N/A
273,Ahumada,Avene Gel De Limpieza Cara Y Cuerpo Cleanance x 400 mL,85654,18699.00,18699.00
274,Ahumada,Nido Leche En Polvo Forticrece Sin Lactora x 1440 g,82948,15649.00,15649.00
275,Ahumada,Mustela Gel De Ba\u00f1o x 500 mL,88586,9399.00,9399.00
276,Ahumada,Ladysoft Toalla Higienica Tela Suave Nocturna x 8 Unidades,77540,1849.00,1849.00
277,Ahumada,Nosotras Tampon Regular Con Aplicador x 8 Unidades,60339,2749.00,2749.00
278,Ahumada,Dove Jabon Liquido Recarga x 700 mL,70730,3499.00,3499.00
279,Ahumada,Crema facial NIVEA Rose Care en Gel 50ml,88860,6899.00,6899.00
280,Ahumada,Petrizzio Toallitas Desmaquillantes Hidrashock x 25 Unidades,86982001,1699.00,1699.00
281,Ahumada,Loreal Crema UV Defender Hidratacion Intensa FPS50+ x 40 g,88643,9399.00,9399.00
282,Ahumada,N/A,N/A,N/A,N/A
283,Ahumada,Cachantun Bebida Botella Gasificada x 500 mL,17448,1149.00,1149.00
284,Ahumada,Kem Bebida Botella Pi\u00f1a x 500 mL,19176,1599.00,1599.00
285,Ahumada,Red Bull Lata Energ\u00e9tica Sugar Free x 250 mL,67791,1999.00,1999.00
286,Ahumada,Ducray Crema Control Keracnyl Para Pieles Grasas Con Tendencia Acn\u00e9ica x 30 mL,81410,17699.00,17699.00
287,Ahumada,Nutrisse Cor Intensa Tintura 8.1 Rubio Claro Ceniza x 1 Unidad,72894019,2899.00,2899.00
288,Ahumada,N/A,N/A,N/A,N/A
289,Ahumada,N/A,N/A,N/A,N/A
290,Ahumada,Naturaloe Acondicionador Argan x 350 mL,88206,8599.00,8599.00
291,Ahumada,Maybelline Labial Super Stay 24H Continuous Coral x 1 Unidad,70950007,6899.00,6899.00
292,Ahumada,Pepsodent Pasta Dental Integral 18 Herbal Gum Care x 75 mL,87019,2199.00,2199.00
293,Ahumada,Babysec Pa\u00f1al Super Premium M x 38 Unidades,83223006,11799.00,11799.00
294,Ahumada,"Cinta Adhesiva Micropore Blanca 25mm x 9,1mts",6289,7095.00,7095.00
295,Ahumada,Parche Impermeable Transparente. Tama\u00f1o surtido,79773,7495.00,7495.00
296,Ahumada,Vichy Liftactiv H.A Epidermic Filler,89074,33699.00,33699.00
297,Ahumada,Vichy Liftactiv H.A Epidermic Filler,89074,33699.00,33699.00
298,Ahumada,Contorno De Ojos Gel Boots Vit C 15 Ml,88540,3349.00,3349.00
299,Ahumada,Pack P. Dent. Aquafresh Advan. 2un.,83811,3599.00,3599.00
300,Ahumada,Pack P. Dent. Aquafresh Advan. 2un.,83811,3599.00,3599.00
301,Ahumada,Maybelline M\u00e1scara De Pesta\u00f1as Big Shot Waterproof x 9 mL,83713002,8499.00,8499.00
302,Ahumada,Vichy Crema Liftactiv Supreme x 50 mL,78839,32799.00,32799.00
303,Ahumada,N/A,N/A,N/A,N/A
304,Ahumada,N/A,N/A,N/A,N/A
305,Ahumada,N/A,N/A,N/A,N/A
306,Ahumada,N/A,N/A,N/A,N/A
307,Ahumada,N/A,N/A,N/A,N/A
308,Ahumada,N/A,N/A,N/A,N/A
309,Ahumada,Garnier Loci\u00f3n Micelar En Aceite x 400 mL,83567,6499.00,6499.00
310,Ahumada,Cepillos Flexipicks Recto 40un,89338,4699.00,4699.00
311,Ahumada,N/A,N/A,N/A,N/A
312,Ahumada,N/A,N/A,N/A,N/A
313,Ahumada,N/A,N/A,N/A,N/A
314,Ahumada,"Loreal Serum Rellenador Revitalift 1,5% \u00c1cido Hialur\u00f3nico x 30 mL",87900001,11999.00,11999.00
315,Ahumada,N/A,N/A,N/A,N/A
316,Ahumada,La Roche Posay Serum Retinol B3 x 30 mL,87901,37199.00,37199.00
317,Ahumada,N/A,N/A,N/A,N/A
318,Ahumada,N/A,N/A,N/A,N/A
319,Ahumada,Diavital Probi Kln 30 Cap,89251,18995.00,18995.00
320,Ahumada,NIVEA NATURALLY GOOD CREMA FACIAL ALOE VERA 50ml,88859,5199.00,5199.00
321,Ahumada,N/A,N/A,N/A,N/A
322,Ahumada,N/A,N/A,N/A,N/A
323,Ahumada,N/A,N/A,N/A,N/A
324,Ahumada,CREMA FACIAL ANTIARRUGAS EUCERIN ELASTICITY+FILLER DIA 50 ML,83204,30999.00,30999.00
325,Ahumada,Vichy Liftactiv H.A Epidermic Filler,89074,33699.00,33699.00
326,Ahumada,Cepillos Flexipicks Recto 40un,89338,4699.00,4699.00
327,Ahumada,Parche Infantil Impermeable Animales,86932,4895.00,4895.00
328,Ahumada,Pack Rutina Nivea Hidratante Piel Seca D\u00eda 50ml + Noche 50ml,89358,7299.00,7299.00
329,Ahumada,Estuche Hyaluron Filler Dia Fps30 50ml + Noche 20ml + Mascarilla + Mini Sun Antiedad 5ml,89434,36599.00,36599.00
330,Ahumada,No 7 Crema Protect & Perfect Intense Advance Noche x 50 mL,81305,21999.00,21999.00
331,Ahumada,Pedialyte 60 Sabor Uva x 500 mL Solucion Oral,71573,5195.00,5195.00
332,Ahumada,Pack Cicatricure Anti Edad: Piel M\u00e1s Joven,89420,17999.00,17999.00
333,Ahumada,Cerave Crema Hidratante Piel Seca x 454 mL,85463,15199.00,15199.00
334,Ahumada,Pack Revie Regeneracion Profunda: Shampoo + Mascara,89425,8199.00,8199.00
335,Ahumada,Maybelline M\u00e1scara De Pesta\u00f1as Big Shot Waterproof x 9 mL,83713002,8499.00,8499.00
336,Ahumada,Loreal Labial Infallible Permanent Blush 111 x 1 Unidad,75088003,7399.00,7399.00
337,Ahumada,Perfume Antonio Banderas Blue Seduction Woman EDT Mujer,86989,25999.00,25999.00
338,Ahumada,N/A,N/A,N/A,N/A
339,Ahumada,No 7 Crema Lift & Luminate Triple Acci\u00f3n Dia x 50 mL,81310,21999.00,21999.00
340,Ahumada,No 7 Serum Firming Booster Laboratories x 30mL,87674,22799.00,22799.00
341,Ahumada,Botanics Serum Facial Triple Age Renegal x 30 mL,81483,14299.00,14299.00
342,Ahumada,Soap & Glory Crema Manteca Corporal Tropical x 300 mL,81168005,12999.00,12999.00
343,Ahumada,Vichy Serum Mineral 89 x 50 mL,83549,25099.00,25099.00
344,Ahumada,Uriage Agua Micelar Termal Pieles Sensibles x 250 mL,87508,11499.00,11499.00
345,Ahumada,La Roche Posay Agua Micelar Piel Reactiva x 400 mL,83547,15999.00,15999.00
346,Ahumada,Avene Gel De Limpieza Cara Y Cuerpo Cleanance x 400 mL,85654,18699.00,18699.00
347,Ahumada,Vichy Serum Mineral 89 x 50 mL,83549,25099.00,25099.00
348,Ahumada,N/A,N/A,N/A,N/A
349,Ahumada,La Roche-Posay Effaclar Serum Ultra-Concentrado 30ml,89156,32799.00,32799.00
350,Ahumada,PROTECTOR SOLAR FACIAL GEL CREMA OIL CONTROL FPS 50+ 50ML ,79924,18099.00,18099.00
351,Ahumada,La Roche-Posay Effaclar Serum Ultra-Concentrado 30ml,89156,32799.00,32799.00
352,Ahumada,Crema Facial Antiarrugas Eucerin Hyaluron-FILLER Noche 50 ML,50705,29599.00,29599.00
353,Ahumada,Vichy Liftactiv H.A Epidermic Filler,89074,33699.00,33699.00
354,Ahumada,Multi Oil USA x 120 C\u00e1psulas,28986,12995.00,12995.00
355,Ahumada,Vichy Serum Mineral 89 x 50 mL,83549,25099.00,25099.00
356,Ahumada,Uriage Protector Solar Fluido Ultra Ligero SPF 50+ Bari\u00e9sun x 30 mL,87545,11399.00,11399.00
357,Ahumada,La Roche Posay Serum Retinol B3 x 30 mL,87901,37199.00,37199.00
358,Ahumada,Agua Micel Bif\u00bfS L-Roche P Phys 400ml,88864,18599.00,18599.00
359,Ahumada,Isdin Gel Crema Ureadin\u00ae Contorno De Ojos FPS 20 x 15 mL,75488,21299.00,21299.00
360,Ahumada,Crema Facial Antiarrugas Eucerin Hyaluron-FILLER D\u00eda P.Seca 50 ML,50706,29099.00,29099.00
361,Ahumada,CREMA FACIAL ANTIARRUGAS EUCERIN ELASTICITY+FILLER DIA 50 ML,83204,30999.00,30999.00
362,Ahumada,EUCERIN ANTI-PIGMENT SERUM DUAL 30ML,86727,36399.00,36399.00
363,Ahumada,Vichy Liftactiv Specialist Peptide-C Ampollas Anti-Edad x 10 Ampollas,87748,22799.00,22799.00
364,Ahumada,Nivea Crema Hyaluron Cellular Filler D\u00eda x 50 mL,87399,14699.00,14699.00
365,Ahumada,NIVEA Q10 Energy Crema de D\u00eda 50ml,88484,11499.00,11499.00
366,Ahumada,Loreal Crema Hidra Total 5 Colageno 35 x 50 mL,82003,5399.00,5399.00
367,Ahumada,Cicatricure Crema Gold Lift D\u00eda x 50 g,86980,21099.00,21099.00
368,Ahumada,Cerave Crema Contorno De Ojos Reparadora x 15 mL,85385,12499.00,12499.00
369,Ahumada,hidratante facial neutrogena\u00ae hydro boost\u00ae water gel x 50 gr.,83466,10649.00,10649.00
370,Ahumada,NIVEA Cellular Luminous Serum Anti Manchas 30ml,89236,18799.00,18799.00
371,Ahumada,N/A,N/A,N/A,N/A
372,Ahumada,Contorno De Ojos Gel Boots Vit C 15 Ml,88540,3349.00,3349.00
373,Ahumada,Boots Crema Facial Cucumber Hidratante x 1 Unidad,86743,4199.00,4199.00
374,Ahumada,Desmaq De Ojos Boots Fragance Free 150ml,88565,4199.00,4199.00
375,Ahumada,m\u00e1scara facial de hidrogel neutrogena hydro boost 30ml,86847002,3299.00,3299.00
376,Ahumada,Cerave Crema Reparadora De Manos x 50 mL,87935,4699.00,4699.00
377,Ahumada,EUCERIN AQUAPHOR LABIOS 10ML,88247,5999.00,5999.00
378,Ahumada,La Roche-Posay Lipikar Baume AP+M Tratamiento Relipidizante Para Pieles Secas Y At\u00f3picas x 400 mL,88124,27399.00,27399.00
379,Ahumada,LOCI\u00d3N CORPORAL NIVEA NATURALLY GOOD CACAO 350ML,88856,5699.00,5699.00
380,Ahumada,Maam Crema Reafirmante Intensivo x 200 g,6496,17199.00,17199.00
381,Ahumada,Cerave Crema Hidratante Piel Seca x 454 mL,85463,15199.00,15199.00
382,Ahumada,Vichy Shampoo Dercos Energizante Antica\u00ed\u00adda x 400 mL,82286,18699.00,18699.00
383,Ahumada,Uriage Shampoo Anticaspa DS Hair x 200 mL,87538,11699.00,11699.00
384,Ahumada,EUCERIN DERMOCAPILLAIRE SHAMPOO ANTICASPA GEL 250 ML,74062,13099.00,13099.00
385,Ahumada,TRATAMIENTO CAPILAR ORIGINAL REMEDIES 300 ML COCO Y CACAO,89142,5499.00,5499.00
386,Ahumada,Fin Shampoo - Aloe Vera 400ml,89175,7599.00,7599.00
387,Ahumada,John Frieda Shampoo Frizz Ease Flawlessly Straight x 250 mL,84892001,7399.00,7399.00
388,Ahumada,Revie Shampoo Regeneraci\u00f3n Profunda 350ml,89015,4799.00,4799.00
389,Ahumada,"Loreal Serum Rellenador Revitalift 1,5% \u00c1cido Hialur\u00f3nico x 30 mL",87900001,11999.00,11999.00
390,Ahumada,Petrizzio Cuatripack Todo Tipo De Piel Crema Hidratante FPS 15 + Crema Nutritiva + Leche De limpieza + Loci\u00f3n T\u00f3nica x 1 Pack Mam\u00e1,46973,8199.00,8199.00
391,Ahumada,Maybelline M\u00e1scara De Pesta\u00f1as Big Shot Waterproof x 9 mL,83713002,8499.00,8499.00
392,Ahumada,Maybelline M\u00e1scara De Pesta\u00f1as Big Shot Waterproof x 9 mL,83713002,8499.00,8499.00
393,Ahumada,Vichy Serum Mineral 89 x 50 mL,83549,25099.00,25099.00
394,Ahumada,Uriage Desodorante Roll On Power3 x 50 mL,87649,9499.00,9499.00
395,Ahumada,Pack Vichy Collagen Specialist: Anti-Arrugas,89401,34999.00,34999.00
396,Ahumada,Pack Cicatricure Anti Edad: Piel M\u00e1s Joven,89420,17999.00,17999.00
397,Ahumada,FLUIDO FACIAL MATIFICANTE EUCERIN DERMOPURE 50 ML,72419,16499.00,16499.00
398,Ahumada,Revie Shampoo Regeneraci\u00f3n Profunda 350ml,89015,4799.00,4799.00
399,Ahumada,Garnier Agua Micelar Express Aclara x 400 mL,87858001,4999.00,4999.00
400,Ahumada,N/A,N/A,N/A,N/A
401,Ahumada,Colgate Pasta Dental Alivio Repara Esmalte x 110 g,77650,6699.00,6699.00
402,Ahumada,enjuague bucal listerine\u00ae cool mint zero alcohol x 1 lt,76374,7799.00,7799.00
403,Ahumada,N/A,N/A,N/A,N/A
404,Ahumada,Ducray Tratamiento Anacaps Activ+ x 30 C\u00e1psulas,80526,17999.00,17999.00
405,Ahumada,Pielarmina Crema Manos Casta\u00f1a x 80 g,83570,1999.00,1999.00
406,Ahumada,Avent Chupete Silicona Transparente 0 A 6 Meses x 2 Unidades,72904,11299.00,11299.00
407,Ahumada,Nan Formula Optipro Etapa 3 Tarro x 800 g,67140,13099.00,13099.00
408,Ahumada,PRESERVATIVO TROJAN FIRE & ICE 10 UN,89083,9995.00,9995.00
409,Ahumada,ESMALTE XTREME WEAR LACEY LILAC SALLY HANSEN,77946002,3199.00,3199.00
410,Ahumada,Avene Gel De Limpieza Cara Y Cuerpo Cleanance x 400 mL,85654,18699.00,18699.00
411,Ahumada,Huggies Pa\u00f1al Natural Care P x 34 Unidades,87431,9599.00,9599.00
412,Ahumada,Maybelline M\u00e1scara De Pesta\u00f1as Big Shot Waterproof x 9 mL,83713002,8499.00,8499.00
413,Ahumada,Cetaphil Loci\u00f3n Humectante x 473 mL,50093,29999.00,29999.00
414,Ahumada,Maybelline Corrector Ojos Eraser 6 Neutral x 6 mL,85308006,5699.00,5699.00
415,Ahumada,Pa\u00f1al babysec super premium Grande 68 Unidades,88969,23299.00,23299.00
416,Ahumada,Pilexil Champu Anticaida x 300 mL Shampoo,75237,20995.00,20995.00
417,Ahumada,Pediasure Complete Chocolate x 900 g Polvo,72810,20695.00,20695.00
418,Ahumada,Bion 3 x 30 Comprimidos Recubiertos,38354,10795.00,10795.00
419,Ahumada,Multi Oil USA x 120 C\u00e1psulas,28986,12995.00,12995.00
420,Ahumada,Gelicart Colageno Hidrolizado x 30 Sobres,73419,25695.00,25695.00
421,Ahumada,Pack Vichy Collagen Specialist: Anti-Arrugas,89401,34999.00,34999.00
422,Ahumada,Pack Vichy Collagen Specialist: Anti-Arrugas,89401,34999.00,34999.00
423,Ahumada,Pack Vichy Collagen Specialist: Anti-Arrugas,89401,34999.00,34999.00
424,Ahumada,Similac Formula Etapa 3 x 900 g,77922,12599.00,12599.00
425,Ahumada,Soap & Glory Exfoliante Corporal Pink x 300 mL,81167001,12899.00,12899.00
426,Ahumada,Soap & Glory Exfoliante Corporal Pink x 300 mL,81167001,12899.00,12899.00
427,Ahumada,Avene Serum DermAbsolu x 30 mL,86552,34499.00,34499.00
428,Ahumada,Vichy Liftactiv H.A Epidermic Filler,89074,33699.00,33699.00
429,Ahumada,Diavital Probi Kln 30 Cap,89251,18995.00,18995.00
430,Ahumada,N/A,N/A,N/A,N/A
431,Ahumada,N/A,N/A,N/A,N/A
432,Ahumada,N/A,N/A,N/A,N/A
433,Ahumada,N/A,N/A,N/A,N/A
434,Ahumada,N/A,N/A,N/A,N/A
435,Ahumada,N/A,N/A,N/A,N/A
436,Ahumada,DONEPEZILO CLORHIDRATO 10MG 30COMP REC,88442,26495.00,26495.00
437,Ahumada,DONEPEZILO CLORHIDRATO 10MG 30COMP REC,88442,26495.00,26495.00
438,Ahumada,Vichy Serum Mineral 89 x 50 mL,83549,25099.00,25099.00
439,Ahumada,La Roche Posay Agua Micelar Piel Reactiva x 400 mL,83547,15999.00,15999.00
440,Ahumada,Avene Gel De Limpieza Cara Y Cuerpo Cleanance x 400 mL,85654,18699.00,18699.00
441,Ahumada,Uriage Protector Solar Fluido Ultra Ligero SPF 50+ Bari\u00e9sun x 30 mL,87545,11399.00,11399.00
442,Ahumada,EUCERIN ANTI-PIGMENT SERUM DUAL 30ML,86727,36399.00,36399.00
443,Ahumada,Broncotusilan Pediatrico 100 mg\/5 mL x 120 mL Soluci\u00f3n Oral,47600,5395.00,5395.00
444,Ahumada,Toalla Humeda Pampers Rn 48un,88413,1999.00,1999.00
445,Ahumada,N/A,N/A,N/A,N/A
446,Ahumada,N/A,N/A,N/A,N/A
447,Ahumada,N/A,N/A,N/A,N/A
448,Ahumada,N/A,N/A,N/A,N/A
449,Ahumada,N/A,N/A,N/A,N/A
450,Ahumada,N/A,N/A,N/A,N/A
451,Ahumada,N/A,N/A,N/A,N/A
452,Ahumada,Vitamina C 1000 Mg. 100 Comprimidos,89473,11995.00,11995.00
453,Ahumada,Mam Chupete Silicona Night 6 O Mas Meses x 2 Unidades,67973,12099.00,12099.00
454,Ahumada,Huggies Pa\u00f1al Natural Care P x 34 Unidades,87431,9599.00,9599.00
455,Ahumada,Pa\u00f1al babysec super premium Grande 68 Unidades,88969,23299.00,23299.00
456,Ahumada,Nido Leche En Polvo Etapa 1 Tarro x 1600 g,1551,15399.00,15399.00
457,Ahumada,Avent Mamadera Natural x 260 mL,40922,11199.00,11199.00
458,Ahumada,Huggies Pa\u00f1al Natural Care XG x 56 Unidades,81787005,24299.00,24299.00
459,Ahumada,protectores diarios carefree\u00ae todos los dias x 100 un.,49564,3899.00,3899.00
460,Ahumada,Pepsodent Pasta Dental Integral 18 Herbal Gum Care x 75 mL,87019,2199.00,2199.00
461,Ahumada,Always Toalla Higienica Ultrafina Con Alas x 24 Unidades,68319,3299.00,3299.00
462,Ahumada,carefree\u00ae\u00a0protecci\u00f3n con perfume x 100 un,38534,3799.00,3799.00
463,Ahumada,Rexona Clinical Desodorante Crema Extra Dry x 48 g,76162001,5999.00,5999.00
464,Ahumada,Dove Antitranspirante Spray Fresh Pepino x 150 mL,83551008,3299.00,3299.00
465,Ahumada,DESODORANTE SPRAY NIVEA MEN SENSITIVE PROTECT150ML,72693,2999.00,2999.00
466,Ahumada,Axe Desodorante Spray Musk x 150 mL,79343003,3149.00,3149.00
467,Ahumada,Bion 3 x 30 Comprimidos Recubiertos,38354,10795.00,10795.00
468,Ahumada,EUCERIN AQUAPHOR LABIOS 10ML,88247,5999.00,5999.00
469,Ahumada,Viternum Vitaminado x 125 mL Solucion Para Preparacion Extemporanea,8935,23695.00,23695.00
470,Ahumada,Bisolvon Infantil 4 mg\/5 mL x 120 mL Jarabe,301,7095.00,7095.00
471,Ahumada,Diavital Probi Kln 30 Cap,89251,18995.00,18995.00
472,Ahumada,"Centrum Mujer, multivitam\u00ednico, frasco x30 comprimidos",81111,14995.00,14995.00
473,Ahumada,Diavital Probi Kln 30 Cap,89251,18995.00,18995.00
474,Ahumada,Pediasure Complete Chocolate x 900 g Polvo,72810,20695.00,20695.00
475,Ahumada,N/A,N/A,N/A,N/A
476,Ahumada,Muscletech Nitro Tech Cookies 4lb 1818gr,84766,54995.00,54995.00
477,Ahumada,N/A,N/A,N/A,N/A
478,Ahumada,N/A,N/A,N/A,N/A
479,Ahumada,Plenitud Pa\u00f1al Desechable Adulto Protect G x 22 Unidades,82507,18895.00,18895.00
480,Ahumada,Cotidian Pants Ultraprotect G x 30 Unidades,87940,19895.00,19895.00
481,Ahumada,Compresa Frio Calor Rodilla x 1 Unidad,87265,11595.00,11595.00
482,Ahumada,Vichy Liftactiv H.A Epidermic Filler,89074,33699.00,33699.00
483,Ahumada,Desodorante Stick Clinical Bi-O Exp. Aclara 40g,88802,4699.00,4699.00
484,Ahumada,Vichy Liftactiv H.A Epidermic Filler,89074,33699.00,33699.00
485,Ahumada,N/A,N/A,N/A,N/A
486,Ahumada,N/A,N/A,N/A,N/A
487,Ahumada,N/A,N/A,N/A,N/A
488,Ahumada,N/A,N/A,N/A,N/A
489,Ahumada,Dormonid 5mg. Caja 10 Amp.5ml.,3811,18895.00,18895.00
490,Ahumada,Grifodilzem 60 Mg X 20 Comp,89071,7995.00,7995.00
491,Ahumada,Grifodilzem 60 Mg X 20 Comp,89071,7995.00,7995.00
492,Ahumada,Elmex Enjuague Bucal Sensitive x 400 mL,87645,7799.00,7799.00
493,Ahumada,Cerave Crema Hidratante Piel Seca x 454 mL,85463,15199.00,15199.00
494,Ahumada,Dove Men Desodorante Spray Clean Comfort Men x 150 mL,69857001,3099.00,3099.00
495,Ahumada,"Maybelline M\u00e1scara De Pesta\u00f1as Total Temptation Blackest Black Washable x 8,25 g",85661002,8299.00,8299.00
496,Ahumada,Babysec Toallitas Humedas Super Premium x 40 Unidades,86725,1649.00,1649.00
497,Ahumada,Elmex Enjuague Bucal Anticaries x 400 mL,87643,7799.00,7799.00
498,Ahumada,Corega Ultra Crema Sin Sabor x 20 g,70547,6499.00,6499.00
499,Ahumada,Colgate Pasta Dental Luminous Charcoal x 90 g,87971,3499.00,3499.00
500,Ahumada,Garnier Agua Micelar Express Aclara x 400 mL,87858001,4999.00,4999.00
501,Ahumada,Colgate Pasta Dental Alivio Repara Esmalte x 110 g,77650,6699.00,6699.00
502,Ahumada,enjuague bucal listerine\u00ae cool mint zero alcohol x 1 lt,76374,7799.00,7799.00
503,Ahumada,TOP COAT DOUBLE DUTY SALLY HANSEN,85122,4499.00,4499.00
504,Ahumada,Maybelline Mascara Pesta\u00f1a Great Lash Negro Waterproof x 1 Unidad,14599,2999.00,2999.00
505,Ahumada,Pielarmina Crema Manos Casta\u00f1a x 80 g,83570,1999.00,1999.00
506,Ahumada,Pack Vichy Collagen Specialist: Anti-Arrugas,89401,34999.00,34999.00
507,Ahumada,EST.LUBRIDERM CREMA 200+CP120,69571,5449.00,5449.00
508,Ahumada,"Loreal Serum Rellenador Revitalift 1,5% \u00c1cido Hialur\u00f3nico x 30 mL",87900001,11999.00,11999.00
509,Ahumada,N/A,N/A,N/A,N/A
510,Ahumada,hidratante facial neutrogena\u00ae hydro boost\u00ae water gel x 50 gr.,83466,10649.00,10649.00
511,Ahumada,Avene Gel De Limpieza Cara Y Cuerpo Cleanance x 400 mL,85654,18699.00,18699.00
512,Ahumada,Uriage Protector Solar Fluido Ultra Ligero SPF 50+ Bari\u00e9sun x 30 mL,87545,11399.00,11399.00
513,Ahumada,Estuche Hyaluron Filler Dia Fps30 50ml + Noche 20ml + Mascarilla + Mini Sun Antiedad 5ml,89434,36599.00,36599.00
514,Ahumada,Loreal Revitalift Crema Cuidado D\u00eda FPS 30 50 mL + Crema Cuidado Noche 50 mL x 1 Pack Mam\u00e1,80170,14799.00,14799.00
515,Ahumada,EST.LUBRIDERM CREMA 200+CP120,69571,5449.00,5449.00
516,Ahumada,Huggies Pa\u00f1al Natural Care P x 34 Unidades,87431,9599.00,9599.00
517,Ahumada,Estuche Hyaluron Filler Dia Fps30 50ml + Noche 20ml + Mascarilla + Mini Sun Antiedad 5ml,89434,36599.00,36599.00
518,Ahumada,Vichy Liftactiv H.A Epidermic Filler,89074,33699.00,33699.00
519,Ahumada,EST.LUBRIDERM CREMA 200+CP120,69571,5449.00,5449.00
520,Ahumada,Avene Serum DermAbsolu x 30 mL,86552,34499.00,34499.00
521,Ahumada,HYSEAC PATE SOS P 15G,87533,10999.00,10999.00
522,Ahumada,Estuche Hyaluron Filler Dia Fps30 50ml + Noche 20ml + Mascarilla + Mini Sun Antiedad 5ml,89434,36599.00,36599.00
523,Ahumada,Loreal Revitalift Crema Cuidado D\u00eda FPS 30 50 mL + Crema Cuidado Noche 50 mL x 1 Pack Mam\u00e1,80170,14799.00,14799.00
524,Ahumada,EST.LUBRIDERM CREMA 200+CP120,69571,5449.00,5449.00
525,Ahumada,N/A,N/A,N/A,N/A
526,Ahumada,Avene Serum DermAbsolu x 30 mL,86552,34499.00,34499.00
527,Ahumada,Pack Cicatricure Anti Manchas: Aclara Y Unifica + Vit C,89421,23999.00,23999.00
528,Ahumada,La Roche Posay Agua Micelar Piel Reactiva x 400 mL,83547,15999.00,15999.00
529,Ahumada,Avene Gel De Limpieza Cara Y Cuerpo Cleanance x 400 mL,85654,18699.00,18699.00
530,Ahumada,Uriage Protector Solar Fluido Ultra Ligero SPF 50+ Bari\u00e9sun x 30 mL,87545,11399.00,11399.00
531,Ahumada,EUCERIN ANTI-PIGMENT SERUM DUAL 30ML,86727,36399.00,36399.00
532,Ahumada,Vichy Serum Mineral 89 x 50 mL,83549,25099.00,25099.00
533,Ahumada,Maybelline Corrector Ojos Eraser 6 Neutral x 6 mL,85308006,5699.00,5699.00
534,Ahumada,Avene Gel De Limpieza Cara Y Cuerpo Cleanance x 400 mL,85654,18699.00,18699.00
535,Ahumada,FLUIDO FACIAL MATIFICANTE EUCERIN DERMOPURE 50 ML,72419,16499.00,16499.00
536,Ahumada,Revie Shampoo Regeneraci\u00f3n Profunda 350ml,89015,4799.00,4799.00
537,Ahumada,N/A,N/A,N/A,N/A
538,Ahumada,N/A,N/A,N/A,N/A
539,Ahumada,N/A,N/A,N/A,N/A
540,Ahumada,N/A,N/A,N/A,N/A
541,Ahumada,N/A,N/A,N/A,N/A
542,Ahumada,N/A,N/A,N/A,N/A
543,Ahumada,N/A,N/A,N/A,N/A
544,Ahumada,N/A,N/A,N/A,N/A
545,Ahumada,N/A,N/A,N/A,N/A
546,Ahumada,N/A,N/A,N/A,N/A
547,Ahumada,N/A,N/A,N/A,N/A
548,Ahumada,N/A,N/A,N/A,N/A
549,Ahumada,N/A,N/A,N/A,N/A
550,Ahumada,N/A,N/A,N/A,N/A
551,Ahumada,N/A,N/A,N/A,N/A
552,Ahumada,N/A,N/A,N/A,N/A
553,Ahumada,N/A,N/A,N/A,N/A
554,Ahumada,N/A,N/A,N/A,N/A
555,Ahumada,N/A,N/A,N/A,N/A
556,Ahumada,N/A,N/A,N/A,N/A
557,Ahumada,N/A,N/A,N/A,N/A
558,Ahumada,N/A,N/A,N/A,N/A
559,Ahumada,N/A,N/A,N/A,N/A
560,Ahumada,N/A,N/A,N/A,N/A
561,Ahumada,N/A,N/A,N/A,N/A
562,Ahumada,N/A,N/A,N/A,N/A
563,Ahumada,N/A,N/A,N/A,N/A
564,Ahumada,Apetrol x 120 mL Jarabe,2037,11995.00,11995.00
565,Ahumada,No 7 Serum Cara Y Cuello Restore & Renew x 75 g,85076,23299.00,23299.00
566,Ahumada,Ducray Tratamiento Anacaps Activ+ x 30 C\u00e1psulas,80526,17999.00,17999.00
567,Ahumada,Vichy Liftactiv H.A Epidermic Filler,89074,33699.00,33699.00
568,Ahumada,Nido Leche En Polvo Etapa 1 Tarro x 1600 g,1551,15399.00,15399.00
569,Ahumada,Avene Agua Micelar Cleanace Para Pieles Grasas Con Imperfecciones x 400 mL,86521,16999.00,16999.00
570,Ahumada,Avene Agua Micelar Cleanace Para Pieles Grasas Con Imperfecciones x 400 mL,86521,16999.00,16999.00
571,Ahumada,Avene Protector Solar Cleanance SPF 50+ Pieles Grasas Con Imperfecciones x 50 mL,85655,19799.00,19799.00
572,Ahumada,Avene Agua Micelar Cleanace Para Pieles Grasas Con Imperfecciones x 400 mL,86521,16999.00,16999.00
573,Ahumada,Avene Protector Solar Cleanance SPF 50+ Pieles Grasas Con Imperfecciones x 50 mL,85655,19799.00,19799.00
574,Ahumada,Ducray Tratamiento Anacaps Activ+ x 30 C\u00e1psulas,80526,17999.00,17999.00
575,Ahumada,Mustela Shampoo Suave x 200 mL,88585,6349.00,6349.00
576,Ahumada,Mam Chupete Silicona Night 6 O Mas Meses x 2 Unidades,67973,12099.00,12099.00
577,Ahumada,Pa\u00f1al babysec super premium Grande 68 Unidades,88969,23299.00,23299.00
578,Ahumada,Corega Ultra Tableta Efervescente Limpieza De Proteccion x 30 Unidades,79389,6499.00,6499.00
579,Ahumada,Pepsodent Pack Cepillo Dental Double Clean Suave x 1 Pack,83738,2199.00,2199.00
580,Ahumada,Huggies Pa\u00f1al Natural Care P x 34 Unidades,87431,9599.00,9599.00
581,Ahumada,Petrizzio Hidrashock Crema De Dia x 50 g,86972,4199.00,4199.00
582,Ahumada,Loreal Crema Hidra Total 5 Colageno 35 x 50 mL,82003,5399.00,5399.00
583,Ahumada,Cachantun Bebida Botella Gasificada x 500 mL,17448,1149.00,1149.00
584,Ahumada,NIVEA NATURALLY GOOD CREMA FACIAL ALOE VERA 50ml,88859,5199.00,5199.00
585,Ahumada,Millefiori Cera Depilatoria Ba\u00f1o Mar\u00eda Detox x 200 g,87371,6199.00,6199.00
586,Ahumada,hidratante facial neutrogena\u00ae hydro boost\u00ae water gel x 50 gr.,83466,10649.00,10649.00
587,Ahumada,Avene Gel De Limpieza Cara Y Cuerpo Cleanance x 400 mL,85654,18699.00,18699.00
588,Ahumada,Uriage Desodorante Roll On Power3 x 50 mL,87649,9499.00,9499.00
589,Ahumada,Nutrisse Cor Intensa Tintura 8.1 Rubio Claro Ceniza x 1 Unidad,72894019,2899.00,2899.00
590,Ahumada,Vichy Liftactiv H.A Epidermic Filler,89074,33699.00,33699.00
591,Ahumada,Hask Acondicionador Coconut Revitalizador E Hidratante x 355 mL,84469002,7999.00,7999.00
592,Ahumada,Maybelline M\u00e1scara De Pesta\u00f1as Big Shot Waterproof x 9 mL,83713002,8499.00,8499.00
593,Ahumada,Piero Butti Fragancia For Men x 100 mL,68116,11499.00,11499.00
594,Ahumada,"EDT.ETIENNE 100ML, ROSE",87377002,13549.00,13549.00
595,Ahumada,L'Or\u00e9al Paris Infallible 24HR 2-Step Lipstick 115 Infinitely Mocha x 1 Unidad,88359005,7499.00,7499.00
596,Ahumada,Bisolvon Infantil 4 mg\/5 mL x 120 mL Jarabe,301,7095.00,7095.00
597,Ahumada,N/A,N/A,N/A,N/A
598,Ahumada,N/A,N/A,N/A,N/A
599,Ahumada,N/A,N/A,N/A,N/A
600,Ahumada,N/A,N/A,N/A,N/A
601,Ahumada,Gesidol Infantil 100 mg\/mL x 15 mL Solucion para Gotas Orales,88023,3995.00,3995.00
602,Ahumada,N/A,N/A,N/A,N/A
603,Ahumada,N/A,N/A,N/A,N/A
604,Ahumada,Colgate Pasta Dental Alivio Repara Esmalte x 110 g,77650,6699.00,6699.00
605,Ahumada,Pilexil Champu Anticaida x 300 mL Shampoo,75237,20995.00,20995.00
606,Ahumada,SunVitLife Cranberry Plus x 60 C\u00e1psulas,84252,10795.00,10795.00
607,Ahumada,Cetaphil Loci\u00f3n Humectante x 473 mL,50093,29999.00,29999.00
608,Ahumada,Plenitud Pa\u00f1al Desechable Adulto Protect G x 22 Unidades,82507,18895.00,18895.00
609,Ahumada,N/A,N/A,N/A,N/A
610,Ahumada,Omega Up Vegano Dha 530 Mg X 30 Capsulas,89064,21995.00,21995.00
611,Ahumada,Probiotix Hp High Potency 30 Capsulas 12 Cepas 50 Billones Ufc,89062,28495.00,28495.00
612,Ahumada,No 7 Serum Cara Y Cuello Restore & Renew x 75 g,85076,23299.00,23299.00
613,Ahumada,Maybelline Corrector Ojos Eraser 6 Neutral x 6 mL,85308006,5699.00,5699.00
614,Ahumada,Maybelline Corrector Ojos Eraser 6 Neutral x 6 mL,85308006,5699.00,5699.00
615,Ahumada,Avene Gel De Limpieza Cara Y Cuerpo Cleanance x 400 mL,85654,18699.00,18699.00
616,Ahumada,FLUIDO FACIAL MATIFICANTE EUCERIN DERMOPURE 50 ML,72419,16499.00,16499.00
617,Ahumada,Revie Shampoo Regeneraci\u00f3n Profunda 350ml,89015,4799.00,4799.00
618,Ahumada,Sensodyne Pasta Dental Sensibilidad Y Encias x 100 G,88708,6599.00,6599.00
619,Ahumada,Similac Formula Etapa 3 x 900 g,77922,12599.00,12599.00
620,Ahumada,Pa\u00f1al babysec super premium Grande 68 Unidades,88969,23299.00,23299.00
621,Ahumada,N/A,N/A,N/A,N/A
622,Ahumada,BABY BA\u00d1O & SHAMPOO EUCERIN  400 ML,82079,16099.00,16099.00
623,Ahumada,N/A,N/A,N/A,N/A
624,Ahumada,Pampers Pa\u00f1al Recien Nacido RN x 36 Unidades,71096,9599.00,9599.00
625,Ahumada,Similac Formula Etapa 3 x 900 g,77922,12599.00,12599.00
626,Ahumada,Nan Formula Optipro Etapa 3 Tarro x 800 g,67140,13099.00,13099.00
627,Ahumada,Avent Mamadera Natural x 260 mL,40922,11199.00,11199.00
628,Ahumada,Rexona Desodorante Clinical Soft Solid Men x 48 g,64466,5499.00,5499.00
629,Ahumada,Anthelios Age Correct Fps 50 La Roche Posay 50ml,89341,21899.00,21899.00
630,Ahumada,N/A,N/A,N/A,N/A
631,Ahumada,N/A,N/A,N/A,N/A
632,Ahumada,"PACK JAB.BARRA DETTOL 3X80GR, ORIGINAL",76189001,2699.00,2699.00
633,Ahumada,Always Toalla Higienica Ultrafina Con Alas x 24 Unidades,68319,3299.00,3299.00
634,Ahumada,DESODORANTE SPRAY NIVEA INVISIBLE BLACK & WHITE CLEAR 150ML,70526,2999.00,2999.00
635,Ahumada,Dove Men Desodorante Spray Invisible Dry x 151 mL,76145,3549.00,3549.00
636,Ahumada,Rexona Desodorante Clinical Soft Solid Men x 48 g,64466,5499.00,5499.00
637,Ahumada,Axe Desodorante Spray Marine x 150 mL,79343002,3149.00,3149.00
638,Ahumada,Gillette Repuesto Mach3 x 4 Unidades,16546,10099.00,10099.00
639,Ahumada,Gillette Repuesto Mach3 x 4 Unidades,16546,10099.00,10099.00
640,Ahumada,Crema Facial Antiarrugas Eucerin Hyaluron-FILLER Noche 50 ML,50705,29599.00,29599.00
641,Ahumada,ACONDICIONADOR ORIGINAL REMEDIES 250 ML ELIX. DE ARGAN,89144,5399.00,5399.00
642,Ahumada,Pantene Acondionador Brillo Extremo x 400 mL,32006010,4199.00,4199.00
643,Ahumada,Head & Shoulders Pack Shampoo Limpieza Renovadora 375 mL x 2 Unidades,81445,6299.00,6299.00
644,Ahumada,Crema Facial Antiarrugas Eucerin Hyaluron-FILLER Noche 50 ML,50705,29599.00,29599.00
645,Ahumada,Vichy Crema Neovadiol Phytosculpt Contorno Cara Y Cuello x 50 mL,86890,28899.00,28899.00
646,Ahumada,Crema Facial Antiarrugas Eucerin Hyaluron-FILLER Noche 50 ML,50705,29599.00,29599.00
647,Ahumada,Crema Facial Antiarrugas Eucerin Hyaluron-FILLER Noche 50 ML,50705,29599.00,29599.00
648,Ahumada,Vichy Crema Neovadiol Phytosculpt Contorno Cara Y Cuello x 50 mL,86890,28899.00,28899.00
649,Ahumada,N/A,N/A,N/A,N/A
650,Ahumada,Anthelios Age Correct Fps 50 La Roche Posay 50ml,89341,21899.00,21899.00
651,Ahumada,Sensodyne Pasta Dental Sensibilidad Y Encias Blanqueador x 100 G,88709,6599.00,6599.00
652,Ahumada,lubriderm\u00ae reparaci\u00f3n intensiva x 750 ml,84481,8399.00,8399.00
653,Ahumada,Sensodyne Pasta Dental Proteccion Blanqueadora x 100 g,75270,6599.00,6599.00
654,Ahumada,N/A,N/A,N/A,N/A
655,Ahumada,N/A,N/A,N/A,N/A
656,Ahumada,N/A,N/A,N/A,N/A
657,Ahumada,N/A,N/A,N/A,N/A
658,Ahumada,N/A,N/A,N/A,N/A
659,Ahumada,N/A,N/A,N/A,N/A
660,Ahumada,N/A,N/A,N/A,N/A
661,Ahumada,N/A,N/A,N/A,N/A
662,Ahumada,N/A,N/A,N/A,N/A
663,Ahumada,N/A,N/A,N/A,N/A
664,Ahumada,N/A,N/A,N/A,N/A
665,Ahumada,N/A,N/A,N/A,N/A
666,Ahumada,N/A,N/A,N/A,N/A
667,Ahumada,N/A,N/A,N/A,N/A
668,Ahumada,N/A,N/A,N/A,N/A
669,Ahumada,PREBIOTIX 30 SACHET,89758,14995.00,14995.00
670,Ahumada,N/A,N/A,N/A,N/A
671,Ahumada,N/A,N/A,N/A,N/A
672,Ahumada,N/A,N/A,N/A,N/A
673,Ahumada,N/A,N/A,N/A,N/A
674,Ahumada,N/A,N/A,N/A,N/A
675,Ahumada,N/A,N/A,N/A,N/A
676,Ahumada,N/A,N/A,N/A,N/A
677,Ahumada,Gel De Limpieza Hidratante Revitalift \u00c1cido Hialur\u00f3nico,89817,5299.00,5299.00
678,Ahumada,YES! OHH YESS GEL LUBRICANTE 40ML.,90030,8095.00,8095.00
679,Ahumada,YES! OHH YESS GEL LUBRICANTE 40ML.,90030,8095.00,8095.00
680,Ahumada,N/A,N/A,N/A,N/A
681,Ahumada,N/A,N/A,N/A,N/A
682,Ahumada,N/A,N/A,N/A,N/A
683,Ahumada,N/A,N/A,N/A,N/A
684,Ahumada,N/A,N/A,N/A,N/A
685,Ahumada,EST.LUBRIDERM CREMA 200+CP120,69571,5449.00,5449.00
686,Ahumada,Mascarilla 3ply Elite 20un,89370,4995.00,4995.00
687,Ahumada,enjuague bucal listerine\u00ae cool mint zero alcohol x 1 lt,76374,7799.00,7799.00
688,Ahumada,Xeros Pasta Dental Manzana x 75 mL,85431,5699.00,5699.00
689,Ahumada,Elmex Enjuague Bucal Anticaries x 400 mL,87643,7799.00,7799.00
690,Ahumada,Elmex Enjuague Bucal Anticaries x 400 mL,87643,7799.00,7799.00
691,Ahumada,N/A,N/A,N/A,N/A
692,Ahumada,Oral B Cepillo Dental Expert Suave Ultrafino x 1 Unidad,88726,4299.00,4299.00
693,Ahumada,Elmex Enjuague Bucal Sensitive x 400 mL,87645,7799.00,7799.00
694,Ahumada,Vitis Pasta Dental Sensible x 100 mL,80505,5249.00,5249.00
695,Ahumada,Curaprox Cepillo Dental Ultra Soft x 1 Unidad,66934,4999.00,4999.00
696,Ahumada,Colgate Pasta Dental Alivio Repara Esmalte x 110 g,77650,6699.00,6699.00
697,Ahumada,Elmex Enjuague Bucal Sensitive x 400 mL,87645,7799.00,7799.00
698,Ahumada,"Oralgene 0,12 % Colutorio x 500 mL",15357,10999.00,10999.00
699,Ahumada,Colgate Pasta Dental Periogard x 90 g,85356,5999.00,5999.00
700,Ahumada,Sensodyne Pasta Dental Proteccion Blanqueadora x 100 g,75270,6599.00,6599.00
701,Ahumada,PHB Cepillo Dental Super 8 Medio x 1 Unidad,11618,4449.00,4449.00
702,Ahumada,Vitis Sonic Cepillo Dental S10 El\u00e9ctrico x 1 Unidad,86845,42999.00,42999.00
703,Ahumada,Vitis Sonic Cepillo Dental S10 El\u00e9ctrico x 1 Unidad,86845,42999.00,42999.00
704,Ahumada,Aquafresh Cepillo Dental Little Teeth x 1 Unidad,79179,3649.00,3649.00
705,Ahumada,Aquafresh Cepillo Dental Little Teeth x 1 Unidad,79179,3649.00,3649.00
706,Ahumada,Colgate Pasta Dental Liga De La Justicia x 100 g,86566,3049.00,3049.00
707,Ahumada,DESMAQUILLANTE DE OJOS BIFASICO NIVEA 125ML,70601,5199.00,5199.00
708,Ahumada,Crema Facial Antiarrugas Eucerin Hyaluron-FILLER Noche 50 ML,50705,29599.00,29599.00
709,Ahumada,reach\u00ae hilo dental expansion plus menta ,23048,4599.00,4599.00
710,Ahumada,Colgate Pasta Dental Charcoal Naturals Extracts x 90 g,87241,3299.00,3299.00
711,Ahumada,Similac Formula Etapa 3 x 900 g,77922,12599.00,12599.00
712,Ahumada,enjuague bucal listerine\u00ae cuidado total x 500 ml,63732,7499.00,7499.00
713,Ahumada,Oral B Cepillo Dental Expert Suave Ultrafino x 1 Unidad,88726,4299.00,4299.00
714,Ahumada,Cerave Crema Hidratante Piel Seca x 454 mL,85463,15199.00,15199.00
715,Ahumada,Phb Cepillo Dental Plus Orthodontic x 1 Unidad,85186,4299.00,4299.00
716,Ahumada,La Roche Posay Serum Retinol B3 x 30 mL,87901,37199.00,37199.00
717,Ahumada,Vichy Liftactiv H.A Epidermic Filler,89074,33699.00,33699.00
718,Ahumada,N/A,N/A,N/A,N/A
719,Ahumada,Pa\u00f1al babysec super premium Grande 68 Unidades,88969,23299.00,23299.00
720,Ahumada,BABY BA\u00d1O & SHAMPOO EUCERIN  400 ML,82079,16099.00,16099.00
721,Ahumada,N/A,N/A,N/A,N/A
722,Ahumada,Pampers Pa\u00f1al Recien Nacido RN x 36 Unidades,71096,9599.00,9599.00
723,Ahumada,Avent Mamadera Natural x 260 mL,40922,11199.00,11199.00
724,Ahumada,Pepsodent Pasta Dental Integral 18 Herbal Gum Care x 75 mL,87019,2199.00,2199.00
725,Ahumada,"PACK JAB.BARRA DETTOL 3X80GR, ORIGINAL",76189001,2699.00,2699.00
726,Ahumada,Always Toalla Higienica Ultrafina Con Alas x 24 Unidades,68319,3299.00,3299.00
727,Ahumada,DESODORANTE SPRAY NIVEA INVISIBLE BLACK & WHITE CLEAR 150ML,70526,2999.00,2999.00
728,Ahumada,Dove Men Desodorante Spray Invisible Dry x 151 mL,76145,3549.00,3549.00
729,Ahumada,Rexona Desodorante Clinical Soft Solid Men x 48 g,64466,5499.00,5499.00
730,Ahumada,Axe Desodorante Spray Marine x 150 mL,79343002,3149.00,3149.00
731,Ahumada,ACONDICIONADOR ORIGINAL REMEDIES 250 ML ELIX. DE ARGAN,89144,5399.00,5399.00
732,Ahumada,Pantene Acondionador Brillo Extremo x 400 mL,32006010,4199.00,4199.00
733,Ahumada,Head & Shoulders Pack Shampoo Limpieza Renovadora 375 mL x 2 Unidades,81445,6299.00,6299.00
734,Ahumada,Crema Facial Antiarrugas Eucerin Hyaluron-FILLER Noche 50 ML,50705,29599.00,29599.00
735,Ahumada,Vichy Crema Neovadiol Phytosculpt Contorno Cara Y Cuello x 50 mL,86890,28899.00,28899.00
736,Ahumada,XRAY COLAGENO HIDROLIZADO 60 COMPRIMIDOS,89096,32995.00,32995.00
737,Ahumada,Pilexil Champu Anticaida x 300 mL Shampoo,75237,20995.00,20995.00
738,Ahumada,N/A,N/A,N/A,N/A
739,Ahumada,Durex Sensitivo Ultra Delgado x 3 Unidades,78953,4945.00,4945.00
740,Ahumada,"Centrum Mujer, multivitam\u00ednico, frasco x30 comprimidos",81111,14995.00,14995.00
741,Ahumada,Pharmaton Omega 50+ x 30 C\u00e1psulas,87832,16195.00,16195.00
742,Ahumada,Tapsin Compuesto Dia 5 g x 1 Sobre Polvo Para Soluci\u00f3n Oral,9235,745.00,745.00
743,Ahumada,Always Toalla Higienica Ultrafina Con Alas x 24 Unidades,68319,3299.00,3299.00
744,Ahumada,Pa\u00f1al babysec super premium Grande 68 Unidades,88969,23299.00,23299.00
745,Ahumada,Avene Serum DermAbsolu x 30 mL,86552,34499.00,34499.00
746,Ahumada,Bi-O Desodorante Spray Clarify Femenino x 150 mL,66676,3099.00,3099.00
747,Ahumada,"SHAMP.BIOXSINE 300ML,FORT.REGENE.A.CAIDA",76094,20299.00,20299.00
748,Ahumada,"Burts Bees Balsamo Labial Strawberry x 4,25 g",84657009,3799.00,3799.00
749,Ahumada,Casting Tintura Creme Gloss 300 Casta\u00f1o x 1 Unidad,62036018,6999.00,6999.00
750,Ahumada,Colgate Pasta Dental Luminous Charcoal x 90 g,87971,3499.00,3499.00
751,Ahumada,Colgate Pack Enjuague Ice Plax Infinity 500 mL + 180 mL x 1 Pack,87969,8749.00,8749.00
752,Ahumada,Corega Ultra Crema Sin Sabor x 20 g,70547,6499.00,6499.00
753,Ahumada,Dove Jab\u00f3n L\u00edquido Cremoso Karit\u00e9 Recarga Conveniente x 700 mL,84485,3499.00,3499.00
754,Ahumada,Eminence Fragancia Sport Con Atomizador x 100 mL,19310,8899.00,8899.00
755,Ahumada,Garnier Agua Micelar Express Aclara x 400 mL,87858001,4999.00,4999.00
756,Ahumada,Garnier Crema Hidratante Natural Aloe Vera x 50 mL,87410001,3799.00,3799.00
757,Ahumada,N/A,N/A,N/A,N/A
758,Ahumada,Le Sancy Pack Jabon Avena Y Aceite De Almendras 150 g x 1 Pack,75198002,2799.00,2799.00
759,Ahumada,enjuague bucal listerine\u00ae cool mint zero alcohol x 1 lt,76374,7799.00,7799.00
760,Ahumada,Millionaire Eau de Toilette Red Edition x 95 mL,81997,10999.00,10999.00
761,Ahumada,Mustela Gel De Ba\u00f1o x 500 mL,88586,9399.00,9399.00
762,Ahumada,Naturaloe Shampoo Control Caida x 350 mL,84829002,7599.00,7599.00
763,Ahumada,neutrogena\u00ae desmaquillante de ojos bif\u00e1sico x 162 ml,50654,6799.00,6799.00
764,Ahumada,Nido Leche En Polvo Etapa 1 Tarro x 1600 g,1551,15399.00,15399.00
765,Ahumada,TOALLITAS DESMAQUILLANTES SUAVES NIVEA PIEL SECA 25UDS,37880,2699.00,2699.00
766,Ahumada,No 7 Crema Early Defence Noche x 50 mL,81302,22999.00,22999.00
767,Ahumada,N/A,N/A,N/A,N/A
768,Ahumada,Petrizzio Toallitas Desmaquillantes Hidrashock x 25 Unidades,86982001,1699.00,1699.00
769,Ahumada,Pielarmina Body Crema Nutritiva Intensiva Con Avena Y Karite x 350 mL,84210002,3799.00,3799.00
770,Ahumada,Pigeon Aspirador Nasal Con Deposito x 1 Unidad,86875,11999.00,11999.00
771,Ahumada,Sedal Crema Para Peinar Rizos Definidos x 300 mL,81782,2399.00,2399.00
772,Ahumada,St Ives Crema Avena Y Karite x 1000 mL,68120,7399.00,7399.00
773,Ahumada,N/A,N/A,N/A,N/A
774,Ahumada,Xeros Pasta Dental Manzana x 75 mL,85431,5699.00,5699.00
775,Ahumada,N/A,N/A,N/A,N/A
776,Ahumada,"Centrum Mujer, multivitam\u00ednico, frasco x30 comprimidos",81111,14995.00,14995.00
777,Ahumada,Suerox Bebida Naranja x 630 mL,87943,2645.00,2645.00
778,Ahumada,Paltomiel Adulto x 200 mL Jarabe,46668,5545.00,5545.00
779,Ahumada,Plenitud Pa\u00f1al Desechable Adulto Protect G x 22 Unidades,82507,18895.00,18895.00
780,Ahumada,Natuvit Caramelo Propoleo x 10 Comprimidos,49014,1495.00,1495.00
781,Ahumada,N/A,N/A,N/A,N/A
782,Ahumada,N/A,N/A,N/A,N/A
783,Ahumada,Plenitud Pa\u00f1al Desechable Adulto Protect G x 22 Unidades,82507,18895.00,18895.00
784,Ahumada,N/A,N/A,N/A,N/A
785,Ahumada,Caristop 5000 Pasta Dental x 51 g,68059,8499.00,8499.00
786,Ahumada,N/A,N/A,N/A,N/A
787,Ahumada,enjuague bucal listerine\u00ae cuidado total x 500 ml,63732,7499.00,7499.00
788,Ahumada,"Oralgene 0,12 % Colutorio x 500 mL",15357,10999.00,10999.00
789,Ahumada,Oral B Pasta Dental Detox Deep Clean x 102 g,86409,5499.00,5499.00
790,Ahumada,Vitis Cepillo Dental Medio Con Pasta Blanqueadora 20 g x 2 Unidades,78377,4549.00,4549.00
791,Ahumada,UNG\u00dcENTO REPARADOR EUCERIN AQUAPHOR 50 ML,68121,10199.00,10199.00
792,Ahumada,FLUIDO FACIAL MATIFICANTE EUCERIN DERMOPURE 50 ML,72419,16499.00,16499.00
793,Ahumada,N/A,N/A,N/A,N/A
794,Ahumada,N/A,N/A,N/A,N/A
795,Ahumada,Colgate Cepillo Dental Slimsoft Black x 2 Unidades,78550,4349.00,4349.00
796,Ahumada,N/A,N/A,N/A,N/A
797,Ahumada,N/A,N/A,N/A,N/A
798,Ahumada,Iprasynt Aerosol Para Inhalaci\u00bfN 20 Mcg,89407,10995.00,10995.00
799,Ahumada,Iprasynt Aerosol Para Inhalaci\u00bfN 20 Mcg,89407,10995.00,10995.00
800,Ahumada,Protector Solar Vichy Capital Soleil Uv Age Fpd 50 40ml,89289,21799.00,21799.00
801,Ahumada,Ducray Acondicionador Anaphase+ Fuerza x 200 mL,84819,11799.00,11799.00
802,Ahumada,BABY BA\u00d1O & SHAMPOO EUCERIN  400 ML,82079,16099.00,16099.00
803,Ahumada,EUCERIN ATOPI CONTROL BALSAMO TEXTURA LIGERA 400ML,89419,24999.00,24999.00
804,Ahumada,Crema Facial Antiarrugas Eucerin Hyaluron-FILLER Noche 50 ML,50705,29599.00,29599.00
805,Ahumada,Perfume Mediterr\u00e1neo 200ml Edici\u00f3n Limitada ,69159,18399.00,18399.00
806,Ahumada,GEL DE DUCHA NIVEA ACTIVE CLEAN 250ML DEEP,88120,2949.00,2949.00
807,Ahumada,"Loreal Serum Rellenador Revitalift 1,5% \u00c1cido Hialur\u00f3nico x 30 mL",87900001,11999.00,11999.00
808,Ahumada,Vichy Crema Neovadiol Phytosculpt Contorno Cara Y Cuello x 50 mL,86890,28899.00,28899.00
809,Ahumada,Elixir Anti-Arrugas Q10 Power NIVEA 30ML,87398,12499.00,12499.00
810,Ahumada,Avene Gel De Limpieza Cara Y Cuerpo Cleanance x 400 mL,85654,18699.00,18699.00
811,Ahumada,Gillette Repuesto Mach3 x 4 Unidades,16546,10099.00,10099.00
812,Ahumada,Avent Mamadera Natural x 260 mL,40922,11199.00,11199.00
813,Ahumada,Huggies Pa\u00f1al Natural Care P x 34 Unidades,87431,9599.00,9599.00
814,Ahumada,Pantene Tratamiento Oleo Capilar x 95 mL,87373,5999.00,5999.00
815,Ahumada,Nan Formula Optipro Etapa 3 Tarro x 800 g,67140,13099.00,13099.00
816,Ahumada,Pampers Pa\u00f1al Premium Care M 6-10 kg x 86 Unidades,86618,24699.00,24699.00
817,Ahumada,Protector Solar Vichy Capital Soleil Uv Age Fpd 50 40ml,89289,21799.00,21799.00
818,Ahumada,La Roche Posay Protector Anthielios Shaka Fluide FPS +50 x 50 mL,87025,21699.00,21699.00
819,Ahumada,Maybelline M\u00e1scara De Pesta\u00f1as Big Shot Waterproof x 9 mL,83713002,8499.00,8499.00
820,Ahumada,"L'Or\u00e9al Paris Delineador Liquido Superliner Flash Cat Eye x 2,8 g",87565,7099.00,7099.00
821,Ahumada,"Loreal Serum Rellenador Revitalift 1,5% \u00c1cido Hialur\u00f3nico x 30 mL",87900001,11999.00,11999.00
822,Ahumada,Loreal Crema Men Expert Rostro Hydra Energetic x 50 mL,88108,8399.00,8399.00
823,Ahumada,Elvive Tratamiento Capilar Tratamiento Total 5 x 300 g,73296001,4199.00,4199.00
824,Ahumada,Excellence Tintura 7.11 Rubio Ceniza Profundo x 1 Unidad,32410022,7499.00,7499.00
825,Ahumada,Loreal Retocador De Raiz Magic Retouch Casta\u00f1o Claro x 75 g,82166002,8999.00,8999.00
826,Ahumada,L'Oreal Tintura Men Expert Excell 5 Tono 4 x 134 g,87991003,11399.00,11399.00
827,Ahumada,Garnier Loci\u00f3n Micelar En Aceite x 400 mL,83567,6499.00,6499.00
828,Ahumada,Fructis Acondicionador Aloe Hidra Bomb x 350 mL,32017016,3199.00,3199.00
829,Ahumada,Fructis Mascara Hair Food Aloe Vera x 350 mL,87591,4499.00,4499.00
830,Ahumada,Shampoo Original Remedies 300 Ml Delicatesse Avena,89150,5499.00,5499.00
831,Ahumada,Bi-O Desodorante Roll On Clarify Femenino x 50 mL,66679,3049.00,3049.00
832,Ahumada,Nutrisse Tintura 4.0 Casta\u00f1o Profundo x 1 Unidad,32409005,6099.00,6099.00
833,Ahumada,Nutrisse Cor Intensa Tintura 8.1 Rubio Claro Ceniza x 1 Unidad,72894019,2899.00,2899.00
834,Ahumada,Bi-O Desodorante Roll On Clarify Femenino x 50 mL,66679,3049.00,3049.00
835,Ahumada,Elvive Tratamiento Capilar Tratamiento Total 5 x 300 g,73296001,4199.00,4199.00
836,Ahumada,N/A,N/A,N/A,N/A
837,Ahumada,N/A,N/A,N/A,N/A
838,Ahumada,N/A,N/A,N/A,N/A
839,Ahumada,N/A,N/A,N/A,N/A
840,Ahumada,Budesynt Aerosol Para Inhalaci\u00bfN 200mcg,89405,8795.00,8795.00
841,Ahumada,Budesynt Aerosol Para Inhalaci\u00bfN 200mcg,89405,8795.00,8795.00
842,Ahumada,N/A,N/A,N/A,N/A
843,Ahumada,Avene Protector Solar Flu\u00eddo Sin Color Ultra-Matificante 50 + x 50 mL,85657,18999.00,18999.00
844,Ahumada,Avene Protector Solar Flu\u00eddo Sin Color Ultra-Matificante 50 + x 50 mL,85657,18999.00,18999.00
845,Ahumada,Cerave Crema Hidratante Piel Seca x 454 mL,85463,15199.00,15199.00
846,Ahumada,N/A,N/A,N/A,N/A
847,Ahumada,Vichy Liftactiv H.A Epidermic Filler,89074,33699.00,33699.00
848,Ahumada,Crema Facial Antiarrugas Eucerin Hyaluron-FILLER Noche 50 ML,50705,29599.00,29599.00
849,Ahumada,Cerave Loci\u00f3n Hidratante Piel Seca A Muy Seca x 473 mL,85379,13699.00,13699.00
850,Ahumada,Multi Oil USA x 120 C\u00e1psulas,28986,12995.00,12995.00
851,Ahumada,NIVEA NATURALLY GOOD CREMA FACIAL ALOE VERA 50ml,88859,5199.00,5199.00
852,Ahumada,Cerave Loci\u00f3n Hidratante Piel Seca A Muy Seca x 473 mL,85379,13699.00,13699.00
853,Ahumada,Vichy Liftactiv H.A Epidermic Filler,89074,33699.00,33699.00
854,Ahumada,Cerave Loci\u00f3n Hidratante Piel Seca A Muy Seca x 473 mL,85379,13699.00,13699.00
855,Ahumada,Avene Agua Termal Spray x 300 mL,17793,15899.00,15899.00
856,Ahumada,La Roche Posay Serum Retinol B3 x 30 mL,87901,37199.00,37199.00
857,Ahumada,Pack T\u00edo Nacho Shampoo + Acondicionador Herbolaria Milenaria 415 Ml,82650,11999.00,11999.00
858,Ahumada,Gillette Maquina De Afeitar Prestobarba 3 x 6 Unidades,84733,6999.00,6999.00
859,Ahumada,Progress Formula Gold Tarro x 900 g,49481,14949.00,14949.00
860,Ahumada,Pampers Pa\u00f1al Premium Care P x 36 Unidades,83207001,9599.00,9599.00
861,Ahumada,N/A,N/A,N/A,N/A
862,Ahumada,Colgate Cepillo Dental Slimsoft Black x 2 Unidades,78550,4349.00,4349.00
863,Ahumada,La Roche Posay Serum Retinol B3 x 30 mL,87901,37199.00,37199.00
864,Ahumada,Gelicart Colageno Hidrolizado x 30 Sobres,73419,25695.00,25695.00
865,Ahumada,Cerave Crema Hidratante Piel Seca x 454 mL,85463,15199.00,15199.00
866,Ahumada,Aquafresh Cepillo Dental Little Teeth x 1 Unidad,79179,3649.00,3649.00
867,Ahumada,Loreal M\u00e1scara Pesta\u00f1as Volume Lash Paradise Waterproof x 1 Unidad,83930002,9599.00,9599.00
868,Ahumada,"Burts Bees Balsamo Labial Strawberry x 4,25 g",84657009,3799.00,3799.00
869,Ahumada,Contorno De Ojos Gel Boots Vit C 15 Ml,88540,3349.00,3349.00
870,Ahumada,Maybelline M\u00e1scara De Pesta\u00f1as Big Shot Waterproof x 9 mL,83713002,8499.00,8499.00
871,Ahumada,Pointts x 80 mL Spray,65453,34495.00,34495.00
872,Ahumada,"Loreal Serum Rellenador Revitalift 1,5% \u00c1cido Hialur\u00f3nico x 30 mL",87900001,11999.00,11999.00
873,Ahumada,Fructis Mascara Hair Food Aloe Vera x 350 mL,87591,4499.00,4499.00
874,Ahumada,Nutrisse Cor Intensa Tintura 8.1 Rubio Claro Ceniza x 1 Unidad,72894019,2899.00,2899.00
875,Ahumada,Bi-O Desodorante Roll On Clarify Femenino x 50 mL,66679,3049.00,3049.00
876,Ahumada,"Loreal Serum Rellenador Revitalift 1,5% \u00c1cido Hialur\u00f3nico x 30 mL",87900001,11999.00,11999.00
877,Ahumada,Isdin Fotoprotector Fusion Water Sin Color SPF 50 Daily Protection x 50 mL,88481,19299.00,19299.00
878,Ahumada,Isdin Fotoprotector Fusion Water Sin Color SPF 50 Daily Protection x 50 mL,88481,19299.00,19299.00
879,Ahumada,Diavital Probi Kln 30 Cap,89251,18995.00,18995.00
880,Ahumada,No 7 Base Con Serum Lift & Luminate Calico x 30 mL,85078001,28599.00,28599.00
881,Ahumada,No 7 Base Con Serum Lift & Luminate Calico x 30 mL,85078001,28599.00,28599.00
882,Ahumada,Probiflora Kids x 30 Sobres,83432,10495.00,10495.00
883,Ahumada,hidratante facial neutrogena\u00ae hydro boost\u00ae water gel fps 25 x 55 gr.,84836,10649.00,10649.00
884,Ahumada,Cicatricure Crema Gold Lift D\u00eda x 50 g,86980,21099.00,21099.00
885,Ahumada,Durex Clasico x 12 Unidades,78973,10995.00,10995.00
886,Ahumada,Similac Formula Etapa 3 x 900 g,77922,12599.00,12599.00
887,Ahumada,Bion 3 x 30 Comprimidos Recubiertos,38354,10795.00,10795.00
888,Ahumada,Diavital Probi Kln 30 Cap,89251,18995.00,18995.00
889,Ahumada,XRAY COLAGENO HIDROLIZADO 60 COMPRIMIDOS,89096,32995.00,32995.00
890,Ahumada,Antonio Banderas Eau de Toilette King Of Seduction For Men Con Atomizador x 200 mL,86969,25999.00,25999.00
891,Ahumada,Vichy Serum Mineral 89 x 50 mL,83549,25099.00,25099.00
892,Ahumada,Vichy Tratamiento Normaderm Phytosolution Doble Acci\u00f3n x 50 mL,87021,20399.00,20399.00
893,Ahumada,Vichy Liftactiv H.A Epidermic Filler,89074,33699.00,33699.00
894,Ahumada,Vichy Shampoo Dercos Energizante Antica\u00ed\u00adda x 400 mL,82286,18699.00,18699.00
895,Ahumada,Vichy Purete Thermal 3 en 1 Loci\u00f3n Desmaquillante x 200 mL,12461,14399.00,14399.00
896,Ahumada,Protector Solar Vichy Capital Soleil Uv Age Fpd 50 40ml,89289,21799.00,21799.00
897,Ahumada,La Roche Posay Gel Effaclar x 400 mL,77546,18999.00,18999.00
898,Ahumada,La Roche Posay Serum Retinol B3 x 30 mL,87901,37199.00,37199.00
899,Ahumada,La Roche-Posay Lipikar Baume AP+M Tratamiento Relipidizante Para Pieles Secas Y At\u00f3picas x 400 mL,88124,27399.00,27399.00
900,Ahumada,La Roche Posay Crema Toleriane Sensitive x 40 mL,85016,18899.00,18899.00
901,Ahumada,La Roche Posay Gel Effaclar Microexfoliante x 400 mL,87861,20499.00,20499.00
902,Ahumada,La Roche Posay Protector Anthielios Shaka Fluide FPS +50 x 50 mL,87025,21699.00,21699.00
903,Ahumada,La Roche Posay Protector Solar Anthelios Xl Gel Crema Toque Seco Con Color Fps50 x 50 mL,82402,19999.00,19999.00
904,Ahumada,La Roche Posay Anthelios Mineral One 50+ T04 x 30 mL,87918,19799.00,19799.00
905,Ahumada,La Roche Posay Protector Anthielios Shaka Fluide FPS +50 x 50 mL,87025,21699.00,21699.00
906,Ahumada,Maybelline M\u00e1scara De Pesta\u00f1as Big Shot Waterproof x 9 mL,83713002,8499.00,8499.00
907,Ahumada,Maybelline M\u00e1scara De Pesta\u00f1as Big Shot Waterproof x 9 mL,83713002,8499.00,8499.00
908,Ahumada,Anthelios Age Correct Fps 50 La Roche Posay 50ml,89341,21899.00,21899.00
909,Ahumada,enjuague bucal listerine\u00ae cool mint zero alcohol x 1 lt,76374,7799.00,7799.00
910,Ahumada,N/A,N/A,N/A,N/A
911,Ahumada,N/A,N/A,N/A,N/A
912,Ahumada,N/A,N/A,N/A,N/A
913,Ahumada,Pointts x 80 mL Spray,65453,34495.00,34495.00
914,Ahumada,Enjuague Bucal Vitis Cpc Protect 500ml,89538,7199.00,7199.00
915,Ahumada,Cerave Crema Hidratante Piel Seca x 454 mL,85463,15199.00,15199.00
916,Ahumada,Cerave Crema Hidratante Piel Seca x 454 mL,85463,15199.00,15199.00
917,Ahumada,NIVEA NATURALLY GOOD CREMA FACIAL ALOE VERA 50ml,88859,5199.00,5199.00
918,Ahumada,Victoza 6 mg\/mL x 1 Dispositivo Prellenado Solucion Inyectable,74783,84595.00,84595.00
919,Ahumada,Cerave Crema Hidratante Piel Seca x 454 mL,85463,15199.00,15199.00
920,Ahumada,XRAY COLAGENO HIDROLIZADO 60 COMPRIMIDOS,89096,32995.00,32995.00
921,Ahumada,N/A,N/A,N/A,N/A
922,Ahumada,BABY BA\u00d1O & SHAMPOO EUCERIN  400 ML,82079,16099.00,16099.00
923,Ahumada,Huggies Pa\u00f1al Natural Care P x 34 Unidades,87431,9599.00,9599.00
924,Ahumada,La Roche Posay Serum Retinol B3 x 30 mL,87901,37199.00,37199.00
925,Ahumada,Uriage Tratamiento anti-acne Hyseac 3-Regul x 40 ml,87531,18799.00,18799.00
926,Ahumada,Isdin Espuma Acniben\u00ae Limpiador Purificante x 150 mL,63051,15199.00,15199.00
927,Ahumada,Pack T\u00edo Nacho Shampoo + Acondicionador Herbolaria Milenaria 415 Ml,82650,11999.00,11999.00
928,Ahumada,PHB Cepillo Dental Super 7 Duo Suave x 2 Unidades,79327,6849.00,6849.00
929,Ahumada,enjuague bucal listerine\u00ae cool mint zero alcohol x 1 lt,76374,7799.00,7799.00
930,Ahumada,Oral B Cepillo Dental El\u00e9ctrico Professional Care 5000 x 1 Unidad,84937,69999.00,69999.00
931,Ahumada,Cerave Crema Hidratante Piel Seca x 454 mL,85463,15199.00,15199.00
932,Ahumada,hidratante facial neutrogena\u00ae hydro boost\u00ae water gel fps 25 x 55 gr.,84836,10649.00,10649.00
933,Ahumada,Crema facial NIVEA Rose Care en Gel 50ml,88860,6899.00,6899.00
934,Ahumada,Cicatricure Crema Gold Lift D\u00eda x 50 g,86980,21099.00,21099.00
935,Ahumada,Crema Facial Antiarrugas Eucerin Hyaluron-FILLER Noche 50 ML,50705,29599.00,29599.00
936,Ahumada,GEL FACIAL EUCERIN HYALURON FILLER HYDRATING BOOSTER 30ML,87917,16099.00,16099.00
937,Ahumada,Cerave Crema Hidratante Piel Seca x 454 mL,85463,15199.00,15199.00
938,Ahumada,Similac Formula Etapa 3 x 900 g,77922,12599.00,12599.00
939,Ahumada,Cerave Crema Hidratante Piel Seca x 454 mL,85463,15199.00,15199.00
940,Ahumada,Gelicart Colageno Hidrolizado x 30 Sobres,73419,25695.00,25695.00
941,Ahumada,Cerave Crema Hidratante Piel Seca x 454 mL,85463,15199.00,15199.00
942,Ahumada,Crema Facial Antiarrugas Eucerin Hyaluron-FILLER Noche 50 ML,50705,29599.00,29599.00
943,Ahumada,TOA HIG.LADYSOFT NOCT ULTRA DELG.24U,88135,4749.00,4749.00
944,Ahumada,N/A,N/A,N/A,N/A
945,Ahumada,Multi Oil USA x 120 C\u00e1psulas,28986,12995.00,12995.00
946,Ahumada,Elmex Enjuague Bucal Sensitive x 400 mL,87645,7799.00,7799.00
947,Ahumada,Elmex Enjuague Bucal Sensitive x 400 mL,87645,7799.00,7799.00
948,Ahumada,Colgate Pasta Dental Alivio Repara Esmalte x 110 g,77650,6699.00,6699.00
949,Ahumada,Curaprox Cepillo Dental Ultra Soft x 1 Unidad,66934,4999.00,4999.00
950,Ahumada,Be Eco Cepillo Interdental x 6 Unidad,88056,4999.00,4999.00
951,Ahumada,Colgate Pasta Dental Alivio Repara Esmalte x 110 g,77650,6699.00,6699.00
952,Ahumada,N/A,N/A,N/A,N/A
953,Ahumada,Crema Gel Bari\u00e9derm-Cica Daily 40ml,89543,19799.00,19799.00
954,Ahumada,Crema Adhesiva Ultra Corega Maximo Sellado   70g,89536,16899.00,16899.00
